SMILES	Hansch pi	Hammett sigma p
[R]C	00001	0.76	-0.134
[R]O	00002	-0.045	-0.223
[R]F	00003	0.379	0.064
[R]c1ccccc1	00004	1.977	-0.028
[R]OC	00005	-0.013	-0.251
[R]Cl	00006	0.758	0.168
[R]N	00007	-0.738	-0.607
[R]CC	00008	1.157	-0.133
[R]C(O)=O	00009	-0.009	0.535
[R]C(F)(F)F	00010	1.176	0.459
[R]C(C)C	00011	1.487	-0.134
[R]Cc1ccccc1	00012	2.374	-0.112
[R]C#N	00013	0.329	0.402
[R]C(N)=O	00014	-0.873	0.394
[R]c1ccc(Cl)cc1	00015	2.495	0.051
[R]c1ccc(F)cc1	00016	2.117	0.029
[R]C(C)=O	00017	0.539	0.464
[R]Br	00018	1.032	0.241
[R]OCC	00019	0.33	-0.269
[R]C(C)(C)C	00020	1.92	-0.15
[R]CO	00021	-0.242	-0.06
[R]c1ccc(OC)cc1	00022	1.725	-0.076
[R]C1CC1	00023	0.983	-0.107
[R]N(C)C	00024	0.032	-0.653
[R]CC(C)C	00025	1.883	-0.136
[R]N1CCOCC1	00026	-0.311	-0.615
[R]N(=O)=O	00027	0.165	0.864
[R]CC(O)=O	00028	-0.076	-0.009
[R]CCC	00029	1.553	-0.131
[R]c1ccc(C)cc1	00030	2.445	-0.047
[R]C(=O)OC	00031	0.023	0.504
[R]C1CCCCC1	00032	2.172	-0.131
[R]C(=O)OCC	00033	0.366	0.494
[R]NC(C)=O	00034	-0.911	-0.291
[R]c1cccnc1	00035	0.666	0.07
[R]c1ccc(O)cc1	00036	1.693	-0.006
[R]NC	00037	-0.33	-0.623
[R]c1ccccn1	00038	1.065	0.146
[R]CCCC	00039	1.949	-0.131
[R]c1ccco1	00040	0.461	0.1
[R]C(N)=N	00041	-0.702	0.25
[R]c1cccs1	00042	1.449	0.021
[R]c1ccncc1	00043	0.666	0.117
[R]c1ccccc1Cl	00044	2.495	0.01
[R]c1c[nH]c2ccccc12	00045	1.286	-0.22
[R]c1cccc(Cl)c1	00046	2.495	0.051
[R]c1ccccc1OC	00047	1.725	-0.147
[R]N1CCCC1	00048	0.357	-0.667
[R]S	00049	0.196	0.03
[R]N1CCCCC1	00050	0.754	-0.679
[R]CCC(O)=O	00051	0.32	-0.011
[R]NO	00052	-0.09	-0.582
[R]C(=O)NO	00053	-0.387	0.469
[R]C(=O)c1ccccc1	00054	1.514	0.456
[R]c1cccc(OC)c1	00055	1.725	-0.008
[R]CCc1ccccc1	00056	2.77	-0.101
[R]OCc1ccccc1	00057	1.764	-0.253
[R]N1CCN(C)CC1	00058	-0.167	-0.669
[R]S(N)(=O)=O	00059	-0.907	0.666
[R]c1ccccc1F	00060	2.117	-0.001
[R]Cc1ccc(O)cc1	00061	2.089	-0.088
[R]Oc1ccccc1	00062	1.669	-0.091
[R]C1CCCC1	00063	1.776	-0.131
[R]Cc1c[nH]c2ccccc12	00064	1.682	-0.188
[R]S(C)(=O)=O	00065	-0.615	0.6
[R]NC(N)=N	00066	-1.011	-0.226
[R]SC	00067	0.33	-0.031
[R]c1cccc(F)c1	00068	2.117	0.06
[R]c1ccc(Cl)c(Cl)c1	00069	3.013	0.117
[R]Nc1ccccc1	00070	1.491	-0.389
[R]c2ccc1OCOc1c2	00071	1.662	0.021
[R]CC(N)=O	00072	-0.941	-0.112
[R]C(C)CC	00073	1.883	-0.133
[R]c1ccccc1C	00074	2.445	-0.039
[R]c1cccc(C(F)(F)F)c1	00075	2.86	0.089
[R]c1cccc(C)c1	00076	2.445	-0.036
[R]c1ccc(C(F)(F)F)cc1	00077	2.86	0.143
[R]CCCNC(N)=N	00078	-0.215	-0.077
[R]OC(C)(C)C	00079	0.821	-0.304
[R]c1ccc(Br)cc1	00080	2.769	0.07
[R]c2ccc1ccccc1c2	00081	2.98	-0.017
[R]CCO	00082	0.009	-0.05
[R]CC1CC1	00083	1.379	-0.122
[R]CCCCN	00084	0.455	-0.122
[R]c1ccc(OC)c(OC)c1	00085	1.472	-0.05
[R]C(=O)OC(C)(C)C	00086	0.857	0.485
[R]C(=O)NC	00087	-0.627	0.369
[R]C(C)O	00088	0.171	-0.046
[R]CCOC	00089	0.288	-0.054
[R]Cc1ccc(Cl)cc1	00090	2.892	-0.06
[R]OC(F)(F)F	00091	1.732	0.098
[R]Cc1ccc(F)cc1	00092	2.513	-0.066
[R]c1ccc(Cl)cc1Cl	00093	3.013	0.086
[R]N(CC)CC	00094	0.717	-0.671
[R]C(F)F	00095	0.457	0.249
[R]OC(C)C	00096	0.743	-0.285
[R]NCc1ccccc1	00097	1.447	-0.625
[R]c1cccc2ccccc12	00098	2.98	0
[R]CC=C	00099	1.338	-0.11
[R]c1ccc(C#N)cc1	00100	2.013	0.133
[R]CCC(N)=O	00101	-0.545	-0.065
[R]NCC	00102	0.013	-0.639
[R]c1ccc(N(=O)=O)cc1	00103	1.931	0.28
[R]CN	00104	-0.59	-0.077
[R]C1CCOCC1	00105	0.529	-0.088
[R]NS(C)(=O)=O	00106	-0.661	-0.123
[R]C(=O)N(C)C	00107	-0.38	0.36
[R]c1ccc(C(O)=O)cc1	00108	1.676	0.128
[R]CC1CCCCC1	00109	2.568	-0.136
[R]c1ccc(S(N)(=O)=O)cc1	00110	0.83	0.19
[R]COC	00111	0.036	-0.061
[R]c1c[nH]cn1	00112	-0.382	-0.042
[R]CCN(C)C	00113	0.432	-0.11
[R]Cc1ccco1	00114	0.393	-0.035
[R]C(=O)Nc1ccccc1	00115	1.055	0.447
[R]Cc1ccc(OC)cc1	00116	2.121	-0.12
[R]c1ccc(OCC)cc1	00117	2.067	-0.082
[R]N=C(N)N	00118	-1.011	-0.454
[R]c1ccc(F)cc1F	00119	2.256	0.056
[R]NC(C)C	00120	0.426	-0.645
[R]C(=O)OCc1ccccc1	00121	1.8	0.499
[R]NC1CCCCC1	00122	1.255	-0.648
[R]c1nccs1	00123	0.603	0.263
[R]I	00124	1.497	0.257
[R]c2ccc(c1ccccc1)cc2	00125	3.662	-0.016
[R]C=O	00126	-0.42	0.394
[R]C1CCC1	00127	1.379	-0.126
[R]CCCCC	00128	2.345	-0.131
[R]C(=O)c1ccco1	00129	-0.002	0.415
[R]Cc1cccnc1	00130	1.062	-0.058
[R]N1CCNCC1	00131	-0.528	-0.669
[R]NC(=O)OC(C)(C)C	00132	0.548	-0.248
[R]c1ccc(C(C)(C)C)cc1	00133	3.605	-0.055
[R]c1cnn(C)c1	00134	0.086	-0.18
[R]C(C)c1ccccc1	00135	2.704	-0.104
[R]C1CCCO1	00136	0.432	-0.041
[R]C(=O)N1CCOCC1	00137	-0.723	0.402
[R]CC(F)(F)F	00138	1.418	0.135
[R]CCN1CCOCC1	00139	0.089	-0.08
[R]CCCN=C(N)N	00140	-0.215	-0.158
[R]NC(=O)c1ccccc1	00141	1.002	-0.292
[R]C(C)(C)O	00142	0.249	-0.036
[R]c1cc(OC)c(OC)c(OC)c1	00143	1.219	0.032
[R]c1cccc(O)c1	00144	1.693	0.011
[R]c1ccc(OC(F)(F)F)cc1	00145	3.47	0.04
[R]C(=O)NCc1ccccc1	00146	1.15	0.364
[R]c2nc1ccccc1s2	00147	2.403	0.304
[R]OC(C)=O	00148	-0.261	-0.072
[R]c1ccc(S(C)(=O)=O)cc1	00149	1.122	0.171
[R]CN(C)C	00150	0.18	-0.101
[R]c1c(F)cccc1F	00151	2.256	0.095
[R]NC(C)(C)C	00152	0.504	-0.661
[R]n1ccnc1	00153	-0.591	0.133
[R]NC1CC1	00154	0.067	-0.596
[R]C(=O)C1CC1	00155	1.225	0.45
[R]C23CC1CC(CC(C1)C2)C3	00156	2.589	-0.15
[R]C(=O)NCC	00157	-0.284	0.361
[R]c1ccc(F)c(F)c1	00158	2.256	0.117
[R]C(=O)CC	00159	1.167	0.456
[R]c2nc1ccccc1[nH]2	00160	1.36	0.304
[R]CC#N	00161	0.261	0.108
[R]CC1CCCO1	00162	0.684	-0.153
[R]C=C	00163	0.941	-0.05
[R]c1cccc(N(=O)=O)c1	00164	1.931	0.19
[R]c2ccc1OCCOc1c2	00165	1.294	-0.035
[R]c1cccc(Br)c1	00166	2.769	0.049
[R]c1ccccc1C(F)(F)F	00167	2.86	0.1
[R]Cc1c[nH]cn1	00168	-0.45	-0.191
[R]C(=O)NC1CCCCC1	00169	0.958	0.358
[R]C1CCNCC1	00170	0.312	-0.128
[R]Cc1cccs1	00171	1.381	-0.069
[R]CCSC	00172	0.73	-0.039
[R]c1cnc[nH]1	00173	-0.553	-0.03
[R]Nc1ccc(OC)cc1	00174	1.239	-0.417
[R]c1cccc(C#N)c1	00175	2.013	0.092
[R]CCN	00176	-0.338	-0.08
[R]C(=O)N1CCCC1	00177	-0.055	0.345
[R]c2ccc1ccccc1n2	00178	2.466	0.171
[R]CCCc1ccccc1	00179	3.166	-0.117
[R]Cc1ccccn1	00180	0.997	-0.126
[R]C(=O)c1cccs1	00181	0.986	0.423
[R]c1ccc(N(C)C)cc1	00182	2.242	-0.188
[R]CCCCCC	00183	2.742	-0.129
[R]c1ccccc1O	00184	1.693	-0.041
[R]NC(=O)OCc1ccccc1	00185	1.491	-0.242
[R]Cc1cnc[nH]1	00186	-0.62	-0.023
[R]OC(F)F	00187	0.841	-0.071
[R]Cc2ccc1ccccc1c2	00188	3.376	-0.104
[R]OCC(O)=O	00189	-0.471	-0.103
[R]Cc1ccc(C)cc1	00190	2.841	-0.12
[R]Nc1ccc(F)cc1	00191	1.631	-0.327
[R]Nc1ccc(Cl)cc1	00192	2.009	-0.313
[R]Cc2ccc1OCOc1c2	00193	2.058	-0.074
[R]Cc1ccccc1Cl	00194	2.892	-0.114
[R]C(=O)NC(C)(C)C	00195	0.207	0.356
[R]c1c(Cl)cccc1Cl	00196	3.013	0.087
[R]c1ncccn1	00197	0.219	0.208
[R]c1ccsc1	00198	1.05	-0.038
[R]P(O)(O)=O	00199	-0.212	0.526
[R]c1cc(C)cc(C)c1	00200	2.912	-0.047
[R]OCCC	00201	0.798	-0.272
[R]C(=O)c1ccc(F)cc1	00202	1.654	0.505
[R]CN1CCOCC1	00203	-0.163	-0.063
[R]c1ccc(CC)cc1	00204	2.841	-0.047
[R]C1CCN(C)CC1	00205	0.673	-0.126
[R]c1ccc(C)c(C)c1	00206	2.912	-0.055
[R]C(=O)c1ccc(Cl)cc1	00207	2.032	0.511
[R]NC(C)c1ccccc1	00208	1.86	-0.626
[R]NCCc1ccccc1	00209	1.699	-0.629
[R]C(=O)c1ccc(OC)cc1	00210	1.262	0.435
[R]CC(C)(C)C	00211	2.317	-0.142
[R]COc1ccccc1	00212	1.817	0.032
[R]c1ccc(F)c(Cl)c1	00213	2.635	0.1
[R]Cc1ccccc1F	00214	2.513	-0.106
[R]NC1CCCC1	00215	0.859	-0.645
[R]c1cc(OC)cc(OC)c1	00216	1.472	0.034
[R]Cc1ccncc1	00217	1.062	-0.036
[R]NCc1ccco1	00218	-0.318	-0.571
[R]N2CCN(c1ccccc1)CC2	00219	1.987	-0.626
[R]C(=O)C(C)(C)C	00220	2.394	0.439
[R]CCC(C)C	00221	2.28	-0.136
[R]c1cccc(Cl)c1Cl	00222	3.013	0.079
[R]c1cc(F)cc(F)c1	00223	2.256	0.168
[R]C(C)NC(C)=O	00224	-0.35	0.081
[R]C(=O)Cc1ccccc1	00225	2.384	0.475
[R]Nc1ccc(C)cc1	00226	1.959	-0.4
[R]NC(=O)OC	00227	-0.286	-0.234
[R]CCN1CCCC1	00228	0.757	-0.087
[R]C(N)Cc1ccc(O)cc1	00229	1.225	-0.046
[R]c1ccccc1C(O)=O	00230	1.676	-0.066
[R]C(=O)C(N)Cc1ccc(O)cc1	00231	1.574	0.504
[R]c1nn[nH]n1	00232	0.039	0.272
[R]Cc1cccc(F)c1	00233	2.513	-0.063
[R]c1ccc(N)cc1	00234	1.194	-0.171
[R]c1ccc(C(C)C)cc1	00235	3.171	-0.049
[R]Cc1cccc(Cl)c1	00236	2.892	-0.066
[R]c1ccc(OC)cc1OC	00237	1.472	-0.209
[R]c1cccc(C(O)=O)c1	00238	1.676	0.041
[R]Cc1ccccc1OC	00239	2.121	-0.191
[R]c1c(C)cccc1C	00240	2.912	-0.049
[R]c1cnccn1	00241	-0.247	0.241
[R]Cc1cccc(OC)c1	00242	2.121	-0.114
[R]c1c(C)noc1C	00243	0.189	0.037
[R]CCCN1CCOCC1	00244	0.485	-0.095
[R]S(=O)(=O)N1CCOCC1	00245	-0.642	0.576
[R]CC(=O)OCC	00246	0.298	-0.038
[R]Cc1ccc(Cl)c(Cl)c1	00247	3.41	-0.023
[R]OCCCC	00248	1.194	-0.273
[R]c1cncnc1	00249	0.021	0.147
[R]NC(=O)c1ccco1	00250	-0.515	-0.247
[R]C(=O)N(CC)CC	00251	0.305	0.347
[R]C=Cc1ccccc1	00252	2.51	-0.019
[R]S(=O)(=O)c1ccccc1	00253	1.066	0.587
[R]c1ccc(NC(C)=O)cc1	00254	0.826	-0.044
[R]CCCO	00255	0.406	-0.095
[R]NC(=O)C1CC1	00256	-0.225	-0.294
[R]c1cc(Cl)cc(Cl)c1	00257	3.013	0.143
[R]OCCOC	00258	-0.178	-0.273
[R]Nc1cccc(C)c1	00259	1.959	-0.4
[R]CCCN(C)C	00260	0.828	-0.115
[R]C(=O)N1CCCCC1	00261	0.342	0.353
[R]C(=O)NC1CC1	00262	-0.231	0.391
[R]c1cn[nH]c1	00263	-0.16	-0.145
[R]Oc1ccc(Cl)cc1	00264	2.187	-0.022
[R]CC(=O)OC	00265	-0.044	-0.031
[R]C(=O)c1ccc(C)cc1	00266	1.982	0.445
[R]c1ccc(C)cc1C	00267	2.912	-0.058
[R]N2CCc1ccccc1C2	00268	1.79	-0.634
[R]c1ccccc1N(=O)=O	00269	1.931	0.159
[R]C1OC(CO)C(O)C(O)C1O	00270	-1.561	0.146
[R]CCN1CCCCC1	00271	1.154	-0.11
[R]C(=O)C=C	00272	1.416	0.38
[R]OP(O)(O)=O	00273	0.366	0.057
[R]C(Cc1ccccc1)C(N)=O	00274	1.235	-0.095
[R]CCCOC	00275	0.684	-0.096
[R]CC#C	00276	0.871	-0.054
[R]C(=O)C(C)C	00277	1.729	0.451
[R]Sc1ccccc1	00278	2.012	-0.069
[R]CS	00279	0.344	0.038
[R]OCC1CC1	00280	0.697	-0.261
[R]Nc1cccc(Cl)c1	00281	2.009	-0.313
[R]c1ccccc1Br	00282	2.769	0.029
[R]C(=O)Nc1ccc(Cl)cc1	00283	1.573	0.491
[R]NCCCC	00284	0.878	-0.642
[R]N1CCC(C)CC1	00285	1.084	-0.68
[R]c1cc(C)on1	00286	0.417	0.144
[R]c1cc(OC)ccc1OC	00287	1.472	-0.095
[R]CN1CCCC1	00288	0.506	-0.103
[R]C(=O)Nc1ccc(OC)cc1	00289	0.802	0.435
[R]NC(Cc1ccccc1)C(N)=O	00290	0.571	-0.639
[R]C(=O)NC(C)c1ccccc1	00291	1.563	0.369
[R]c1cc(C)ccc1C	00292	2.912	-0.049
[R]C1CCOC1	00293	0.205	-0.027
[R]Oc1ccc(F)cc1	00294	1.808	-0.031
[R]c1ccc(C)o1	00295	0.462	0.072
[R]C(=O)NCc1ccco1	00296	-0.616	0.391
[R]c1cccc(C)n1	00297	1.235	0.128
[R]c1ccc(C(N)=N)cc1	00298	0.983	0.045
[R]C(O)CO	00299	-0.615	0.062
[R]Nc1cccc(OC)c1	00300	1.239	-0.375
[R]c1ccc(Cl)cn1	00301	1.583	0.228
[R]N1CCCCCC1	00302	1.15	-0.674
[R]c1ccoc1	00303	0.232	-0.093
[R]C(=O)NC(C)C	00304	0.129	0.36
[R]c1ccc(O)c(O)c1	00305	1.409	0.034
[R]Cc1cccc2ccccc12	00306	3.376	-0.103
[R]NCC1CCCO1	00307	-0.098	-0.658
[R]c1ccccc1N	00308	1.194	-0.104
[R]CF	00309	0.361	0.067
[R]n2c(=O)c1ccccc1c2=O	00310	0.471	0.078
[R]N(CCC)CCC	00311	1.654	-0.669
[R]CN1CCN(C)CC1	00312	-0.019	-0.095
[R]Nc1cccc(C(F)(F)F)c1	00313	2.374	-0.267
[R]CN1CCCCC1	00314	0.902	-0.104
[R]NC(=O)Cc1ccccc1	00315	0.934	-0.297
[R]C(=O)CCC	00316	1.563	0.456
[R]N(C)Cc1ccccc1	00317	1.808	-0.644
[R]c1ccccc1OCC	00318	2.067	-0.155
[R]NCCO	00319	-0.773	-0.65
[R]n1nccn1	00320	-0.184	0.269
[R]NS(=O)(=O)c1ccccc1	00321	1.021	-0.158
[R]C1OC(CO)C(O)C1O	00322	-1.189	0.116
[R]c1c(C)cc(C)cc1C	00323	3.379	-0.065
[R]C(=O)NCCc1ccccc1	00324	1.401	0.369
[R]C(C)C(O)=O	00325	0.486	-0.02
[R]c1ccc(C(=O)OC)cc1	00326	1.708	0.114
[R]Nc1ccccn1	00327	0.878	-0.291
[R]NCCOC	00328	-0.494	-0.652
[R]C(=O)OC(C)C	00329	0.779	0.489
[R]NCCC	00330	0.481	-0.641
[R]C(N)C(O)=O	00331	-0.853	0.119
[R]Nc1ccccc1OC	00332	1.239	-0.435
[R]c1cccc(C(N)=N)c1	00333	0.983	-0.027
[R]C(C)CO	00334	0.412	-0.057
[R]c1ccc(N)nc1	00335	0.581	-0.093
[R]c1nnn[nH]1	00336	-0.076	0.553
[R]CCCN	00337	0.058	-0.107
[R]C(=O)C(F)(F)F	00338	1.65	0.752
[R]CC(=O)NO	00339	-0.455	-0.06
[R]c1cc(F)ccc1F	00340	2.256	0.108
[R]C1CCCNC1	00341	0.384	-0.085
[R]NC(=O)C=C	00342	-0.034	-0.3
[R]C(=O)N1CCN(C)CC1	00343	-0.579	0.366
[R]CC1CCOCC1	00344	0.925	-0.096
[R]c1cccc(C)c1C	00345	2.912	-0.047
[R]CCc1ccc(OC)c(OC)c1	00346	2.265	-0.103
[R]C(C)(C)C(O)=O	00347	1.151	-0.05
[R]NCc1ccc(F)cc1	00348	1.586	-0.587
[R]C(=O)Nc1ccc(F)cc1	00349	1.194	0.485
[R]c2ccc(N1CCOCC1)cc2	00350	1.899	-0.065
[R]NC(=O)c1cccs1	00351	0.473	-0.275
[R]c1ccc(C(F)(F)F)cn1	00352	1.947	0.322
[R]C(Cc1ccccc1)C(O)=O	00353	2.1	0
[R]C(CC(C)C)C(N)=O	00354	0.745	-0.112
[R]C(C)N	00355	-0.177	-0.079
[R]NC(=O)CC	00356	-0.283	-0.297
[R]C(=O)NC1CCCC1	00357	0.562	0.36
[R]NC(CC(C)C)C(N)=O	00358	0.08	-0.622
[R]C(=O)NC(CC(C)C)C(N)=O	00359	-0.217	0.347
[R]c1ccc(C(C)NC(C)=O)cc1	00360	1.334	0.029
[R]c1ccc(Cl)s1	00361	2.337	0.097
[R]C(=O)c1cccnc1	00362	0.203	0.521
[R]CCN(CC)CC	00363	1.117	-0.098
[R]Nc1ccccc1C	00364	1.959	-0.402
[R]C(=O)c1ccccc1Cl	00365	2.032	0.475
[R]CNC	00366	-0.181	-0.093
[R]n1cnnn1	00367	-0.397	0.467
[R]CCF	00368	0.613	0.005
[R]C(=O)Nc1ccc(C)cc1	00369	1.522	0.44
[R]Nc1nccs1	00370	0.422	-0.36
[R]Nc1ccc(F)c(Cl)c1	00371	2.149	-0.259
[R]Cc1ccc(Cl)cc1Cl	00372	3.41	-0.065
[R]c1cccc(Cl)c1F	00373	2.635	0.072
[R]c1ccccc1c2ccccc2	00374	3.662	-0.046
[R]NCC(O)=O	00375	-0.788	-0.489
[R]c1ccc(C(C)=O)cc1	00376	1.286	0.105
[R]CCCC(O)=O	00377	0.717	-0.076
[R]Cc1ccc(C(F)(F)F)cc1	00378	3.257	-0.016
[R]c1ccc(O)c(OC)c1	00379	1.44	0.03
[R]c1ccc(F)cn1	00380	1.204	0.211
[R]NCc1cccnc1	00381	0.135	-0.574
[R]S(O)(=O)=O	00382	-0.376	0.654
[R]Nc1cccnc1	00383	0.179	-0.307
[R]CCCN1CCCCC1	00384	1.55	-0.115
[R]Oc1ccc(OC)cc1	00385	1.416	-0.109
[R]c1ccc(OC)nc1	00386	1.111	-0.004
[R]Cc1ccccc1C	00387	2.841	-0.117
[R]NC23CC1CC(CC(C1)C2)C3	00388	1.389	-0.669
[R]N1CCN(CC)CC1	00389	0.176	-0.675
[R]Cc1c(F)cccc1F	00390	2.653	-0.057
[R]c1cccc2cccnc12	00391	2.067	-0.079
[R]Cc1ccc(N(=O)=O)cc1	00392	2.327	0.067
[R]C(=O)Nc1cccc(C)c1	00393	1.522	0.44
[R]Nc1ccc(C(F)(F)F)cc1	00394	2.374	-0.239
[R]N1CCCC1=O	00395	-0.522	-0.292
[R]C(=O)C1CCCCC1	00396	2.414	0.448
[R]Nc1ccc(S(N)(=O)=O)cc1	00397	0.344	-0.204
[R]C1CCCCCC1	00398	2.568	-0.133
[R]c2nc1ccccc1o2	00399	1.538	0.385
[R]C(CC)CC	00400	2.28	-0.137
[R]NCCN1CCOCC1	00401	-0.693	-0.607
[R]c1ccnc(C)c1	00402	0.836	0.103
[R]c1ccc(O)cc1O	00403	1.409	-0.02
[R]C(=O)c1ccncc1	00404	0.203	0.545
[R]NS(=O)(=O)c1ccc(C)cc1	00405	1.488	-0.171
[R]c1ccccc1C#N	00406	2.013	0.111
[R]N2Cc1ccccc1C2	00407	1.538	-0.59
[R]C(=O)Nc1nccs1	00408	-0.014	0.483
[R]C(CCC(O)=O)C(O)=O	00409	0.046	0.032
[R]NCCC(O)=O	00410	-0.607	-0.576
[R]N1CCC1	00411	-0.094	-0.66
[R]c1cccc(OC(F)(F)F)c1	00412	3.47	0.089
[R]c1c(F)cccc1Cl	00413	2.635	0.097
[R]NCC(N)=O	00414	-1.653	-0.55
[R]N1CCN(C(C)=O)CC1	00415	-0.864	-0.565
[R]n1cccn1	00416	0.03	0.103
[R]CCCCCCCC	00417	3.534	-0.129
[R]C(C)NC	00418	0.232	-0.122
[R]c1nc(C)cc(C)n1	00419	0.56	0.17
[R]C(N)Cc1ccccc1	00420	1.509	-0.05
[R]c1ccccc1c2nn[nH]n2	00421	1.724	-0.012
[R]Cc1ccc(F)c(F)c1	00422	2.653	-0.019
[R]Nc1ccc(OC(F)(F)F)cc1	00423	2.984	-0.311
[R]C(=O)c1ccccn1	00424	0.602	0.38
[R]C(=O)NCC1CCCO1	00425	-0.395	0.329
[R]CCCCCCC	00426	3.138	-0.129
[R]c1ccc(F)cc1Cl	00427	2.635	0.065
[R]OCCO	00428	-0.456	-0.272
[R]C(Cc1ccccc1)NC(C)=O	00429	1.336	-0.112
[R]NC(N)=O	00430	-1.183	-0.334
[R]Cc1cccc(C)c1	00431	2.841	-0.117
[R]c1ccc(SC)cc1	00432	2.068	-0.014
[R]Cc1ccc(Br)cc1	00433	3.166	-0.054
[R]OCC(F)(F)F	00434	0.962	-0.044
[R]N(C)S(C)(=O)=O	00435	-0.299	-0.229
[R]N1CCC(O)C1	00436	-0.466	-0.622
[R]c1cnn2cccnc12	00437	0.357	-0.242
[R]C(=O)c1cnn2cccnc12	00438	-0.106	0.325
[R]NC(=O)c1cnn2cccnc12	00439	-0.619	-0.381
[R]C(=O)c1cccc(C(F)(F)F)c1	00440	2.397	0.554
[R]c2cc1ccccc1o2	00441	1.692	0.19
[R]c1ncnc2[nH]ccc12	00442	0.487	0.228
[R]C1CCNC1	00443	-0.012	-0.088
[R]NCc1ccc(OC)cc1	00444	1.194	-0.636
[R]C1CNCCO1	00445	-0.453	-0.001
[R]S(=O)(=O)N(C)C	00446	-0.299	0.554
[R]N1CCCC1C	00447	0.77	-0.677
[R]C(=O)NCC(N)=O	00448	-1.95	0.369
[R]c1cc(Cl)ccc1OC	00449	2.243	-0.047
[R]c1cnc(N)nc1	00450	-0.259	-0.028
[R]C(=O)CCc1ccccc1	00451	2.78	0.473
[R]n1cncn1	00452	-0.138	0.252
[R]C(=O)C(C)NC	00453	0.581	0.45
[R]C(=O)NCc1ccc(F)cc1	00454	1.289	0.39
[R]c1ccncn1	00455	0.421	0.293
[R]NC(=O)C(C)NC	00456	-0.869	-0.323
[R]c1ccc(C)cn1	00457	1.532	0.125
[R]C(=O)NCCCC	00458	0.581	0.36
[R]C(C)=C	00459	1.095	-0.066
[R]NCc1ccccn1	00460	0.285	-0.618
[R]Cc1ccc(OC)c(OC)c1	00461	1.868	-0.114
[R]NCc2ccc1OCOc1c2	00462	1.131	-0.596
[R]C(=O)c2ccc1ccccc1c2	00463	2.517	0.453
[R]S(=O)(=O)N1CCCCC1	00464	0.423	0.543
[R]C(=O)N2Cc1ccccc1C2	00465	1.126	0.388
[R]c1cc(Cl)ccc1Cl	00466	3.013	0.106
[R]NCc1ccc(Cl)cc1	00467	1.965	-0.582
[R]Nc1ccccc1N	00468	0.708	-0.462
[R]NC(CCC(O)=O)C(O)=O	00469	-0.618	-0.47
[R]C(=O)Nc1cccc(OC)c1	00470	0.802	0.448
[R]C(=O)Nc1ccccc1OC	00471	0.802	0.402
[R]Cc1cccc(C(F)(F)F)c1	00472	3.257	-0.036
[R]C(=O)NC(CCC(O)=O)C(O)=O	00473	-0.915	0.437
[R]N1CCOCC1C	00474	0.102	-0.634
[R]Nc1ccccc1Cl	00475	2.009	-0.316
[R]NCC(C)C	00476	0.884	-0.647
[R]SCC	00477	0.673	-0.044
[R]CC1CCCC1	00478	2.172	-0.136
[R]Nc1cccc(Br)c1	00479	2.283	-0.311
[R]n1cnc2c(N)ncnc12	00480	-0.243	0.056
[R]c1ccc(I)cc1	00481	3.235	0.075
[R]S(=O)(=O)Nc1nccs1	00482	0.095	0.545
[R]C(=O)Nc1cccnc1	00483	-0.257	0.492
[R]NC(=O)Nc1ccccc1	00484	0.746	-0.292
[R]Nc1ccc(Br)cc1	00485	2.283	-0.299
[R]Nc1ccc(OCC)cc1	00486	1.581	-0.422
[R]C=CC(O)=O	00487	0.524	0.307
[R]Oc1ccc(C)cc1	00488	2.136	-0.103
[R]c1ccon1	00489	0.416	0.166
[R]SCc1ccccc1	00490	2.107	-0.035
[R]Nc2ccc1OCCOc1c2	00491	0.808	-0.387
[R]C(=O)NCCC(O)=O	00492	-0.904	0.41
[R]NC(=O)c1ccc(OC)cc1	00493	0.749	-0.308
[R]C(CC)c1ccccc1	00494	3.101	-0.103
[R]CC(F)F	00495	0.509	0.087
[R]c1ccc(C(=O)OCC)cc1	00496	2.05	0.109
[R]S(=O)(=O)CC	00497	-0.273	0.589
[R]OCC(C)C	00498	1.201	-0.277
[R]NCCN(C)C	00499	-0.351	-0.633
[R]C1CCC(C)CC1	00500	2.502	-0.131
[R]NCC(F)(F)F	00501	0.645	-0.414
[R]c1cc(F)c(F)cc1F	00502	2.396	0.163
[R]CC(=O)N1CCOCC1	00503	-0.79	-0.103
[R]C(=O)CC(C)C	00504	1.894	0.458
[R]NCc1cccs1	00505	0.669	-0.598
[R]C(C(C)C)C(O)=O	00506	1.213	-0.031
[R]S(=O)(=O)N1CCCC1	00507	0.026	0.545
[R]c1ccc(F)c(C(F)(F)F)c1	00508	3	0.138
[R]Nc1ccccc1F	00509	1.631	-0.324
[R]OC1CCCC1	00510	1.176	-0.285
[R]C#C	00511	0.475	0.09
[R]CCC#N	00512	0.658	0.043
[R]c2cnc1ccccc1c2	00513	2.067	0.07
[R]CCNC(C)=O	00514	-0.511	-0.019
[R]Nc1cccc(F)c1	00515	1.631	-0.307
[R]C(=O)c1cccc(OC)c1	00516	1.262	0.461
[R]C(=O)Nc1ccccc1N	00517	0.272	0.44
[R]C(=O)Nc1cccc(Cl)c1	00518	1.573	0.489
[R]Nc1ccc(Cl)c(Cl)c1	00519	2.527	-0.25
[R]c2ccc1[nH]ncc1c2	00520	1.071	-0.066
[R]C1CCC(O)CC1	00521	1.114	-0.148
[R]C(=O)c1ccccc1F	00522	1.654	0.485
[R]NC(Cc1ccccc1)C(O)=O	00523	1.435	-0.557
[R]C(O)c1ccccc1	00524	1.605	-0.009
[R]C=CC(=O)NO	00525	0.145	0.277
[R]N2CCN(c1ccccn1)CC2	00526	1.374	-0.622
[R]NS(=O)(=O)c1ccc(Cl)cc1	00527	1.539	-0.114
[R]Nc2ccc1OCOc1c2	00528	1.176	-0.335
[R]C(=O)COc1ccccc1	00529	2.042	0.572
[R]Cn1ccnc1	00530	-0.443	0.133
[R]C(=O)c1ccc(Br)cc1	00531	2.306	0.518
[R]CCC(F)(F)F	00532	1.814	0.043
[R]NC(=O)NCC	00533	-0.594	-0.364
[R]c1cccc(Cl)c1C	00534	2.963	0.034
[R]NC(=O)c1ccc(F)cc1	00535	1.141	-0.256
[R]Cc1cc(F)cc(F)c1	00536	2.653	-0.003
[R]C#Cc1ccc(N)nc1	00537	0.884	0.06
[R]C(=O)c1ccccc1C	00538	1.982	0.445
[R]C(=O)CO	00539	-0.017	0.513
[R]C(=O)NCC(O)=O	00540	-1.085	0.418
[R]CCl	00541	0.904	0.075
[R]CCc1ccc(OC)cc1	00542	2.517	-0.11
[R]CCc1c[nH]c2ccccc12	00543	2.078	-0.128
[R]NN	00544	-0.622	-0.611
[R]c1cccc(C(N)=O)c1	00545	0.811	0.021
[R]C#Cc1ccccc1	00546	2.28	0.103
[R]OCCCN1CCCCC1	00547	0.74	-0.261
[R]NC(=O)N2Cc1ccccc1C2	00548	0.817	-0.342
[R]C1CC1c2ccccc2	00549	2.531	-0.12
[R]CC(C)(C)O	00550	0.501	-0.148
[R]c1ccc(OC)c(Cl)c1	00551	2.243	-0.017
[R]CCc1ccccn1	00552	1.393	-0.125
[R]NC(=O)CCC	00553	0.113	-0.299
[R]c1cccc(N)c1	00554	1.194	-0.046
[R]Nc2nc1ccccc1s2	00555	2.223	-0.311
[R]c1ccccc1S(N)(=O)=O	00556	0.83	0.136
[R]NC(=O)C(C)(C)C	00557	0.944	-0.31
[R]C(=O)c1cccc(Cl)c1	00558	2.032	0.515
[R]Cc2ccc1ccccc1n2	00559	2.398	-0.125
[R]OCCN1CCOCC1	00560	-0.376	-0.273
[R]CCc1ccc(Cl)cc1	00561	3.288	-0.066
[R]COCc1ccccc1	00562	1.813	-0.06
[R]C(=O)c1ccccc1OC	00563	1.262	0.345
[R]CCCCc1ccccc1	00564	3.563	-0.118
[R]c1cnc(N)cn1	00565	-0.332	0.078
[R]Cc1ccc(C(N)=N)cc1	00566	1.379	-0.072
[R]COC(C)=O	00567	-0.113	0.053
[R]OCCN(C)C	00568	-0.034	-0.299
[R]Nc1cc(C)on1	00569	0.23	-0.318
[R]C1=NCCN1	00570	-0.387	0.249
[R]CSc1ccccc1	00571	2.16	0.064
[R]n1nc(C)cc1C	00572	0.202	0.059
[R]CC(N)C(O)=O	00573	-0.601	-0.095
[R]NCc1ccncc1	00574	0.135	-0.56
[R]n1cccc1	00575	0.245	-0.008
[R]C(=O)C(O)=O	00576	0.466	0.747
[R]Cc1ccc(C(O)=O)cc1	00577	2.072	-0.03
[R]C1CCS(=O)(=O)C1	00578	-0.298	0.078
[R]CC(O)CO	00579	-0.363	-0.098
[R]NC1CCOCC1	00580	-0.497	-0.598
[R]NC(=O)c1ccccc1Cl	00581	1.52	-0.291
[R]NC1CCN(C)CC1	00582	-0.354	-0.634
[R]c2nc1ccccc1n2C	00583	1.607	0.284
[R]N1CCN(C(=O)OCC)CC1	00584	0.104	-0.593
[R]COP(O)(O)=O	00585	0.514	0.041
[R]C(O)(C(F)(F)F)C(F)(F)F	00586	1.514	0.443
[R]c2cc1ccccc1s2	00587	2.85	0.072
[R]C2COc1ccccc1O2	00588	1.457	0.149
[R]c1ccc(OC(C)C)cc1	00589	2.48	-0.098
[R]C(=O)Nc1ccccc1C	00590	1.522	0.445
[R]C1CCCN1	00591	0.215	-0.004
[R]NC(=O)c1ccc(Cl)cc1	00592	1.52	-0.251
[R]Cc1ccc(OCC)cc1	00593	2.464	-0.125
[R]Nc1ccc(C(O)=O)cc1	00594	1.19	-0.247
[R]C(=O)NCCOC	00595	-0.792	0.342
[R]C1=CCCCC1	00596	1.735	-0.107
[R]c1nc(C)cs1	00597	0.774	0.162
[R]c1ccc(C(N)=O)cc1	00598	0.811	0.105
[R]Nc1ccncc1	00599	0.179	-0.273
[R]c1ncccc1C(F)(F)F	00600	1.947	0.274
[R]Oc1ccccc1OC	00601	1.416	-0.125
[R]C(N)=S	00602	-0.139	0.695
[R]C(=O)NCCC	00603	0.184	0.361
[R]c1cn(C)cn1	00604	-0.136	-0.068
[R]c1cccc(C(C)=O)c1	00605	1.286	0.018
[R]C1(C#N)CC1	00606	0.985	0.127
[R]CC=C(C)C	00607	1.842	-0.139
[R]C1C(O)Cc2ccccc12	00608	1.682	-0.212
[R]c1cn(C)c2ccccc12	00609	1.532	-0.243
[R]c2ccc1ncccc1c2	00610	2.067	0.038
[R]C(=O)Nc1cc(C)on1	00611	-0.206	0.505
[R]c1cc(C(F)(F)F)ccn1	00612	1.947	0.268
[R]c1c(C)cc(O)cc1C	00613	2.627	-0.033
[R]NCc1ccccc1OC	00614	1.194	-0.702
[R]c1cscn1	00615	0.805	0.109
[R]c1ccc(Cl)c(C(F)(F)F)c1	00616	3.378	0.154
[R]N1CCCC(N)C1	00617	-0.363	-0.66
[R]OCCN1CCCC1	00618	0.292	-0.261
[R]Oc1ccccc1C	00619	2.136	-0.103
[R]OC(=O)c1ccccc1	00620	1.652	-0.084
[R]C(=O)CN	00621	-0.364	0.481
[R]NCCCN1CCOCC1	00622	-0.641	-0.612
[R]Nc1ccc(F)cc1F	00623	1.77	-0.264
[R]NC(=O)C(C)C	00624	0.279	-0.304
[R]C(=O)NCC(F)(F)F	00625	0.348	0.477
[R]C(CC(C)C)C(O)=O	00626	1.609	-0.011
[R]N1CCc2ccccc12	00627	1.72	-0.422
[R]N1CCC(O)CC1	00628	-0.414	-0.623
[R]C(=O)C=Cc1ccccc1	00629	2.047	0.371
[R]CCCN1CCN(C)CC1	00630	0.629	-0.112
[R]NCC1CC1	00631	0.38	-0.634
[R]c1cccc(OC)c1OC	00632	1.472	-0.035
[R]c2cccc(c1ccccc1)c2	00633	3.662	-0.012
[R]c1ccc(C)nc1	00634	0.836	0.043
[R]CCOc1ccccc1	00635	2.069	0.01
[R]C1COC1	00636	-0.146	-0.03
[R]NC1C(O)Cc2ccccc12	00637	1.127	-0.642
[R]NCc1cccc(OC)c1	00638	1.194	-0.626
[R]S(=O)(=O)c1ccc(F)cc1	00639	1.206	0.627
[R]C(=O)c2ccc1OCOc1c2	00640	1.199	0.496
[R]NCc1ccc(C)cc1	00641	1.914	-0.634
[R]c1ccc(NS(C)(=O)=O)c(F)c1	00642	1.36	0.114
[R]c1c(C)nn(C)c1C	00643	0.258	-0.167
[R]CC(=O)N(C)C	00644	-0.448	-0.134
[R]C2C1CC3CC(C1)CC2C3	00645	2.486	-0.142
[R]c1c(OC)cccc1OC	00646	1.472	-0.199
[R]c1ccc(C)c(Cl)c1	00647	2.963	0.027
[R]OCc2ccc1ccccc1n2	00648	2.003	-0.202
[R]CC(=O)N1CCCC1	00649	-0.122	-0.139
[R]CC1CCC1	00650	1.776	-0.139
[R]C(=O)C(N)Cc1ccccc1	00651	1.859	0.524
[R]CC(=O)c1ccccc1	00652	1.447	-0.101
[R]c1ncns1	00653	0.819	0.345
[R]c2ccc1[nH]ccc1c2	00654	1.286	-0.133
[R]Cc1c(C)cc(O)cc1C	00655	3.024	-0.112
[R]N2CCC(N1CCCCC1)CC2	00656	0.73	-0.656
[R]c1ccnn1C	00657	0.316	0.135
[R]C(=O)Nc2ccc1OCOc1c2	00658	0.739	0.48
[R]Cc1cccc(C(N)=N)c1	00659	1.379	-0.12
[R]C(=O)Nc1ccc(Br)cc1	00660	1.847	0.497
[R]c2cc1ccccc1[nH]2	00661	1.515	0.016
[R]c1ccccc1CC	00662	2.841	-0.042
[R]c1cccc(C(F)(F)F)c1Cl	00663	3.378	0.121
[R]NC(=O)c1ccc(C)cc1	00664	1.469	-0.304
[R]Cc1ccc(OC(F)(F)F)cc1	00665	3.866	-0.057
[R]c1cc(Cl)ccc1C	00666	2.963	0.06
[R]Cc1ccc(C#N)cc1	00667	2.41	-0.017
[R]C(=O)c1cccc(C)c1	00668	1.982	0.448
[R]CC#CC	00669	1.459	-0.076
[R]S(=O)(=O)N(CC)CC	00670	0.386	0.543
[R]C(=O)N2CCc1ccccc1C2	00671	1.378	0.374
[R]c1c(C(C)C)cccc1C(C)C	00672	4.365	-0.046
[R]C(=O)NCc1ccccn1	00673	-0.012	0.364
[R]OCCN1CCCCC1	00674	0.688	-0.304
[R]N1CCCC1C#N	00675	0.432	-0.506
[R]N1CCCC1C(O)=O	00676	0.094	-0.587
[R]c1cccc(NC(C)=O)c1	00677	0.826	-0.06
[R]NC(CC(C)C)C(O)=O	00678	0.945	-0.541
[R]c1cc(C)nc2ccccc12	00679	2.237	0.135
[R]NC(=O)c1ccccn1	00680	0.089	-0.283
[R]C(=O)N1CCCC1C#N	00681	0.02	0.447
[R]C(=O)NCc1cccnc1	00682	-0.162	0.396
[R]C1CNC(=O)C1	00683	-0.777	0.064
[R]OCCCCC	00684	1.591	-0.273
[R]NCc1ccc(C(N)=N)cc1	00685	0.452	-0.603
[R]c1cccc(F)c1F	00686	2.256	0.087
[R]OS(N)(=O)=O	00687	-0.636	0.31
[R]C1CCC(N)CC1	00688	0.766	-0.185
[R]C1CCN(C(C)=O)CC1	00689	-0.024	-0.061
[R]NS(=O)(=O)c1ccc(F)cc1	00690	1.16	-0.115
[R]C(=O)NC(CC(C)C)C(O)=O	00691	0.648	0.394
[R]CCCCCCC(=O)NO	00692	1.527	-0.115
[R]CC(C)(C)C(O)=O	00693	1.548	-0.036
[R]Nc1cccc2ccccc12	00694	2.494	-0.356
[R]Cc1c(C)noc1C	00695	0.585	-0.057
[R]Nc1ccc(Cl)cn1	00696	1.396	-0.212
[R]NCC=C	00697	0.411	-0.626
[R]c1ncccc1F	00698	1.204	0.179
[R]C(O)CC(O)=O	00699	-0.449	0.098
[R]C(=O)c1ccc(C(C)(C)C)cc1	00700	3.142	0.439
[R]CCc1ccc(S(N)(=O)=O)cc1	00701	1.623	-0.022
[R]Nc1ccc(OC)c(OC)c1	00702	0.986	-0.402
[R]C1CCCc2ccccc12	00703	3.064	-0.103
[R]N=N#N	00704	1.086	0.111
[R]c1ccc(Br)o1	00705	1.359	0.208
[R]C(=O)c1ccc(OC)c(OC)c1	00706	1.009	0.445
[R]Cc1ccc(C(C)(C)C)cc1	00707	4.001	-0.125
[R]CCCn1ccnc1	00708	0.205	-0.016
[R]NCc1ccccc1Cl	00709	1.965	-0.625
[R]C(=O)NCCN1CCOCC1	00710	-0.99	0.386
[R]CCCN1CCCC1	00711	1.154	-0.122
[R]C(=O)C(C)N	00712	0.173	0.472
[R]N1C(=O)CCC1=O	00713	-0.953	0.084
[R]OCC=C	00714	0.728	-0.25
[R]CC(C)O	00715	0.423	-0.136
[R]c1n[nH]c(=O)c2CCCCc12	00716	1.415	0.192
[R]CC23CC1CC(CC(C1)C2)C3	00717	2.985	-0.144
[R]C(=O)c1cccc2ccccc12	00718	2.517	0.428
[R]c2cnc1ccccc1n2	00719	1.553	0.25
[R]c1nc[nH]n1	00720	-0.131	0.154
[R]N1CC(C)OC(C)C1	00721	0.515	-0.633
[R]c1ccc[nH]1	00722	0.284	-0.12
[R]S(=O)(=O)Nc1ncns1	00723	0.311	0.774
[R]C(=O)c1cccc(F)c1	00724	1.654	0.518
[R]C(=O)c1ccccc1O	00725	1.23	0.399
[R]c1cnco1	00726	-0.375	0.198
[R]C(=O)NCc1ccc(OC)cc1	00727	0.897	0.358
[R]Nc1ccc(C)c(C)c1	00728	2.426	-0.411
[R]C(=O)Nc1ccccn1	00729	0.442	0.426
[R]Oc1ccc(F)cc1F	00730	1.948	0.029
[R]c1cccn1C	00731	0.53	-0.063
[R]C(=O)NCCO	00732	-1.07	0.344
[R]C(=O)Nc1ccc(OCC)cc1	00733	1.145	0.432
[R]c1nnnn1C	00734	0.17	0.508
[R]CC(=O)Nc1ccccc1	00735	0.987	-0.069
[R]c1csc(C)n1	00736	0.953	0.084
[R]C(=O)c1cnccn1	00737	-0.71	0.456
[R]C(N)Cc1c(C)cc(O)cc1C	00738	2.159	-0.041
[R]c1ccn(C)n1	00739	0.486	0.022
[R]c1ccc(C)s1	00740	1.619	-0.003
[R]C(C)(C)N	00741	-0.098	-0.095
[R]NC(=O)c1cccnc1	00742	-0.31	-0.235
[R]C(=O)N1CCCC1C(O)=O	00743	-0.318	0.38
[R]C(CCCCN)C(N)=O	00744	-0.684	-0.107
[R]CCOCC	00745	0.63	-0.058
[R]Cc1ccc(F)cc1F	00746	2.653	-0.061
[R]c1ccc(Cl)c(F)c1	00747	2.635	0.133
[R]S(=O)(=O)C(C)C	00748	0.14	0.573
[R]N(C)c1ccccc1	00749	1.738	-0.425
[R]NC(=O)C1CCCCC1	00750	0.964	-0.307
[R]N2Cc1ccncc1C2	00751	0.226	-0.527
[R]C(=O)c1ccc(N(=O)=O)cc1	00752	1.468	0.646
[R]c1noc(C)n1	00753	0.33	0.222
[R]C(=O)N2Cc1ccncc1C2	00754	-0.186	0.429
[R]Nc1cc(C(F)(F)F)ccn1	00755	1.761	-0.177
[R]NC(CCCCN)C(N)=O	00756	-1.349	-0.609
[R]C(=O)C1CCCC1	00757	2.018	0.451
[R]NC(=O)N2Cc1ccncc1C2	00758	-0.495	-0.307
[R]C(=O)NC(CCCCN)C(N)=O	00759	-1.646	0.356
[R]c2cn1nc(OC)sc1n2	00760	1.312	0.065
[R]CNC(C)=O	00761	-0.763	0.097
[R]Cc1n[nH]c(=O)c2CCCCc12	00762	1.347	-0.098
[R]NC1CCCCCC1	00763	1.652	-0.65
[R]CC(O)CC(O)=O	00764	-0.197	-0.08
[R]NC1CCC(O)CC1	00765	0.197	-0.653
[R]C(C)C(N)=O	00766	-0.378	-0.114
[R]C1CN2CCC1CC2	00767	0.59	-0.096
[R]C(=O)Nc1ccccc1Cl	00768	1.573	0.464
[R]Sc1ccc(Cl)cc1	00769	2.53	-0.016
[R]C(=O)Nc1cccc(F)c1	00770	1.194	0.492
[R]NC1CCCNC1	00771	-0.316	-0.601
[R]C(=O)NCc1ccc(Cl)cc1	00772	1.668	0.391
[R]N(CCCC)CCCC	00773	2.447	-0.669
[R]c2ccc1ncsc1c2	00774	2.206	0.07
[R]CC(=O)NCc1ccccc1	00775	1.082	-0.126
[R]C(=O)Nc1ccccc1F	00776	1.194	0.464
[R]c1ccc(Cl)cc1C	00777	2.963	0.04
[R]NC(=O)C(N)Cc1ccccc1	00778	0.409	-0.245
[R]NS(=O)(=O)Cc1ccccc1	00779	1.116	-0.131
[R]CCc1ccc(F)cc1	00780	2.91	-0.069
[R]N1CCN(S(C)(=O)=O)CC1	00781	-0.498	-0.554
[R]c1cc[nH]n1	00782	0.239	0.057
[R]c1cncc(Cl)c1	00783	1.184	0.149
[R]Oc1ccccc1Cl	00784	2.187	-0.027
[R]c1cncs1	00785	0.805	0.098
[R]C(=O)c1ccc(O)cc1O	00786	0.946	0.413
[R]c1nonc1N	00787	0.117	0.437
[R]OC1OC(CO)C(O)C(O)C1O	00788	-1.508	-0.25
[R]CCc1ccc(O)cc1	00789	2.486	-0.087
[R]c1ncccc1C	00790	1.532	0.135
[R]Cc1c(Cl)cccc1Cl	00791	3.41	-0.077
[R]N1CCC(F)C1	00792	0.137	-0.582
[R]Nc1ccc(CC)cc1	00793	2.355	-0.4
[R]c1ccc(C(F)(F)F)nc1	00794	1.947	0.242
[R]c1nnc(C)s1	00795	0.968	0.355
[R]C(=O)CCC(O)=O	00796	0.331	0.519
[R]c1ccc(NS(C)(=O)=O)cc1	00797	1.22	0.021
[R]COc1ccc(Cl)cc1	00798	2.335	0.073
[R]c1ncco1	00799	-0.093	0.304
[R]c1cccc2[nH]ccc12	00800	1.286	-0.095
[R]C(N)CCCNC(N)=N	00801	-1.079	-0.012
[R]CN(CC)CC	00802	0.865	-0.125
[R]NCC1CCOCC1	00803	-0.074	-0.618
[R]NCCCc1ccccc1	00804	2.095	-0.628
[R]C(=O)C1NC2CCC1C2	00805	0.949	0.426
[R]C1CCC(C(O)=O)CC1	00806	1.502	-0.087
[R]C1NC2CCC1C2	00807	0.599	-0.134
[R]C(=O)C(N)CCCNC(N)=N	00808	-0.73	0.494
[R]NC(=O)C1NC2CCC1C2	00809	-0.501	-0.335
[R]CC(=O)NCc1ccco1	00810	-0.683	-0.11
[R]c1ccc(Cl)cc1F	00811	2.635	0.075
[R]CCCc1c[nH]cn1	00812	0.343	-0.158
[R]CP(O)(O)=O	00813	-0.064	0.068
[R]C(=O)CCCC	00814	1.959	0.456
[R]c1ccnc(N)n1	00815	0.14	0.228
[R]c1cc(Cl)ccc1OC(F)F	00816	3.097	0.029
[R]OCc1cccc(F)c1	00817	1.903	-0.21
[R]NC(=O)C(C)N	00818	-1.277	-0.296
[R]NC1CCCc2ccccc12	00819	2.292	-0.598
[R]NCC#N	00820	-0.45	-0.429
[R]C(C)(C)CC	00821	2.317	-0.15
[R]c1ccccc1C(=O)OC	00822	1.708	-0.087
[R]C(=O)CCl	00823	1.13	0.587
[R]C(=O)Nc1ccc(Cl)cn1	00824	0.96	0.47
[R]C2Cc1ccccc1C2	00825	2.667	-0.065
[R]C(=O)NCc1cccs1	00826	0.372	0.378
[R]C(=O)OCCCC	00827	1.231	0.492
[R]c1cc(F)ccc1OC	00828	1.864	-0.036
[R]CCCN(CC)CC	00829	1.513	-0.117
[R]N1CCN(C(C)C)CC1	00830	0.589	-0.677
[R]C(C)(C)CO	00831	0.918	-0.082
[R]Oc1ccc(C(F)(F)F)cn1	00832	1.938	-0.055
[R]NC(CC)c1ccccc1	00833	2.329	-0.629
[R]c1cccc(S(N)(=O)=O)c1	00834	0.83	0.076
[R]c1cc(C)ccn1	00835	1.532	0.133
[R]N2CCN(c1ncccn1)CC2	00836	0.534	-0.628
[R]N1CCN(CCO)CC1	00837	-0.61	-0.694
[R]NS(=O)(=O)c1cccs1	00838	0.792	-0.158
[R]C(=O)NN	00839	-0.919	0.405
[R]S(=O)(=O)c1ccc(C)cc1	00840	1.534	0.575
[R]C(O)C(F)(F)F	00841	0.803	0.241
[R]CCNC	00842	0.07	-0.08
[R]C(=O)c1cccc(N(=O)=O)c1	00843	1.468	0.638
[R]c1ccc(N(CC)CC)cc1	00844	2.927	-0.193
[R]NCCC(C)C	00845	1.208	-0.645
[R]c1ccc(OP(O)(O)=O)cc1	00846	2.104	0.035
[R]C(=O)N(C)Cc1ccccc1	00847	1.396	0.36
[R]C(=O)c1ccc(Cl)cc1Cl	00848	2.55	0.526
[R]Cc1cc(F)c(F)cc1F	00849	2.792	-0.001
[R]C1CCCCCCC1	00850	2.965	-0.144
[R]Nc1ccc(C(=O)OCC)cc1	00851	1.564	-0.264
[R]C(C)COC	00852	0.691	-0.061
[R]N1CCCc2ccccc12	00853	2.116	-0.462
[R]NC(=O)CN	00854	-1.814	-0.288
[R]N2CCC(c1ccccc1)CC2	00855	2.301	-0.661
[R]C(=O)COC	00856	0.261	0.508
[R]c1ccc(Cl)nc1	00857	1.554	0.144
[R]C(=O)NCc1ccc(C)cc1	00858	1.617	0.36
[R]c1ccccc1OC(F)(F)F	00859	3.47	-0.003
[R]C(=O)c1ccc(Cl)c(Cl)c1	00860	2.55	0.559
[R]CC(=O)NC	00861	-0.694	-0.125
[R]C(=O)c2cc1ccccc1o2	00862	1.229	0.44
[R]c1cccc2cnccc12	00863	1.668	0.064
[R]C1CC2CCC1C2	00864	1.933	-0.133
[R]C(=O)C1CCC1	00865	1.622	0.456
[R]c1ccc(F)c(C)c1	00866	2.584	0.018
[R]C(=O)c2ccc1OCCOc1c2	00867	0.831	0.453
[R]Nc1cc(C)cc(C)c1	00868	2.426	-0.408
[R]NC(=O)OCC	00869	0.056	-0.245
[R]C(C)c1ccc(F)cc1	00870	2.844	-0.057
[R]Oc1ccc(Cl)cc1Cl	00871	2.705	0.037
[R]Oc1cccc(C)c1	00872	2.136	-0.103
[R]Cc1ccccc1C(F)(F)F	00873	3.257	-0.101
[R]CCC(=O)OC	00874	0.352	-0.025
[R]NC(=O)c1ccccc1F	00875	1.141	-0.286
[R]Nc1ccc(OC)cc1OC	00876	0.986	-0.468
[R]c1ccc(OC(F)F)cc1	00877	2.579	-0.028
[R]Nc1ccc(C(C)C)cc1	00878	2.685	-0.402
[R]C(=O)C23CC1CC(CC(C1)C2)C3	00879	3.063	0.435
[R]Cc1ccc(S(C)(=O)=O)cc1	00880	1.519	-0.003
[R]c1cccc(S(C)(=O)=O)c1	00881	1.122	0.065
[R]c1nccn1C	00882	-0.024	0.162
[R]c1ccnc2ccccc12	00883	2.067	0.151
[R]c1cc(C(C)(C)C)on1	00884	2.273	0.132
[R]N(O)C=O	00885	-0.182	0.021
[R]c2cnc1[nH]ccc1c2	00886	0.732	-0.044
[R]c1ccc(C#N)c(C(F)(F)F)c1	00887	2.896	0.233
[R]c1cccc(CC)c1	00888	2.841	-0.038
[R]NC1(C#N)CC1	00889	-0.07	-0.479
[R]Nc1c(C)cccc1C	00890	2.426	-0.555
[R]C(=O)NCC#N	00891	-0.748	0.475
[R]C(=O)N1CCCCCC1	00892	0.738	0.345
[R]c1ccc(OCCCC)cc1	00893	2.932	-0.084
[R]c1ccc(OCCC)cc1	00894	2.536	-0.084
[R]c2nc(c1ccccc1)cs2	00895	2.687	0.185
[R]c1ccc(OC)c(F)c1	00896	1.864	-0.001
[R]Nc1ccc(C)cc1C	00897	2.426	-0.414
[R]S(C)=O	00898	-0.806	0.246
[R]OCCCN1CCOCC1	00899	-0.324	-0.243
[R]C(=O)NC1(C#N)CC1	00900	-0.367	0.477
[R]N(C(C)C)C(C)C	00901	1.543	-0.718
[R]c1ccc(Cl)c(C)c1	00902	2.963	0.04
[R]c1csc2ccccc12	00903	2.451	-0.009
[R]C(=O)Nc2nc1ccccc1s2	00904	1.786	0.502
[R]OCc1ccc(F)cc1	00905	1.903	-0.216
[R]c1cnc(N)nc1N	00906	-0.343	-0.115
[R]S(=O)(=O)NC	00907	-0.661	0.586
[R]CC=Cc1ccccc1	00908	2.906	-0.093
[R]C1CCCN1C	00909	0.576	-0.155
[R]C(=O)Nc1ccc(C(O)=O)cc1	00910	0.753	0.516
[R]Cc1ccsc1	00911	1.446	-0.109
[R]C(=O)N1CCC(C)CC1	00912	0.672	0.353
[R]OCCF	00913	0.147	-0.202
[R]Nc1cncnc1	00914	-0.465	-0.22
[R]c1cccc2[nH]ncc12	00915	1.071	0.045
[R]NC(=O)C(N)CCCNC(N)=N	00916	-2.18	-0.216
[R]NC(=O)Nc1cccc(C)c1	00917	1.213	-0.296
[R]c1ccc(Br)s1	00918	2.638	0.116
[R]C(=O)NCCN(C)C	00919	-0.648	0.371
[R]c1ccc(CN)cc1	00920	1.095	-0.038
[R]NC(=O)c1cccc(OC)c1	00921	0.749	-0.294
[R]c1cc(C)[nH]n1	00922	0.24	0.043
[R]c1nnc(C)o1	00923	0.214	0.412
[R]C(=O)c1ccc(O)cc1	00924	1.23	0.473
[R]Oc1cccc(Cl)c1	00925	2.187	-0.03
[R]OCc1ccccn1	00926	0.602	-0.207
[R]C(=O)N(CCC)CCC	00927	1.242	0.345
[R]C(=O)NCC(C)C	00928	0.587	0.358
[R]C#CC	00929	1.063	0.046
[R]C(N)Cc1cc(F)c(F)cc1F	00930	1.928	0.024
[R]C(=O)Nc1ccc(F)cc1F	00931	1.334	0.502
[R]CN2CCc1ccccc1C2	00932	1.938	-0.012
[R]c1cccc(I)c1	00933	3.235	0.048
[R]SCC(O)=O	00934	-0.128	0.057
[R]n1ccc(=O)[nH]c1=O	00935	-1.105	0.057
[R]CCC1=CCCCC1	00936	2.527	-0.122
[R]Cc1c(F)cccc1Cl	00937	3.031	-0.065
[R]Nc1c(F)cccc1F	00938	1.77	-0.387
[R]c1cccnc1C	00939	0.836	0.027
[R]Cc1cc(C)nc2ccccc12	00940	2.634	-0.044
[R]OC(=O)C(C)(C)C	00941	1.594	-0.096
[R]NC(=O)c1cccc(Cl)c1	00942	1.52	-0.253
[R]C(=O)NC(CC)c1ccccc1	00943	2.031	0.372
[R]c1cc(C)ccc1OC	00944	2.192	-0.155
[R]N1CCCC(C)C1	00945	1.156	-0.679
[R]CNC(C)C	00946	0.574	-0.098
[R]CCC1CCCCC1	00947	2.965	-0.134
[R]COCC	00948	0.379	-0.066
[R]Nc1cc(C(C)(C)C)on1	00949	2.086	-0.329
[R]NCCN	00950	-1.12	-0.62
[R]C(=O)NCCCN1CCOCC1	00951	-0.938	0.377
[R]C(O)CC(O)CC(O)=O	00952	-0.769	0.045
[R]C1CCCCN1	00953	0.611	-0.072
[R]c1sccc1C	00954	1.916	-0.001
[R]C(=O)Nc1cc(C(C)(C)C)on1	00955	1.65	0.499
[R]c2nnn3cnc1[nH]ccc1c23	00956	0.089	0.034
[R]c2nnc(c1ccccc1)o2	00957	2.127	0.423
[R]n1nnc2ccccc12	00958	1.209	0.211
[R]NC(=O)c1ccccc1OC	00959	0.749	-0.357
[R]Nc1ccc(O)cc1	00960	1.207	-0.362
[R]c1c(Cl)cncc1Cl	00961	1.702	0.212
[R]c2ccc1OCCc1c2	00962	1.706	-0.057
[R]C(CO)c1ccccc1	00963	1.629	-0.025
[R]NC(=O)c1ccccc1C	00964	1.469	-0.294
[R]NC(C)C(N)=O	00965	-1.115	-0.557
[R]NC(=O)Nc1ccc(Cl)cc1	00966	1.264	-0.256
[R]C(=O)c1nccs1	00967	0.14	0.399
[R]c2nc(c1ccccc1)oc2C	00968	1.991	0.068
[R]NCCCN(C)C	00969	-0.298	-0.629
[R]C(N)CC(O)=O	00970	-0.796	0.022
[R]Nc1cccc(C(O)=O)c1	00971	1.19	-0.304
[R]c1ccc(CO)cc1	00972	1.442	-0.019
[R]Nc1ccccc1C(O)=O	00973	1.19	-0.292
[R]CC1CCNCC1	00974	0.708	-0.128
[R]c1ccc(C#N)cn1	00975	1.101	0.314
[R]CCC=C(C)C	00976	2.239	-0.128
[R]c1ncc[nH]1	00977	-0.27	0.187
[R]c2cc1ccccc1oc2=O	00978	1.416	0.018
[R]NC(CCSC)C(N)=O	00979	-1.128	-0.576
[R]CCS(C)(=O)=O	00980	-0.215	0.022
[R]C1OC(C(=O)NCC)C(O)C1O	00981	-1.355	0.173
[R]Nc1c(C)cc(C)cc1C	00982	2.893	-0.566
[R]C(CCSC)C(N)=O	00983	-0.408	-0.071
[R]C(=O)NC(CCSC)C(N)=O	00984	-1.425	0.375
[R]C(=O)Nc1c(F)cccc1F	00985	1.334	0.426
[R]c2cc(C1CC1)[nH]n2	00986	0.926	0.048
[R]S(=O)(=O)Nc1ccon1	00987	-0.097	0.565
[R]NC(=O)CCc1ccccc1	00988	1.33	-0.285
[R]c2ccc1CCCc1c2	00989	2.804	-0.052
[R]C(=O)C(N)CC(O)=O	00990	-0.446	0.545
[R]C(=O)c1ccc(C(F)(F)F)cc1	00991	2.397	0.56
[R]n1cnc2ccccc12	00992	1.039	0.067
[R]C(=O)N1CCc2ccccc12	00993	1.283	0.44
[R]c1ccc(Br)cc1F	00994	2.909	0.094
[R]OCc1ccc(Cl)cc1	00995	2.282	-0.212
[R]CC(C)NC(C)=O	00996	-0.098	-0.096
[R]C(=O)NS(C)(=O)=O	00997	-0.958	0.584
[R]C(=O)NCCC(C)C	00998	0.911	0.358
[R]C(=O)NCc1ccccc1Cl	00999	1.668	0.36
[R]NC(=O)NC(C)c1ccccc1	01000	1.254	-0.357
[R]NC(C(C)C)C(O)=O	01001	0.621	-0.541
[R]Cc1ccc(F)cc1Cl	01002	3.031	-0.069
[R]c1cc(C)no1	01003	0.417	0.253
[R]CCc1ccncc1	01004	1.458	-0.052
[R]N(C)CC	01005	0.374	-0.661
[R]c1cncc(F)c1	01006	0.805	0.165
[R]Nc1ccc(N(=O)=O)cc1	01007	1.445	-0.114
[R]C(=O)Nc1ccncc1	01008	-0.257	0.51
[R]C(=O)c1ccc(Br)o1	01009	0.896	0.461
[R]Nc2ccc1ccccc1c2	01010	2.494	-0.368
[R]C(=O)NC1CCCCCC1	01011	1.355	0.358
[R]NCCCO	01012	-0.721	-0.603
[R]CC(=O)NC1CCCCC1	01013	0.891	-0.131
[R]C(=O)c1ccc(Cl)s1	01014	1.874	0.475
[R]CS(C)(=O)=O	01015	-0.467	0.171
[R]Nc1ccc(C(C)=O)cc1	01016	0.8	-0.267
[R]Nc1cccc(C)c1C	01017	2.426	-0.413
[R]NC(=O)C(N)CC(O)=O	01018	-1.896	-0.201
[R]C(N)CC(C)C	01019	1.019	-0.096
[R]C(=O)C1CNC(=O)C1	01020	-0.463	0.595
[R]CCN1CCN(C)CC1	01021	0.233	-0.101
[R]C(=O)NCc1cccc(OC)c1	01022	0.897	0.361
[R]NC(=O)C1CNC(=O)C1	01023	-1.913	-0.191
[R]N1CC(C(O)=O)C1	01024	-0.42	-0.573
[R]C(CCCNC(N)=N)NC(C)=O	01025	-1.253	-0.076
[R]c1cccc(C(=O)OC)c1	01026	1.708	0.029
[R]Cn1cncn1	01027	0.01	0.122
[R]N1CCCCC1C	01028	1.167	-0.699
[R]Nc2ccc1[nH]ncc1c2	01029	0.585	-0.395
[R]C(=O)Nc1ccc(Cl)c(Cl)c1	01030	2.091	0.526
[R]N1CC(F)(F)C1	01031	0.688	-0.457
[R]OC1CCOCC1	01032	-0.181	-0.24
[R]c1nccc(C(F)(F)F)n1	01033	1.501	0.326
[R]NC(=O)CC(C)C	01034	0.444	-0.296
[R]C=Cc1ccc(OC)cc1	01035	2.257	-0.049
[R]Nc2cc(C1CC1)[nH]n2	01036	0.74	-0.421
[R]C(=O)N1CCNCC1	01037	-0.94	0.366
[R]c2ccc1cc(Cl)ccc1c2	01038	3.498	0.037
[R]NC1CCC1	01039	0.463	-0.62
[R]NCCCOC	01040	-0.442	-0.607
[R]OCCc1ccccc1	01041	2.015	-0.262
[R]Cc2nc1ccccc1[nH]2	01042	1.293	-0.022
[R]c1c[nH]c2ccc(F)cc12	01043	1.425	-0.172
[R]C1CCN(S(C)(=O)=O)CC1	01044	0.342	-0.025
[R]c1ccnc(F)c1	01045	1.262	0.206
[R]NC(C)CC	01046	0.895	-0.65
[R]c1cn(C(N)=O)c2ccccc12	01047	0.54	-0.076
[R]c1ccc(CC(O)=O)cc1	01048	1.608	-0.008
[R]Nc1cccc(C(C)=O)c1	01049	0.8	-0.324
[R]c1c[nH]c2ccc(OC)cc12	01050	1.033	-0.24
[R]Nc1cc(OC)ccc1OC	01051	0.986	-0.427
[R]c1ccc(Br)cn1	01052	1.856	0.247
[R]C(=O)NC(C(C)C)C(O)=O	01053	0.324	0.412
[R]C(=O)Oc1ccccc1	01054	1.705	0.546
[R]N1CC(C)NC(C)C1	01055	0.298	-0.677
[R]c1onc(C)c1C	01056	0.884	0.228
[R]Nc1ccc(C#N)cc1	01057	1.527	-0.234
[R]NCc1cccc(Cl)c1	01058	1.965	-0.584
[R]NC(C)CO	01059	-0.36	-0.652
[R]C1COC(N)=N1	01060	-0.074	-0.06
[R]CC(C)N	01061	0.075	-0.221
[R]SCCC	01062	1.141	-0.046
[R]NC(C)C(O)=O	01063	-0.25	-0.5
[R]c1nsc2ccccc12	01064	2.398	0.247
[R]CCCC(F)(F)F	01065	2.211	-0.028
[R]C(=O)Nc1ccc(CC)cc1	01066	1.918	0.44
[R]C(F)(F)C(F)(F)F	01067	2.01	0.507
[R]C(=O)Nc1ccc(F)c(Cl)c1	01068	1.712	0.522
[R]Cc1cnc(N)nc1N	01069	0.053	-0.08
[R]Nc1cc(C)ccc1C	01070	2.426	-0.411
[R]C1CCN(C(C)C)CC1	01071	1.429	-0.133
[R]CCS(N)(=O)=O	01072	-0.507	0.049
[R]Oc1ccc(C(F)(F)F)cc1	01073	2.552	0.041
[R]Nc1cc(C)[nH]n1	01074	0.053	-0.422
[R]NS(=O)(=O)c1ccc(OC)cc1	01075	0.768	-0.174
[R]NC(=O)c1cccc(C)c1	01076	1.469	-0.299
[R]C(O)c1cccnc1	01077	0.293	0.062
[R]C1(N)CCC1	01078	-0.062	-0.068
[R]C(N)CO	01079	-0.962	-0.012
[R]c1ccn[nH]1	01080	0.069	0.113
[R]c1ccc(C)c(F)c1	01081	2.584	0.038
[R]C(C)Cc1ccccc1	01082	3.101	-0.104
[R]Nc1ccc(Cl)c(C(F)(F)F)c1	01083	2.892	-0.204
[R]Nc1cccc(C)n1	01084	1.049	-0.307
[R]OCCCCCC	01085	1.987	-0.273
[R]Nc1cc(OC)cc(OC)c1	01086	0.986	-0.378
[R]c1ccccc1SC	01087	2.068	-0.044
[R]C(=O)NCc1ccccc1OC	01088	0.897	0.318
[R]C(=O)NC1CCN(C)CC1	01089	-0.651	0.363
[R]N1CCC(C(=O)OCC)CC1	01090	0.458	-0.611
[R]Cc1cccc(Br)c1	01091	3.166	-0.065
[R]c1ncc(C)s1	01092	0.774	0.238
[R]c1ncc(C(F)(F)F)cc1Cl	01093	2.465	0.358
[R]NCCCn1ccnc1	01094	-0.921	-0.531
[R]C(=O)Cc1cccs1	01095	1.855	0.496
[R]Oc1cccc2ccccc12	01096	2.671	-0.068
[R]C(=O)c1ccc(C#N)cc1	01097	1.55	0.557
[R]N1CCCN(C)CC1	01098	-0.115	-0.691
[R]NCCc1ccc(Cl)cc1	01099	2.217	-0.599
[R]c1noc(=O)[nH]1	01100	-0.298	0.504
[R]OCCCOC	01101	-0.126	-0.237
[R]c2ccc(C1(N)CCC1)cc2	01102	1.623	-0.038
[R]NC(=O)NC	01103	-0.936	-0.356
[R]Nc1cccc(Cl)c1C	01104	2.477	-0.33
[R]c1ccc(F)cc1C	01105	2.584	0.016
[R]Cc1ccc(S(N)(=O)=O)cc1	01106	1.227	0.008
[R]C(=O)Nc1ccc(C)c(C)c1	01107	1.989	0.434
[R]CC1CCC(C)CC1	01108	2.899	-0.136
[R]c1ccc(N(=O)=O)o1	01109	0.822	0.842
[R]Cc1cccc(Cl)c1F	01110	3.031	-0.065
[R]c2ccc1OCC(=O)Nc1c2	01111	0.283	0.065
[R]c1nc(C)no1	01112	0.509	0.402
[R]CCCCCCCCCC	01113	4.327	-0.129
[R]CC(C)CC	01114	2.28	-0.136
[R]NC(=O)C(F)(F)F	01115	0.2	-0.035
[R]NS(=O)(=O)CC	01116	-0.318	-0.134
[R]Nc1ccc(C(C)(C)C)cc1	01117	3.119	-0.406
[R]c1cccc(NC(=O)C=C)c1	01118	1.703	-0.065
[R]c1c(C)[nH]c2ccccc12	01119	1.286	-0.174
[R]c2ccc(C1CNCCO1)cc2	01120	1.231	-0.019
[R]C(=O)N1CCCc2ccccc12	01121	1.679	0.45
[R]CC(=O)Nc1ccc(OC)cc1	01122	0.735	-0.074
[R]C(F)C(C)(C)O	01123	0.48	0.043
[R]S(=O)(=O)Nc1onc(C)c1C	01124	0.25	0.641
[R]C(=O)NCC(F)C(C)(C)O	01125	-0.348	0.383
[R]CC(F)C(C)(C)O	01126	0.731	-0.076
[R]NCC(F)C(C)(C)O	01127	-0.051	-0.614
[R]NCCCCC	01128	1.274	-0.642
[R]CCCCCC(=O)NO	01129	1.13	-0.115
[R]c1cncn1C	01130	-0.306	0.03
[R]c1c(C)onc1c2ccccc2	01131	2.101	0.034
[R]Oc1ccccc1F	01132	1.808	-0.028
[R]OC1CCOC1	01133	-0.233	-0.186
[R]Nc1cccc(C#N)c1	01134	1.527	-0.27
[R]S(=O)(=O)C(F)(F)F	01135	1.13	0.871
[R]CN1CC(C(O)=O)C1	01136	-0.272	-0.076
[R]Sc1ccc(C)cc1	01137	2.479	-0.082
[R]CCC(C)(C)C	01138	2.713	-0.141
[R]c1cccc2nsnc12	01139	1.947	0.007
[R]SCc1ccc(F)cc1	01140	2.246	0.002
[R]C(=O)NC(C)C(N)=O	01141	-1.412	0.367
[R]C(=O)CN(C)C	01142	0.405	0.47
[R]c1nncs1	01143	0.819	0.391
[R]NCC1CCCCC1	01144	1.569	-0.648
[R]C(C)C(F)(F)F	01145	1.826	0.122
[R]C(=O)C(N)Cc1cnc[nH]1	01146	-0.99	0.564
[R]NCc1cccc(F)c1	01147	1.586	-0.58
[R]N(C)C1CCCCC1	01148	1.617	-0.672
[R]c1ccccc1C(C)C	01149	3.171	-0.042
[R]c2nc(O)c1ccccc1n2	01150	2.035	0.219
[R]c2cc1cc(Cl)ccc1[nH]2	01151	2.033	0.073
[R]Cc1ccc(OP(O)(O)=O)cc1	01152	2.5	-0.093
[R]Nc1ccccc1OCC	01153	1.581	-0.443
[R]Nc1cc(Cl)cc(Cl)c1	01154	2.527	-0.253
[R]C1CCN(C(=O)OCC)CC1	01155	0.944	-0.065
[R]CC(=O)N1CCCCC1	01156	0.274	-0.137
[R]C(=O)C(C)(C)N	01157	0.376	0.537
[R]C(=O)Cc1ccc(Cl)c(Cl)c1	01158	3.42	0.546
[R]NC(=O)NC1CCCCC1	01159	0.649	-0.365
[R]S(=O)(=O)c1ccc(Cl)cc1	01160	1.584	0.63
[R]Oc2cnc1[nH]ccc1c2	01161	0.423	-0.09
[R]c1cccc(OCC)c1	01162	2.067	-0.012
[R]c1ccc(CCC(O)=O)cc1	01163	2.005	0
[R]Nc1cccc(O)c1	01164	1.207	-0.354
[R]CNC(=O)c1ccccc1	01165	1.15	0.106
[R]N1C(C(C)C)COC1=O	01166	1.067	-0.017
[R]C(N)Cc1cnc[nH]1	01167	-1.34	-0.017
[R]C(=O)Nc1ccc(C(C)C)cc1	01168	2.249	0.44
[R]C(O)CC(C)C	01169	1.366	-0.023
[R]CCCCO	01170	0.802	-0.101
[R]c1cccnc1Cl	01171	1.554	0.079
[R]Oc1cccnc1	01172	0.357	-0.009
[R]OCCN(CC)CC	01173	0.651	-0.281
[R]Cc1ccc(F)c(C(F)(F)F)c1	01174	3.396	0.003
[R]c1c(C)cccc1Cl	01175	2.963	0.049
[R]c1cccc(N(C)C)c1	01176	2.242	-0.058
[R]C1CCC(=O)N1	01177	-0.55	0.106
[R]NC(=O)c1ccncc1	01178	-0.31	-0.223
[R]NCCS(N)(=O)=O	01179	-1.29	-0.527
[R]OCC#CC	01180	0.849	-0.218
[R]OC1CCCCC1	01181	1.572	-0.289
[R]c1cnc2ccccn12	01182	0.801	0.005
[R]NC1CCC(N)CC1	01183	-0.15	-0.644
[R]CN(C)Cc1ccccc1	01184	1.957	-0.096
[R]CC(O)c1ccccc1	01185	1.857	-0.112
[R]COc1ccccc1C	01186	2.284	0.032
[R]NC(=O)C(N)Cc1cnc[nH]1	01187	-2.44	-0.204
[R]c1ccccc1OC(C)C	01188	2.48	-0.161
[R]CC(O)c1cccnc1	01189	0.545	-0.079
[R]C(=O)NCCS(N)(=O)=O	01190	-1.587	0.447
[R]OS(O)(=O)=O	01191	-0.105	0.276
[R]c1ccoc1C	01192	0.232	-0.098
[R]C(=O)C1CCCO1	01193	0.782	0.496
[R]N2CCN(C1CCCCC1)CC2	01194	1.418	-0.68
[R]c1ccc(O)c(Cl)c1	01195	2.211	0.065
[R]C(=O)c1ccccc1C(F)(F)F	01196	2.397	0.548
[R]C(=O)c2nc1ccccc1[nH]2	01197	0.897	0.488
[R]NS(N)(=O)=O	01198	-0.953	-0.095
[R]CC(=O)Nc1cc(C)on1	01199	-0.274	-0.025
[R]NCC(O)c1cccnc1	01200	-0.237	-0.573
[R]N1C(C(C)O)COC1=O	01201	-0.177	-0.139
[R]C(=O)Nc1ccc(C)cc1C	01202	1.989	0.439
[R]c1cnc(C)cn1	01203	-0.077	0.212
[R]CC(=O)Nc1ccc(C)cc1	01204	1.455	-0.074
[R]N2Cc1ccc(OC)cc1C2=O	01205	0.725	-0.06
[R]Nc1ccc(C)c(Cl)c1	01206	2.477	-0.329
[R]C2Cc1ccccc1CN2	01207	1.647	-0.05
[R]C(=O)OCCCCC	01208	1.627	0.492
[R]c1cc(F)ccc1C	01209	2.584	0.07
[R]NC(=O)CO	01210	-1.467	-0.275
[R]c1ccc(NC(N)=N)cc1	01211	0.727	-0.115
[R]N1CCC(C(N)=O)CC1	01212	-0.781	-0.607
[R]NCCC1=CCCCC1	01213	1.456	-0.642
[R]C(=O)OCCC	01214	0.834	0.492
[R]c1cc(C(F)(F)F)ccc1Cl	01215	3.378	0.16
[R]Nc1ccc(NC(C)=O)cc1	01216	0.34	-0.402
[R]C=NO	01217	0.237	0.168
[R]n1cnc(C)c1	01218	-0.42	0.116
[R]c1cccc(C(=O)NC)c1	01219	1.058	0.011
[R]NC(=O)C(C)(C)N	01220	-1.074	-0.316
[R]c2cc1C(=O)NCCc1[nH]2	01221	-0.745	-0.087
[R]NC(C)c1ccc(F)cc1	01222	2	-0.587
[R]C(C)(F)F	01223	1.078	0.25
[R]C=c1sc(=O)[nH]c1=O	01224	0.334	0.456
[R]C1CCS(=O)(=O)CC1	01225	0.026	0.041
[R]c1cc(Cl)c(N)cc1OC	01226	1.46	-0.193
[R]NCCc1ccc(OC)cc1	01227	1.446	-0.636
[R]N(C)CCN(C)C	01228	0.011	-0.648
[R]C(=O)Nc1cccc(Cl)c1C	01229	2.04	0.483
[R]Oc1cccc(OC)c1	01230	1.416	-0.095
[R]N1CCSCC1	01231	0.132	-0.557
[R]c1cc(C)ccc1F	01232	2.584	-0.012
[R]NC(=O)c2cc1ccccc1o2	01233	0.716	-0.221
[R]c1ccc(F)nc1	01234	1.262	0.13
[R]NC1CC1c2ccccc2	01235	1.687	-0.603
[R]NC(=O)c1cnccn1	01236	-1.223	-0.231
[R]CC2COc1ccccc1O2	01237	1.709	-0.044
[R]c1nc(C)nc(N)n1	01238	0.111	0.255
[R]NC(=O)c1ccc(Cl)s1	01239	1.361	-0.235
[R]CCCOCC	01240	1.027	-0.098
[R]C(CC(O)=O)C(O)=O	01241	-0.35	0.079
[R]C(=O)Nc1cccc(C(C)=O)c1	01242	0.363	0.481
[R]NC(=O)NCC(F)(F)F	01243	0.039	-0.256
[R]c1ccc(OC)cn1	01244	0.812	0.089
[R]CCC(N)C(O)=O	01245	-0.205	-0.076
[R]CCCCC(O)=O	01246	1.113	-0.087
[R]C(=O)Nc1c(C)cccc1C	01247	1.989	0.413
[R]CC(O)C(F)(F)F	01248	1.055	0.04
[R]NC1CCOC1	01249	-0.55	-0.552
[R]c2ccc1C(=O)OCc1c2C	01250	1.905	0.181
[R]Oc1ccc(C#N)cc1	01251	1.705	0.04
[R]Nc1ccc(C(=O)OC)cc1	01252	1.221	-0.259
[R]c1ccccc1C(N)=O	01253	0.811	-0.141
[R]CCN1C(=O)CCC1=O	01254	-0.554	-0.014
[R]NC(=O)COc1ccccc1	01255	0.592	-0.234
[R]Nc1ccc(Cl)cc1Cl	01256	2.527	-0.247
[R]C=Cc1ccco1	01257	0.993	0.037
[R]c1nnc(N)s1	01258	0.539	0.236
[R]S(=O)(=O)N1CCCCCC1	01259	0.819	0.545
[R]c1nnc(CC)s1	01260	1.536	0.35
[R]Nc1nccc(C(F)(F)F)n1	01261	1.32	-0.235
[R]NC(=O)c2ccc1OCOc1c2	01262	0.686	-0.266
[R]CC(=O)N(CC)CC	01263	0.237	-0.142
[R]N(C)CCO	01264	-0.411	-0.66
[R]OCC#C	01265	0.261	-0.198
[R]C(=O)c1c[nH]c2ccccc12	01266	0.823	0.363
[R]CN1CCNCC1	01267	-0.38	-0.096
[R]c1cn(C)c(=O)c2[nH]ccc12	01268	-0.438	-0.114
[R]C(=O)C(N)=O	01269	-0.399	0.644
[R]C(=O)c1c(F)cccc1F	01270	1.793	0.453
[R]n1cnnc1	01271	-0.567	0.277
[R]S(=O)(=O)c1ccc(OC)cc1	01272	0.814	0.575
[R]C1CNC1	01273	-0.364	-0.058
[R]C(=O)Nc1cc(C)cc(C)c1	01274	1.989	0.435
[R]C(=O)c1cc(Cl)c(N)cc1OC	01275	0.997	0.32
[R]C1CCCCO1	01276	0.829	-0.05
[R]c1ccc(CCCC)cc1	01277	3.634	-0.047
[R]c1ncc(F)cn1	01278	0.359	0.274
[R]C(=O)NCc1ccncc1	01279	-0.162	0.405
[R]Cn2c(=O)c1ccccc1c2=O	01280	0.619	0.081
[R]c1cc(Cl)c(O)c(Cl)c1	01281	2.729	0.151
[R]C(=O)CC#N	01282	0.736	0.632
[R]CCCCCCCCC	01283	3.931	-0.129
[R]OCCCN1CCCC1	01284	0.344	-0.258
[R]CN1CCC(O)C1	01285	-0.318	-0.077
[R]CCNCC(O)c1cccnc1	01286	0.162	-0.054
[R]C(=O)c2cc1cc(Cl)ccc1[nH]2	01287	1.57	0.497
[R]c1ccc(OCC)c(OCC)c1	01288	2.157	-0.061
[R]C(=O)c2ccc1ccccc1n2	01289	2.003	0.39
[R]COc1ccc(C)cc1	01290	2.284	0.027
[R]CC(=O)NCC1CCCO1	01291	-0.463	-0.152
[R]CCN1CCCC1C	01292	1.17	-0.09
[R]Oc2ccc1ccccc1c2	01293	2.671	-0.087
[R]C(C(C)C)C(=O)C(F)(F)F	01294	2.872	0.078
[R]NC(C(C)C)C(=O)C(F)(F)F	01295	2.28	-0.446
[R]c2sc1ccccc1c2C	01296	3.317	0.049
[R]C1CCCCC1C(O)=O	01297	1.502	-0.085
[R]c1ccc(C(=O)NO)cc1	01298	1.297	0.136
[R]NCCc1c[nH]c2ccccc12	01299	1.007	-0.663
[R]NCCN(CC)CC	01300	0.334	-0.636
[R]n1ccnn1	01301	-0.421	0.322
[R]N(C)C(C)C	01302	0.787	-0.669
[R]NCc1cccc(Cl)c1F	01303	2.104	-0.58
[R]C(=O)CCCCC	01304	2.356	0.458
[R]Nc1nc(C)cs1	01305	0.593	-0.201
[R]COc1ccc(OC)cc1	01306	1.564	0.027
[R]C(Cc1ccc(O)cc1)C(N)=O	01307	0.951	-0.106
[R]NC(=O)C=Cc1ccccc1	01308	1.534	-0.315
[R]c1sc(C)nc1C	01309	1.124	0.03
[R]C(=O)NCc1cccc(Cl)c1F	01310	1.807	0.386
[R]c1c[nH]c2ncccc12	01311	0.732	-0.148
[R]C(=O)N1CCC1	01312	-0.506	0.342
[R]c1cn(C(C)C)c2ncncc12	01313	1.09	-0.115
[R]NC(CO)c1ccccc1	01314	1.074	-0.617
[R]c2nc1ccc(OC)cc1s2	01315	2.151	0.265
[R]c1c(F)c(F)c(F)c(F)c1F	01316	2.675	0.32
[R]N1CC2CCC(C1)O2	01317	0.156	-0.629
[R]c1ccc(C(=O)N(C)C)cc1	01318	1.304	0.053
[R]CCCF	01319	1.009	-0.055
[R]C1CCC(F)(F)CC1	01320	1.922	-0.044
[R]C(=O)c1ccc(S(N)(=O)=O)cc1	01321	0.367	0.575
[R]C(=O)N(CCCC)CCCC	01322	2.034	0.344
[R]C(CC)C(O)=O	01323	0.883	-0.022
[R]C(=O)CCN	01324	-0.183	0.475
[R]OCC(F)F	01325	0.243	-0.136
[R]c1ccno1	01326	0.246	0.271
[R]C(=O)c2cc1ccccc1[nH]2	01327	1.052	0.458
[R]C1C3CC2CC1CC(O)(C2)C3	01328	1.248	-0.099
[R]Cc1ccc(CC)cc1	01329	3.237	-0.12
[R]C(=O)c1cc(Cl)cc(Cl)c1	01330	2.55	0.56
[R]c1cccnc1F	01331	1.262	0.075
[R]C(=O)c1ccccc1Br	01332	2.306	0.477
[R]c2ccc1[nH]cnc1c2	01333	0.849	-0.072
[R]c1cccc(NS(C)(=O)=O)c1	01334	1.22	0.056
[R]C(=O)NCC1CC1	01335	0.083	0.363
[R]C(=O)NC(C)C(O)=O	01336	-0.548	0.41
[R]NC(=O)c1ccc(Cl)cc1Cl	01337	2.038	-0.253
[R]OCCCN(C)C	01338	0.018	-0.259
[R]NS(=O)(=O)C1CC1	01339	-0.265	-0.158
[R]OCC(N)=O	01340	-1.336	-0.158
[R]NN1CCCCC1	01341	0.708	-0.66
[R]CCCCCCCCCCC	01342	4.723	-0.129
[R]Cc1ccc(C(=O)OC)cc1	01343	2.104	-0.039
[R]C1CCN(C)C1	01344	0.349	-0.093
[R]C(CCCNC(N)=N)C(O)=O	01345	-0.489	0.007
[R]c1cccc2nc(C)ccc12	01346	2.237	0.057
[R]C(=O)C1CCCN1	01347	0.564	0.507
[R]Sc2nc1ccccc1s2	01348	2.744	0.016
[R]C(=O)Nc1ccc(C(C)=O)cc1	01349	0.363	0.505
[R]c2ccc1c(C)cc(=O)oc1c2	01350	1.883	0.152
[R]N1CC(O)C1	01351	-0.519	-0.655
[R]N1CCCC1CO	01352	-0.015	-0.786
[R]C(CCCCN)C(O)=O	01353	0.181	-0.017
[R]NC(=O)CCCC	01354	0.509	-0.299
[R]C(=O)Nc1ccccc1C(O)=O	01355	0.753	0.405
[R]C(=O)Nc1ccccc1OCC	01356	1.145	0.399
[R]c1ccc(C#N)c(Cl)c1	01357	2.531	0.198
[R]C(=O)Nc1c(C)cc(C)cc1C	01358	2.456	0.407
[R]OCc1ccc(Cl)c(Cl)c1	01359	2.8	-0.179
[R]OC(=O)N(C)C	01360	-0.04	-0.139
[R]c1ccc(OC)c(O)c1	01361	1.44	-0.049
[R]c1ccc(OC(C)C)c(C#N)c1	01362	2.516	0.011
[R]OC(=O)c1ccco1	01363	0.135	-0.039
[R]Cc1cccc(C(O)=O)c1	01364	2.072	-0.066
[R]c1cnc(N)c(OC(F)F)c1	01365	1.182	-0.052
[R]c2ccc(c1ccsc1)cc2	01366	2.734	-0.019
[R]c1ccc(OCC#CC)cc1	01367	2.587	-0.065
[R]NC(CCCNC(N)=N)C(O)=O	01368	-1.153	-0.514
[R]CC(=O)Nc1ccc(F)cc1	01369	1.127	-0.044
[R]C1CCCN1CC	01370	0.919	-0.161
[R]OCCN1C(=O)CCC1=O	01371	-1.019	-0.226
[R]NS(=O)(=O)CCC	01372	0.15	-0.137
[R]N1CCCC1C(N)=O	01373	-0.771	-0.672
[R]NCCCCCC	01374	1.67	-0.642
[R]C(=O)CN1CCOCC1	01375	0.063	0.5
[R]CCCCCCc1ccccc1	01376	4.355	-0.125
[R]c1nnc(S(N)(=O)=O)s1	01377	0.175	0.603
[R]C(=O)c1cc(OC)cc(OC)c1	01378	1.009	0.451
[R]COC(=O)C(C)(C)C	01379	1.743	0.043
[R]C1(C)CC1	01380	1.416	-0.096
[R]c1ccc(CCC)cc1	01381	3.237	-0.047
[R]Cc1cccc(N(=O)=O)c1	01382	2.327	0.03
[R]Nc1ccccc1CC	01383	2.355	-0.403
[R]C(=O)C(N)CO	01384	-0.613	0.548
[R]C=Cc1ccc(Cl)cc1	01385	3.028	0.04
[R]Cc1cc(F)ccc1F	01386	2.653	-0.046
[R]NC1CCNCC1	01387	-0.715	-0.634
[R]c1cnn(CC)c1	01388	0.429	-0.19
[R]CCC(=O)OCC	01389	0.694	-0.03
[R]C(=O)Cc1ccc(OC)cc1	01390	2.131	0.467
[R]C(C)(C)c1ccccc1	01391	3.137	-0.122
[R]n1ccccc1=O	01392	0.198	-0.041
[R]C(N)Cc1c[nH]c2ccccc12	01393	0.817	-0.074
[R]NC(=O)c1ccc(Br)o1	01394	0.383	-0.202
[R]c1ccc(Cl)c(N(=O)=O)c1	01395	2.449	0.239
[R]CSC	01396	0.479	0.005
[R]c1ccccc1S(C)(=O)=O	01397	1.122	0.182
[R]CC(C)=O	01398	0.471	-0.099
[R]c1ccccc1n2nccn2	01399	1.379	-0.006
[R]C(Cl)(Cl)Cl	01400	1.735	0.402
[R]N(CC)Cc1ccccc1	01401	2.151	-0.653
[R]c2nc1c(C(N)=O)cccc1[nH]2	01402	0.194	0.388
[R]c1nnnn1c2ccccc2	01403	1.677	0.516
[R]C1CC(O)CC(=O)O1	01404	-0.472	0.162
[R]NOC	01405	-0.058	-0.614
[R]N1CCC(F)(F)C1	01406	0.931	-0.511
[R]N1CCC(N(C)C)CC1	01407	0.008	-0.666
[R]NC(=O)NC(C)(C)C	01408	-0.102	-0.362
[R]S(=O)(=O)N1CCN(C)CC1	01409	-0.498	0.549
[R]CC(C)=C	01410	1.491	-0.125
[R]NC(=O)c1ccc(Br)cc1	01411	1.793	-0.247
[R]C1CCCCC1N	01412	0.839	-0.229
[R]c1noc2cc(F)ccc12	01413	1.787	0.405
[R]Nc1ccccc1C(=O)OC	01414	1.221	-0.31
[R]C(=O)Cc1ccc(Cl)cc1	01415	2.902	0.515
[R]CCCC(C)C	01416	2.676	-0.133
[R]Cc1ccccc1C#N	01417	2.41	-0.055
[R]c2ccc1cc(OC)ccc1c2	01418	2.727	-0.038
[R]C(=O)NCCC1=CCCCC1	01419	1.159	0.361
[R]SCC(=O)OCC	01420	0.246	0.034
[R]C(N)C(C)C	01421	0.695	-0.091
[R]C(=O)N(C)c1ccccc1	01422	1.301	0.399
[R]Nc1ccc(N(C)C)cc1	01423	1.756	-0.495
[R]N1CCNC(C)C1	01424	-0.115	-0.672
[R]C(O)c1cccc(Cl)c1	01425	2.123	0.037
[R]C(=O)c1cccc(Cl)c1Cl	01426	2.55	0.526
[R]c2cc(C1CC1)n[nH]2	01427	0.926	0.103
[R]OC(C)(C)C(O)=O	01428	0.269	-0.156
[R]C(=O)NCCCc1ccccc1	01429	1.798	0.366
[R]Cc1cscn1	01430	0.737	-0.112
[R]OCCCc1c[nH]cn1	01431	-0.412	-0.299
[R]NS(=O)(=O)C(F)(F)F	01432	1.085	0.059
[R]C(=O)CC(C)(C)C	01433	2.327	0.461
[R]CC(=O)Nc1ccccc1OC	01434	0.735	-0.095
[R]CC(=O)NCCc1ccccc1	01435	1.334	-0.125
[R]CC(=O)NC(C)(C)C	01436	0.139	-0.129
[R]C1CC1(F)F	01437	0.905	0.076
[R]c1cccnn1	01438	0.613	0.284
[R]C(=O)Nc1cccc(C(O)=O)c1	01439	0.753	0.494
[R]c1c(C)cc(C)[nH]c1=O	01440	0.475	0.005
[R]C(C)(O)C(F)(F)F	01441	0.882	0.209
[R]Nc1cc(Cl)ccc1OC	01442	1.757	-0.368
[R]C#CC1CC1	01443	1.286	0.059
[R]Cc1c(C)cc(C)[nH]c1=O	01444	0.871	-0.123
[R]c1ccc(S(=O)(=O)N(C)C)cc1	01445	1.438	0.159
[R]c2sc1ccccc1c2Cl	01446	3.368	0.103
[R]C(N)C(C)CC	01447	1.091	-0.088
[R]CC(=O)NC1CCCC1	01448	0.494	-0.131
[R]NCC(C)(C)C	01449	1.39	-0.655
[R]OCc1ccc(OC)cc1	01450	1.511	-0.264
[R]C(=O)C2COc1ccccc1O2	01451	1.807	0.624
[R]C(=O)c1ccc(N(C)C)cc1	01452	1.779	0.325
[R]Nc1cc(C)ccn1	01453	1.345	-0.304
[R]C(O)C(O)CC(C)C	01454	0.994	-0.03
[R]OCc1cccc(Cl)c1	01455	2.282	-0.212
[R]C(CCCNC(N)=N)C(N)=O	01456	-1.354	-0.103
[R]c1ccc(C(O)=O)c(O)c1	01457	1.391	0.149
[R]NCCN1CCCC1	01458	-0.025	-0.626
[R]N1CCC(C(O)=O)CC1	01459	0.083	-0.596
[R]C1CCCCC1O	01460	1.186	-0.19
[R]C(=O)c1ccc(OCC)cc1	01461	1.604	0.431
[R]C(CO)CO	01462	-0.69	-0.068
[R]c1c(F)cccc1OC	01463	1.864	-0.046
[R]OC2C1CC3CC(C1)CC2C3	01464	2.031	-0.299
[R]Oc1ccc(Cl)c(Cl)c1	01465	2.705	0.027
[R]Oc1ccc(Br)cc1	01466	2.461	-0.012
[R]Cc1ccc(OC)cc1OC	01467	1.868	-0.21
[R]CCC1CC1	01468	1.776	-0.12
[R]C(=O)NCCCOC	01469	-0.74	0.374
[R]C(N)CCCCN	01470	-0.41	-0.08
[R]N1CCC(N)CC1	01471	-0.762	-0.661
[R]C(C)(C)C#N	01472	1.489	0.068
[R]C(=O)OCC(C)C	01473	1.237	0.492
[R]C(=O)C1CCC(=O)N1	01474	-0.2	0.608
[R]N1CCS(=O)(=O)CC1	01475	-0.814	-0.424
[R]C(=O)NC(C)CC	01476	0.597	0.358
[R]S(=O)(=O)NC(C(C)C)C(O)=O	01477	0.29	0.622
[R]c1cccc(C(C)C)c1	01478	3.171	-0.041
[R]NC(CCCN=C(N)N)C(N)=O	01479	-2.018	-0.661
[R]C(CCCN=C(N)N)C(N)=O	01480	-1.354	-0.137
[R]C(=O)Nc1cc(Cl)cc(Cl)c1	01481	2.091	0.527
[R]c1ccc(CN(C)C)cc1	01482	1.864	-0.046
[R]C(C)=N	01483	0.71	0.22
[R]C(C(=O)NC)C(C)(C)C	01484	1.028	-0.126
[R]NC(=O)C1CCC(=O)N1	01485	-1.65	-0.191
[R]NC(C(=O)NC)C(C)(C)C	01486	0.508	-0.574
[R]C(=O)NCCCCC	01487	0.977	0.36
[R]NC(=O)C(N)CO	01488	-2.063	-0.221
[R]C(=O)NC(C(=O)NC)C(C)(C)C	01489	0.211	0.367
[R]C(=O)Nc1nc(C)cs1	01490	0.157	0.556
[R]Nc1nnc(CC)s1	01491	1.355	-0.27
[R]N1CCCC(C(O)=O)C1	01492	0.228	-0.573
[R]CC(=O)N1CCCC1C#N	01493	-0.048	-0.068
[R]c1cccc(C(C)(C)C)c1	01494	3.605	-0.044
[R]C(Cc1ccc(O)cc1)C(O)=O	01495	1.815	0.016
[R]CC(C)c1ccccc1	01496	3.101	-0.104
[R]C1CCCc2cccnc12	01497	1.919	-0.171
[R]c1c(C)n[nH]c1C	01498	0.011	-0.139
[R]NCc1ccc(Cl)cc1Cl	01499	2.483	-0.585
[R]c2ccc(N1CCCCC1)cc2	01500	2.964	-0.093
[R]c1ncnc2[nH]cnc12	01501	0.05	0.219
[R]Oc1ccc(C(N)=N)cc1	01502	0.674	-0.039
[R]c2ccc(C1CCCCC1)cc2	01503	3.856	-0.049
[R]Cc1cccc(C#N)c1	01504	2.41	-0.031
[R]Nc1cccc(N(=O)=O)c1	01505	1.445	-0.161
[R]c1cc(Br)ccc1OC	01506	2.517	-0.047
[R]c1cc(Cl)ccc1O	01507	2.211	0.057
[R]OCCN	01508	-0.804	-0.261
[R]SCc1ccc(Cl)cc1	01509	2.625	0.005
[R]c1ccc(OCC(O)=O)cc1	01510	1.267	-0.022
[R]c1ccnc2[nH]ccc12	01511	0.732	0.043
[R]c1coc2ccccc12	01512	1.463	-0.06
[R]N(C)c1ncnc2[nH]ccc12	01513	0.547	-0.419
[R]NC(CCCNC(N)=N)C(N)=O	01514	-2.018	-0.547
[R]C(=O)Nc1cc(C)ccc1C	01515	1.989	0.439
[R]N(C)CCOC	01516	-0.133	-0.663
[R]N1CCC(F)(F)CC1	01517	1.173	-0.552
[R]c1cccc2ncccc12	01518	2.067	0.07
[R]N1CCC(N(C)C)C1	01519	-0.044	-0.671
[R]Sc1nnnn1C	01520	0.603	0.124
[R]C(=O)Nc1nnc(CC)s1	01521	0.919	0.538
[R]NC(CCCCN)C(O)=O	01522	-0.484	-0.528
[R]NC1C3CC2CC1CC(O)(C2)C3	01523	0.476	-0.629
[R]Cc1ccccc1N(=O)=O	01524	2.327	-0.109
[R]Nc1cccc2[nH]ncc12	01525	0.585	-0.319
[R]C(N)c1ccccc1	01526	1.257	-0.079
[R]c1cc(Cl)ccc1OCC(O)=O	01527	1.785	-0.031
[R]C#CC(C)(C)O	01528	0.552	0.128
[R]c1cccc(CO)c1	01529	1.442	-0.033
[R]Cc1ccc(CN)cc1	01530	1.491	-0.112
[R]Nc1ccc(OC)nc1	01531	0.625	-0.343
[R]C(=O)NCCc1ccc(Cl)cc1	01532	1.919	0.391
[R]Sc1ccccn1	01533	1.399	-0.084
[R]CNC(=O)C(C)(C)C	01534	1.093	0.09
[R]NCC(=O)N1CCCC1C#N	01535	-0.76	-0.527
[R]NC1CCCCC1N	01536	0.139	-0.65
[R]c1cccc2OCOc12	01537	1.662	-0.031
[R]C(=O)C1CC1c2ccccc2	01538	2.773	0.421
[R]C(=O)C=Cc1ccco1	01539	0.53	0.352
[R]Nc2cc(C1CC1)n[nH]2	01540	0.619	-0.316
[R]C(=O)COc1ccc(Cl)cc1	01541	2.56	0.603
[R]n1c(C)nc2ccccc12	01542	1.322	0.19
[R]NC(=O)c1cccc(F)c1	01543	1.141	-0.25
[R]C=c1sc(=S)[nH]c1=O	01544	1.069	0.646
[R]NC(=O)C1CCC1	01545	0.172	-0.292
[R]C1=NCCS1	01546	0.607	0.288
[R]NC(=O)Nc1cccc(Cl)c1	01547	1.264	-0.264
[R]C(=O)NC(CCCCN)C(O)=O	01548	-0.781	0.404
[R]N(C)S(=O)(=O)c1ccccc1	01549	1.382	-0.235
[R]Cc1ccccc1Br	01550	3.166	-0.112
[R]C=CCN(C)C	01551	0.712	-0.071
[R]CCc1ccc(Cl)cc1Cl	01552	3.806	-0.058
[R]CCc1ccc(C)cc1	01553	3.237	-0.106
[R]N2C(=O)c1ccccc1S2(=O)=O	01554	0.823	0.094
[R]c1csnn1	01555	0.545	0.238
[R]Cc1cccc(O)c1	01556	2.089	-0.082
[R]NC(=O)CCN	01557	-1.633	-0.278
[R]C(=O)Nc1cccc(C)n1	01558	0.612	0.416
[R]C(CO)C(C)C	01559	1.139	-0.069
[R]C(=O)NN1CCCCC1	01560	0.411	0.378
[R]c2nc1ccc(C)cc1s2	01561	2.871	0.288
[R]C(=O)C(N)CCCCN	01562	-0.06	0.51
[R]CC(O)c1cccc(Cl)c1	01563	2.375	-0.076
[R]Nc1ccc(F)c(F)c1	01564	1.77	-0.247
[R]CCc1cccs1	01565	1.777	-0.079
[R]c1csc(N)n1	01566	0.524	0.048
[R]c1ncc(C(=O)NO)cn1	01567	-0.461	0.375
[R]c2nc1cc(C(N)=O)ccc1[nH]2	01568	0.194	0.38
[R]C(=O)c1cccc(Br)c1	01569	2.306	0.518
[R]C(=O)Nc1cccc(C#N)c1	01570	1.091	0.524
[R]NCC(O)c1cccc(Cl)c1	01571	1.592	-0.576
[R]C(C(C)O)C(N)=O	01572	-0.968	0.003
[R]CCCOc1ccccc1	01573	2.465	-0.055
[R]CC(N)Cc1ccccc1	01574	1.761	-0.218
[R]CC1CCCN1CC	01575	1.17	-0.134
[R]c2ccc(n1cccn1)cc2	01576	1.593	0.029
[R]CCCl	01577	1.156	0.022
[R]C(P(O)(O)=O)P(O)(O)=O	01578	0.008	0.193
[R]C(=O)c1ccc(Cl)cn1	01579	1.12	0.432
[R]C(F)(F)C(F)F	01580	1.292	0.458
[R]c2ccnc(NC(=O)C1CC1)c2	01581	0.9	0.124
[R]Cc1ccc(N)cc1	01582	1.591	-0.169
[R]S(=O)(=O)N1CCC(C)CC1	01583	0.753	0.54
[R]Nc1c(C)cccc1Cl	01584	2.477	-0.55
[R]c2ccc(N1CCOCC1)nc2	01585	1.286	0.011
[R]c1nc(=O)o[nH]1	01586	0.249	0.728
[R]c2ccc(N1CCNCC1)cc2	01587	1.682	-0.088
[R]NC(C(C)O)C(N)=O	01588	-1.488	-0.531
[R]NC(=O)N1CCOCC1	01589	-1.032	-0.338
[R]Nc1ccc(Br)cc1F	01590	2.423	-0.237
[R]C(=O)Nc1cccc(C)c1C	01591	1.989	0.44
[R]N1CCC2(CC1)OCCO2	01592	0.746	-0.672
[R]Cc1cccc(I)c1	01593	3.631	-0.063
[R]C(=O)NC(C(C)O)C(N)=O	01594	-1.785	0.399
[R]C(=O)C2Cc1ccccc1CN2	01595	1.997	0.486
[R]C(=O)C=CCN(C)C	01596	1.186	0.358
[R]NC2C1CC3CC(C1)CC2C3	01597	1.714	-0.663
[R]NC(=O)COC	01598	-1.189	-0.28
[R]Nc2nc1ccccc1[nH]2	01599	1.272	-0.137
[R]Nc1ccccc1C(F)(F)F	01600	2.374	-0.232
[R]c2nc1CCN(C)Cc1s2	01601	0.702	0.133
[R]c1ccncc1F	01602	0.805	0.151
[R]CCCCCC(O)=O	01603	1.509	-0.106
[R]NC(=O)CCC(O)=O	01604	-1.119	-0.235
[R]C1COCCO1	01605	-0.236	0.038
[R]c1ccc(C(=O)NC)cc1	01606	1.058	0.094
[R]NC(=O)c1ccc(Cl)cn1	01607	0.607	-0.242
[R]c1cccc(SC)c1	01608	2.068	0
[R]Oc1ccc(C(O)=O)cc1	01609	1.367	0.022
[R]C(=O)NCC=C	01610	0.114	0.367
[R]c1ccc(CC(C)C)cc1	01611	3.568	-0.047
[R]c1cc(C)ccc1n2nccn2	01612	1.846	-0.017
[R]NCCN1CCCCC1	01613	0.371	-0.634
[R]c1ccc(O)c(NS(C)(=O)=O)c1	01614	0.936	0.04
[R]c1ccc(OCC(O)=O)c(C)c1	01615	1.734	-0.05
[R]CC=CCCCC(O)=O	01616	1.645	-0.109
[R]CCCCC(=O)NO	01617	0.734	-0.096
[R]c2nc(c1ccccc1)no2	01618	2.242	0.416
[R]Oc1cccc(C(F)(F)F)c1	01619	2.552	0.011
[R]Oc1ccc(N(=O)=O)cc1	01620	1.622	0.151
[R]NCc1ccc(Cl)c(Cl)c1	01621	2.483	-0.549
[R]N1C(C)Cc2ccccc12	01622	2.133	-0.446
[R]Nc1cccc(CC)c1	01623	2.355	-0.4
[R]CC(=O)Nc1cccc(OC)c1	01624	0.735	-0.079
[R]Oc1cccc(F)c1	01625	1.808	-0.023
[R]N1CCCCC1=O	01626	-0.126	-0.343
[R]c1ncnc2ccccc12	01627	1.822	0.369
[R]Oc1ccc(O)cc1	01628	1.384	-0.065
[R]SC(C)C	01629	1.086	-0.055
[R]C(=S)Nc1ccccc1	01630	1.789	0.692
[R]NC(=O)Nc1ccc(OC)cc1	01631	0.493	-0.299
[R]c1cc(Br)ccc1O	01632	2.485	0.057
[R]N(CC)CCCC	01633	1.582	-0.671
[R]c1ccc(OC)cc1C	01634	2.192	-0.098
[R]c1cc(F)c(F)c(F)c1	01635	2.396	0.225
[R]c1ccnc2cc(Cl)ccc12	01636	2.585	0.209
[R]COc1ccc(F)cc1	01637	1.956	0.068
[R]C1CC2CCC(C1)N2C	01638	1.14	-0.153
[R]Nc1cccc(C(=O)NC)c1	01639	0.571	-0.326
[R]C(=O)N1CCCC1C(N)=O	01640	-1.183	0.333
[R]OCCCC(F)(F)F	01641	1.456	-0.183
[R]C(CC(C)C)NC(C)=O	01642	0.845	0.068
[R]n1cc(C)c(=O)[nH]c1=O	01643	-0.638	0.034
[R]c1cccc2OCCOc12	01644	1.294	-0.098
[R]C(=O)N1CCN(C(C)=O)CC1	01645	-1.276	0.423
[R]n1ncc2cc(C#N)cnc12	01646	0.744	0.086
[R]C(=O)CCCc1ccccc1	01647	3.177	0.469
[R]N1CC(C)CC(C)C1	01648	1.559	-0.68
[R]CC1CCC(C(O)=O)CC1	01649	1.898	-0.142
[R]CCc1c[nH]cn1	01650	-0.054	-0.174
[R]N1CCNC1=O	01651	-0.867	-0.33
[R]N(C)C(C)=O	01652	-0.665	-0.18
[R]C(=O)Nc1ccc(C)c(Cl)c1	01653	2.04	0.481
[R]C1(C)COC1	01654	0.459	-0.049
[R]C(=O)NC(C)c1ccc(F)cc1	01655	1.702	0.396
[R]Cc1ccc(OC)c(Cl)c1	01656	2.639	-0.09
[R]CC1CCCN1	01657	0.466	-0.156
[R]c1cccc(OC)c1O	01658	1.44	-0.02
[R]Oc1c(C)cccc1C	01659	2.603	-0.223
[R]OCC1CCCCC1	01660	1.886	-0.277
[R]N1CC2CC1CO2	01661	-0.295	-0.598
[R]c1nnn(C)n1	01662	0.286	0.222
[R]NCCc1ccc(F)cc1	01663	1.838	-0.601
[R]NC(CO)C(C)C	01664	0.512	-0.647
[R]c1c(N)nc(N)nc1CC	01665	0.456	-0.142
[R]NC=O	01666	-0.782	-0.264
[R]CN(O)C=O	01667	-0.033	0.151
[R]C1SC(=O)NC1=O	01668	-0.138	0.272
[R]NC(=O)c1ccc(Cl)c(Cl)c1	01669	2.038	-0.22
[R]Nc1ncccn1	01670	0.038	-0.356
[R]C(=O)c2nc1ccccc1s2	01671	1.94	0.481
[R]Cc1ccc(I)cc1	01672	3.631	-0.052
[R]C1(C)CS(=O)(=O)N(C)C(=N)N1	01673	-0.73	0.114
[R]c1ccc(O)c2[nH]c(=O)ccc12	01674	0.954	0.181
[R]CC1COCCO1	01675	0.016	-0.11
[R]c1nc(C(O)=O)cs1	01676	0.701	0.225
[R]NC1CCC(C)CC1	01677	1.586	-0.66
[R]c1cccc(C(F)(F)F)n1	01678	2.347	0.304
[R]Nc1ccc(C(N)=N)cc1	01679	0.496	-0.33
[R]CCc1ccc(Cl)c(Cl)c1	01680	3.806	-0.035
[R]c1cncc(C)c1	01681	1.133	0.062
[R]C(=O)N=C(N)N	01682	-0.975	0.187
[R]NC1CCNC1	01683	-0.767	-0.595
[R]c1cc(CC(O)=O)ccc1OC	01684	1.356	-0.136
[R]Nc1cc(C)ccc1F	01685	2.098	-0.334
[R]NC(=O)NCc1ccccc1	01686	0.841	-0.359
[R]C(C(C)C)C(N)=O	01687	0.348	-0.115
[R]NCC(O)c1ccccc1	01688	1.074	-0.604
[R]C(N)CCCN=C(N)N	01689	-1.079	-0.109
[R]NCc1c(C)cc(C)[nH]c1=O	01690	-0.055	-0.71
[R]OCCCc1ccccc1	01691	2.412	-0.259
[R]NC(=O)c1cccc(N(=O)=O)c1	01692	0.955	-0.171
[R]C=CC	01693	1.293	-0.082
[R]C(=O)c2cc1ccccc1s2	01694	2.387	0.439
[R]CNC(C)(C)C	01695	0.652	-0.11
[R]ON(=O)=O	01696	0.464	0.537
[R]c1ccc(F)cc1OC	01697	1.864	-0.093
[R]C(=O)Nc1ccccc1CC	01698	1.918	0.451
[R]N1CCCNCC1	01699	-0.476	-0.691
[R]Cc2ccc1ncccc1c2	01700	2.463	-0.066
[R]NCCc1ccccn1	01701	0.467	-0.655
[R]C(C(O)=O)c1ccccc1	01702	1.704	-0.009
[R]c1cnccc1C	01703	1.133	0.056
[R]Nc1cc(C)ccc1OC	01704	1.706	-0.443
[R]C1CCc2ccccc12	01705	2.667	-0.104
[R]OCCCN1CCN(C)CC1	01706	-0.18	-0.258
[R]NC(CC)CC	01707	1.363	-0.652
[R]C(=O)C(N)CCCN=C(N)N	01708	-0.73	0.44
[R]C1CCC(CC(O)=O)CC1	01709	1.666	-0.122
[R]CC(=O)c1ccc(Cl)cc1	01710	1.965	-0.068
[R]Cc1cccc(Cl)c1Cl	01711	3.41	-0.072
[R]C(=O)Nc1cc(Cl)ccc1OC	01712	1.32	0.443
[R]C1CCC(CN)CC1	01713	1.08	-0.126
[R]C(=O)NCCCCCC	01714	1.373	0.36
[R]NCC1CCCN1CC	01715	0.388	-0.698
[R]Nc1c(Cl)cccc1Cl	01716	2.527	-0.517
[R]c1cc(Cl)ccc1n2cnnn2	01717	1.684	0.189
[R]n1c(=O)[nH]c2ccccc12	01718	0.403	0.054
[R]NC(C(C)C)C(N)=O	01719	-0.244	-0.566
[R]c2ccc(OCC1CC1)cc2	01720	2.435	-0.08
[R]Cn1nnc2ccccc12	01721	1.357	0.171
[R]NCc1ccccc1F	01722	1.586	-0.618
[R]N1CCCC(C(=O)OCC)C1	01723	0.602	-0.593
[R]c1cccc(CN)c1	01724	1.095	-0.046
[R]Cc1ccc(N(C)C)cc1	01725	2.638	-0.179
[R]c1cc(OC)c(O)c(OC)c1	01726	1.188	0.035
[R]C(CCCC)NC(C)=O	01727	0.911	-0.142
[R]n1nc(C)c(CC(O)=O)c1C	01728	-0.167	0.09
[R]N1CCC(N)C1	01729	-0.814	-0.667
[R]CCC(C)(C(=O)NO)S(C)(=O)=O	01730	-0.258	-0.028
[R]OCOC	01731	0.19	-0.266
[R]Sc2nc1ccccc1[nH]2	01732	1.793	0
[R]c1ccc(O)c(F)c1	01733	1.833	0.081
[R]Cc1cc(C)cc(C)c1	01734	3.308	-0.125
[R]C(C)(C(=O)NO)S(C)(=O)=O	01735	-0.906	0.227
[R]c1c(O)ccc2ccccc12	01736	2.695	-0.036
[R]C=Cc1ccc(F)cc1	01737	2.649	0.027
[R]C(C)CCC	01738	2.28	-0.133
[R]SCC(=O)NCc1ccco1	01739	-0.735	-0.003
[R]N1CCCC(O)C1	01740	-0.015	-0.628
[R]c1ccc(OC)c(OC)c1OC	01741	1.219	-0.099
[R]Cn1nc(C)c(CC(O)=O)c1C	01742	-0.019	0.072
[R]n1c(=O)oc2ccccc12	01743	0.58	0.151
[R]c1cc(C)c(Cl)c(C)c1	01744	3.43	0.027
[R]c2cnc1nc(N)nc(N)c1n2	01745	-0.301	0.125
[R]Oc1cccc(C(N)=N)c1	01746	0.674	-0.065
[R]NS(=O)(=O)C(C)C	01747	0.095	-0.144
[R]Oc1cccc2[nH]ccc12	01748	0.977	-0.137
[R]NC(CC(O)=O)C(O)=O	01749	-0.87	-0.555
[R]SCC(N)=O	01750	-0.993	0
[R]CC(=O)N1CCc2ccccc12	01751	1.216	-0.085
[R]NCCCN	01752	-1.068	-0.623
[R]NC(=O)Cc1cccs1	01753	0.405	-0.283
[R]OC(C)C(O)=O	01754	0.066	-0.128
[R]c2cc(c1ccccc1)no2	01755	2.33	0.274
[R]C(=O)Nc1cc(C)ccc1F	01756	1.662	0.467
[R]c1cc(C(C)C)c(O)cc1O	01757	2.603	-0.039
[R]c1cc(F)c(O)c(Cl)c1	01758	2.351	0.168
[R]C(=O)NCCN(CC)CC	01759	0.037	0.367
[R]Nc1ccc(OC)c(Cl)c1	01760	1.757	-0.349
[R]C(=O)C(CC(C)C)NC(C)=O	01761	1.195	0.45
[R]CNCc1ccccc1	01762	1.595	-0.084
[R]C1CCCCC1C	01763	2.502	-0.136
[R]c1ccc(NC(=O)NCC)cc1	01764	1.144	-0.098
[R]C=Cc1ccc(O)cc1	01765	2.225	-0.001
[R]C(=O)c1cc(C)cc(C)c1	01766	2.449	0.442
[R]C(=O)C=Cc1ccc(OC)cc1	01767	1.794	0.352
[R]NCC(=O)OCC	01768	-0.414	-0.516
[R]c1ccccc1S(=O)(=O)C(C)C	01769	1.878	0.162
[R]c1cn(C)nc1C	01770	0.257	-0.239
[R]C(=O)NC(C(C)C)C(N)=O	01771	-0.541	0.371
[R]Nc1ccc(C)cn1	01772	1.345	-0.304
[R]N(C)CCCC	01773	1.239	-0.661
[R]NC1CCS(=O)(=O)C1	01774	-1.053	-0.455
[R]CCCCCN	01775	0.851	-0.126
[R]Oc1ccc(C(C)(C)C)cc1	01776	3.296	-0.109
[R]CC(=O)c1ccc(OC)cc1	01777	1.194	-0.115
[R]C(=O)C(CCCC)NC(C)=O	01778	1.261	0.453
[R]CCc1cccnc1	01779	1.458	-0.057
[R]C=Cc1cccnc1	01780	1.198	0.051
[R]c1cc(F)cc(C(F)(F)F)c1	01781	3	0.197
[R]CC(=O)C(C)(C)C	01782	2.327	-0.112
[R]c1ccc(C(N)=N)cc1F	01783	1.122	0.068
[R]CC1CCOC1	01784	0.601	-0.049
[R]SCC(=O)Nc1cc(C)on1	01785	-0.325	0.054
[R]c1ncccc1Cl	01786	1.583	0.185
[R]C(F)(C(F)(F)F)C(F)(F)F	01787	2.117	0.549
[R]Cc2nc1ccccc1s2	01788	2.456	-0.019
[R]c1ccc(I)cc1F	01789	3.374	0.097
[R]c2ccc1cc[nH]c1c2	01790	1.286	-0.06
[R]C=Cc1ccc(O)c(O)c1	01791	1.941	0.027
[R]C(=O)NC(N)=N	01792	-0.975	0.431
[R]OCc1c(F)cccc1F	01793	2.043	-0.239
[R]CC1CCN(C)CC1	01794	1.069	-0.128
[R]c1ccc(CCCCC)cc1	01795	4.03	-0.047
[R]c1ncnc(N)c1C#N	01796	0.372	0.38
[R]Cc1cc(Cl)cc(Cl)c1	01797	3.41	-0.011
[R]c1ccc(C(F)(F)F)c(F)c1	01798	3	0.225
[R]Nc1ccc(I)cc1F	01799	2.888	-0.237
[R]C(=O)CCCCCCC(=O)NO	01800	1.537	0.462
[R]c1ccc(C=CC(O)=O)cc1	01801	2.208	0.087
[R]NCC23CC1CC(CC(C1)C2)C3	01802	2.058	-0.658
[R]C(N)Cc1c[nH]cn1	01803	-1.17	-0.122
[R]C(=O)COc1ccccc1C	01804	2.509	0.568
[R]C(=O)NC(CC(O)=O)C(O)=O	01805	-1.167	0.377
[R]NC(=O)C(CC(C)C)NC(C)=O	01806	-0.255	-0.342
[R]Nc1nnc(C)s1	01807	0.787	-0.266
[R]NCC(C)O	01808	-0.36	-0.656
[R]C(C)C(=O)NO	01809	0.108	-0.06
[R]C1CC(F)(F)C1	01810	1.129	0.034
[R]N(CCC)CC1CC1	01811	1.553	-0.661
[R]NC(=O)C(CCCC)NC(C)=O	01812	-0.189	-0.337
[R]C(=O)Nc1ccc(C#N)cc1	01813	1.091	0.529
[R]NC(=O)Nc1ccc(F)cc1	01814	0.885	-0.261
[R]NCc1ccccc1C	01815	1.914	-0.629
[R]C(=O)Cc1ccc(F)cc1	01816	2.523	0.511
[R]C2(C(F)F)N=C(N)OC1CC12	01817	0.058	0.015
[R]C(=O)C(N)Cc1c[nH]cn1	01818	-0.82	0.412
[R]OCC1CCCO1	01819	0.218	-0.273
[R]CC1CC1(F)F	01820	1.301	0
[R]C1CCCN(C)C1	01821	0.745	-0.09
[R]CNS(C)(=O)=O	01822	-0.513	0.089
[R]NC(=O)c1ccc(N(=O)=O)cc1	01823	0.955	-0.144
[R]CCc1ccccc1OC	01824	2.517	-0.152
[R]C(=O)NCCCn1ccnc1	01825	-1.218	0.424
[R]CCCCCCC(O)=O	01826	1.905	-0.11
[R]N(O)C(N)=O	01827	-0.697	-0.199
[R]COc1cccc(C)c1	01828	2.284	0.027
[R]c1ccccn1=O	01829	-0.008	0.1
[R]c1cc[nH]c(=O)c1	01830	0.007	0.144
[R]c1cc(O)c(O)c(O)c1	01831	1.124	0.083
[R]C(=O)N1CCC(F)C1	01832	-0.275	0.405
[R]SC(C)(C)C	01833	1.164	-0.066
[R]N1CCSC1	01834	0.499	-0.493
[R]OCc1ccccc1Cl	01835	2.282	-0.216
[R]NCc1cccc(C(F)(F)F)c1	01836	2.33	-0.554
[R]C(=O)NOC	01837	-0.356	0.447
[R]CCCC1CCCCC1	01838	3.361	-0.131
[R]C=C(C)C	01839	1.446	-0.104
[R]CC1=NCCN1	01840	-0.454	-0.182
[R]c1cccnc1OC	01841	1.111	-0.087
[R]c1cc(C)nc(C)c1	01842	1.007	0.086
[R]c1cccc2ccc(C)nc12	01843	2.237	-0.095
[R]OCCC(C)C	01844	1.525	-0.277
[R]c2cnn(C1CCNCC1)c2	01845	-0.299	-0.205
[R]NCCCCc1ccccc1	01846	2.491	-0.634
[R]NCc1ccc(F)c(F)c1	01847	1.726	-0.542
[R]C2(c1ccc(Cl)cc1)CCC2	01848	3.548	-0.054
[R]Cc1cccc(C(F)(F)F)c1Cl	01849	3.775	-0.042
[R]S(=O)(=O)Nc1ccncn1	01850	-0.093	0.565
[R]c1ncc(C(F)(F)F)c(NC)n1	01851	1.374	0.325
[R]C(=O)N1CCN(C(C)C)CC1	01852	0.177	0.36
[R]Oc2ccc1[nH]ccc1c2	01853	0.977	-0.161
[R]OC(C)C(F)(F)F	01854	1.375	-0.069
[R]NC(=O)Nc1ccc(C)cc1	01855	1.213	-0.299
[R]CC1CCCN1C	01856	0.828	-0.129
[R]C(=O)c1ccccc1C(O)=O	01857	1.213	0.367
[R]c2ccc1ncnn1c2	01858	1.025	0.144
[R]c1ccccc1C(C)(C)C	01859	3.605	-0.044
[R]Cc1cccc(C)n1	01860	1.168	-0.139
[R]NC(=O)C1CCCC1	01861	0.568	-0.302
[R]c1cncc(Br)c1	01862	1.457	0.147
[R]c1ccc(N(=O)=O)s1	01863	2.101	0.603
[R]n1ccnc1C	01864	-0.308	0.105
[R]CCCN1CCCC1=O	01865	0.274	-0.115
[R]C(=O)c1ccc(C)o1	01866	-0.001	0.397
[R]C(=O)NCC1CCCN1CC	01867	0.091	0.333
[R]C1C(O)C(O)C2(C(=O)NC)CC12	01868	-1.027	-0.136
[R]C=Cc1ccc(OC)c(OC)c1	01869	2.004	-0.031
[R]NCc1ccc(OC)c(OC)c1	01870	0.942	-0.626
[R]C(=O)c1c(Cl)cccc1Cl	01871	2.55	0.48
[R]NC(=O)C1CCCN1	01872	-0.886	-0.258
[R]c1ccc(F)cc1C(F)(F)F	01873	3	0.155
[R]CCc1cccc(OC)c1	01874	2.517	-0.096
[R]c2cc(C)c1[nH]ncc1c2	01875	1.538	-0.066
[R]NS(=O)(=O)c1cn(C)cn1	01876	-0.793	-0.186
[R]CCCC(=O)c1ccc(F)cc1	01877	2.379	-0.098
[R]N1CCC(CO)CC1	01878	0.009	-0.682
[R]c1cccc(OC(C)C)c1	01879	2.48	0
[R]c1ccc(F)c(F)c1F	01880	2.396	0.143
[R]c2ccc1[nH]ccc1c2C	01881	1.753	-0.145
[R]C(=O)Nc1ccc(N(=O)=O)cc1	01882	1.008	0.598
[R]c2ccc1ccc(=O)oc1c2	01883	1.416	0.165
[R]C(C)=CC(O)=O	01884	0.677	0.272
[R]C(CCC)CCC	01885	3.072	-0.142
[R]Cc1cccc(OC(F)(F)F)c1	01886	3.866	-0.047
[R]C(=O)N1C(C)Cc2ccccc12	01887	1.696	0.432
[R]S(=O)(=O)Nc1c(C)nn(C)c1C	01888	-0.556	0.534
[R]NC#N	01889	-0.104	-0.171
[R]c1ccccc1CN(C)C	01890	1.864	-0.115
[R]Cc1ccc(C)cn1	01891	1.464	-0.136
[R]Cc1ccc(C)cc1C	01892	3.308	-0.126
[R]C(=O)Nc1nnc(C)s1	01893	0.351	0.541
[R]Nc2ccc1[nH]ccc1c2C	01894	1.267	-0.474
[R]c1nncn1C	01895	0	0.301
[R]c1cncc(OC)c1	01896	0.413	0.092
[R]Oc1cc(C)c(Cl)c(C)c1	01897	3.121	-0.049
[R]C(=O)NCC1CCCCC1	01898	1.272	0.356
[R]Cc1cc(C)ccc1C	01899	3.308	-0.125
[R]C1CCC(N)C(F)CO1	01900	-0.057	-0.031
[R]OC1CCNCC1	01901	-0.398	-0.273
[R]c2ccc1nc(C)sc1c2	01902	2.354	0.048
[R]Nc1cccc(S(N)(=O)=O)c1	01903	0.344	-0.261
[R]c2cc(Cl)c1OCCCOc1c2	01904	1.864	0.095
[R]C(=O)N1CCSC1	01905	0.087	0.443
[R]NCCCOCC	01906	-0.1	-0.609
[R]C(C)C1CC1	01907	1.71	-0.128
[R]C(=O)c1cccn1C	01908	0.067	0.372
[R]c1ccc(OC)c(C)c1	01909	2.192	-0.095
[R]OCc1cccnc1	01910	0.452	-0.205
[R]CNC(=O)CO	01911	-1.319	0.117
[R]OCC(=O)OC	01912	-0.439	-0.123
[R]c1cccc(C(=O)N(C)C)c1O	01913	1.02	-0.006
[R]SCC(=O)N1CCOCC1	01914	-0.842	0.007
[R]c1c[nH]c2ccc(Cl)cc12	01915	1.804	-0.164
[R]S(=O)(=O)Nc1ccccc1	01916	1.164	0.598
[R]c1cccc(C(=O)OCC)c1	01917	2.05	0.024
[R]NCc1ccc(CN)cc1	01918	0.564	-0.628
[R]NC1CN2CCC1CC2	01919	-0.037	-0.617
[R]c1ccnnc1	01920	0.214	0.25
[R]Nc1cccc(Cl)c1Cl	01921	2.527	-0.253
[R]CNC(=O)OC(C)(C)C	01922	0.696	0.128
[R]c1ccc(OC(C)C)c(F)c1	01923	2.62	-0.012
[R]Nc2nc1ccc(OC)cc1s2	01924	1.97	-0.334
[R]C(=O)CCCCCCC	01925	3.148	0.458
[R]Nc2nc(c1ccccc1)cs2	01926	2.506	-0.172
[R]C(=O)NCc1ccc(Cl)cc1Cl	01927	2.186	0.385
[R]Nc1ncc(C(=O)NO)cn1	01928	-0.642	-0.223
[R]C1CCN(CC)CC1	01929	1.015	-0.131
[R]Cc1ccc(SC)cc1	01930	2.464	-0.093
[R]c1ccc(C)c(N(=O)=O)c1	01931	2.398	0.165
[R]CC(=O)Nc1cccc(C)c1	01932	1.455	-0.072
[R]Nc2ccc1CCCc1c2	01933	2.318	-0.406
[R]N2CCC(N1CCCC1)CC2	01934	0.333	-0.671
[R]N1C(C)CCCC1C	01935	1.58	-0.188
[R]C1CC(=O)OC1O	01936	-0.332	0.01
[R]C(C)c1ccc(Cl)cc1	01937	3.222	-0.052
[R]Cc1cc(OC)cc(OC)c1	01938	1.868	-0.104
[R]C(=O)c1ccccc1N(=O)=O	01939	1.468	0.508
[R]c1cc(OC)c(Cl)cc1Cl	01940	2.761	0.081
[R]C(=O)c1ccc(F)c(F)c1	01941	1.793	0.564
[R]Oc1ccc(OC(F)(F)F)cc1	01942	3.161	-0.02
[R]C(=O)c1ccc(N(=O)=O)o1	01943	0.359	0.605
[R]NC(CCCN=C(N)N)C(O)=O	01944	-1.153	-0.577
[R]C(CCCN=C(N)N)C(O)=O	01945	-0.489	-0.055
[R]CC(N)c1ccccc1	01946	1.509	-0.205
[R]CC(=O)Nc1ccccc1C	01947	1.455	-0.072
[R]C(OCC)C(O)=O	01948	0.115	0.102
[R]CC(=O)Nc1nccs1	01949	-0.082	-0.058
[R]C(=N)c1cccs1	01950	1.157	0.246
[R]C(C)C(=O)OC	01951	0.518	-0.041
[R]OC1CCC1	01952	0.78	-0.266
[R]N(C)C(=O)c1ccccc1	01953	1.248	-0.324
[R]COc1ccccc1Cl	01954	2.335	0.049
[R]N2CCC(c1ccccc1)=CC2	01955	2.009	-0.645
[R]C(=O)NC(CO)c1ccccc1	01956	0.777	0.356
[R]OCC1CC1(F)F	01957	0.786	-0.185
[R]Nc1ccccc1Br	01958	2.283	-0.304
[R]C(=O)Nc1cc(C)ccc1OC	01959	1.269	0.397
[R]CCC(O)CC(O)CC(O)=O	01960	-0.121	-0.084
[R]OCc2ccc1ccccc1c2	01961	2.766	-0.248
[R]C(C)CCCC(C)C	01962	3.403	-0.133
[R]NC(=O)C1CCCO1	01963	-0.668	-0.288
[R]C(CO)C(N)=O	01964	-1.381	-0.044
[R]Nc1ccc(Br)cn1	01965	1.67	-0.199
[R]C(=O)NCc1ccc(CN)cc1	01966	0.267	0.358
[R]C(F)(F)P(O)(O)=O	01967	0.889	0.602
[R]c1cc(C)ccc1O	01968	2.16	-0.052
[R]NC(=O)CN(C)C	01969	-1.045	-0.296
[R]Cc1ccccc1O	01970	2.089	-0.077
[R]NC(=O)Nc1cc(C)ccc1F	01971	1.352	-0.259
[R]C(=O)NC1CC(=O)OC1O	01972	-1.085	0.432
[R]NC1CC(=O)OC1O	01973	-0.788	-0.467
[R]CC(OCC)C(O)=O	01974	0.367	-0.049
[R]NCCCN1CCN(C)CC1	01975	-0.497	-0.628
[R]c1nnc2ccccn12	01976	1.107	0.284
[R]OC(=O)CC	01977	0.367	-0.082
[R]OC(CC)CC	01978	1.68	-0.296
[R]NC(=N)c1cccs1	01979	0.644	-0.443
[R]CC(=O)N1CCN(C)CC1	01980	-0.647	-0.126
[R]c1c(CC)cccc1CC	01981	3.704	-0.065
[R]C(C(C)C)C(=O)OC	01982	1.245	-0.052
[R]C(=O)c1ccc(C)c(C)c1	01983	2.449	0.437
[R]C(=O)c1c(F)cccc1Cl	01984	2.172	0.492
[R]CC(=O)NC(C)C	01985	0.061	-0.131
[R]N(C)O	01986	0.271	-0.62
[R]C(=S)NC(=O)c1ccccc1	01987	1.772	0.662
[R]C1=CCNCC1	01988	0.019	-0.085
[R]C(=O)C=Cc1ccc(Cl)cc1	01989	2.565	0.402
[R]c2nc1ccc(F)cc1s2	01990	2.543	0.344
[R]CNc1ccccc1	01991	1.644	0.079
[R]NCc1ccc(F)cc1Cl	01992	2.104	-0.588
[R]CC=CC	01993	1.689	-0.123
[R]NCc1ccc(S(C)(=O)=O)cc1	01994	0.592	-0.546
[R]c1ocnc1C	01995	-0.204	0.166
[R]C1=NS(=O)(=O)c2ccccc12	01996	1.453	0.687
[R]C(=O)N1CC(F)CC1C#N	01997	-0.201	0.504
[R]N1CC(F)CC1C#N	01998	0.211	-0.452
[R]CCC1CCCC1	01999	2.568	-0.133
[R]c1cc(Cl)c(O)c(OC)c1	02000	1.958	0.117
[R]OCc1ccc(F)cc1F	02001	2.043	-0.177
[R]NC(CO)C(N)=O	02002	-1.901	-0.615
[R]Nc1ccn(C)n1	02003	0.299	-0.436
[R]C(=O)C(N)C(C)CC	02004	1.441	0.459
[R]C(=O)NCCN1CCCC1	02005	-0.322	0.372
[R]C(=O)N1CCN(CC)CC1	02006	-0.237	0.361
[R]c1ccccc1I	02007	3.235	0.045
[R]CCCCN1CCCC1	02008	1.55	-0.114
[R]NC(=O)c2cc1ccccc1[nH]2	02009	0.539	-0.24
[R]SCc1ccccc1Cl	02010	2.625	-0.035
[R]C(F)(F)Cl	02011	1.362	0.45
[R]n1ccc2ccccc12	02012	1.476	-0.087
[R]COc1ccc(Cl)cc1Cl	02013	2.853	0.086
[R]C(=O)Oc1ccc(F)cc1	02014	1.844	0.584
[R]c1ccc(C(O)=O)cn1	02015	0.763	0.298
[R]CCN(C(C)C)C(C)C	02016	1.943	-0.128
[R]c1n[nH]c(=O)c2ccccc12	02017	1.194	0.298
[R]c1ccnc(N)c1	02018	0.581	0.079
[R]OC1CC1	02019	0.383	-0.251
[R]NC(=O)Nc1cccc(OC)c1	02020	0.493	-0.3
[R]SCC(=O)OC	02021	-0.096	0.038
[R]OCc1ccccc1F	02022	1.903	-0.213
[R]C(=O)NCc1ccc(F)cc1Cl	02023	1.807	0.385
[R]S(=O)(=O)NC(C)(C)C	02024	0.173	0.559
[R]c2ccc1n(C)ccc1c2	02025	1.532	-0.148
[R]c1cccc(C(O)=O)n1	02026	1.162	0.246
[R]CNC(=O)c1ccco1	02027	-0.367	0.113
[R]NCc1ccc(S(N)(=O)=O)cc1	02028	0.3	-0.536
[R]OCCCC(O)=O	02029	-0.038	-0.215
[R]C(=O)OC1CCCC1	02030	1.212	0.491
[R]c1nccc(C)n1	02031	0.39	0.192
[R]c1cccc(C#C)c1	02032	2.159	0
[R]S(=O)(=O)Nc1ccc(F)cn1	02033	0.69	0.545
[R]c2ccc1nccnc1c2	02034	1.154	0.09
[R]N3C(=O)C2C1CC(C=C1)C2C3=O	02035	-0.04	0.04
[R]NCc1ccc(OC)c(Cl)c1	02036	1.712	-0.599
[R]c1cccc(S(=O)(=O)N(C)C)c1	02037	1.438	0.054
[R]C(=O)NS(=O)(=O)C1CC1	02038	-0.562	0.562
[R]c2cn1ccccc1n2	02039	0.971	0.049
[R]C(=O)c1ccc(OC)cc1OC	02040	1.009	0.326
[R]Sc1ccc(F)cc1	02041	2.152	-0.022
[R]c1ccc(C)cc1Cl	02042	2.963	-0.011
[R]c2ccc1CCC(=O)Nc1c2	02043	1.021	0.059
[R]C(O)C(O)CO	02044	-0.987	0.01
[R]C(=O)NC1CCC(C)CC1	02045	1.289	0.355
[R]C(CCCC)C(O)=O	02046	1.675	-0.022
[R]Nc1ccc(C(F)(F)F)cn1	02047	1.761	-0.136
[R]c1ccc(OC)cc1F	02048	1.864	-0.052
[R]C(=O)N(C)CC	02049	-0.038	0.353
[R]CNC(=O)c1ccc(Cl)s1	02050	1.51	0.136
[R]c2nc1cc(C)ccc1[nH]2	02051	1.827	0.298
[R]SCC=C	02052	1.071	-0.035
[R]c1cnc(OC)nc1	02053	0.272	0.081
[R]CC(C)C(O)=O	02054	0.883	-0.02
[R]NC(C(C)C)C(=O)OC	02055	0.653	-0.528
[R]c1cccc(OCC(O)=O)c1	02056	1.266	0.032
[R]c1ccc(S(=O)(=O)CC)cc1	02057	1.465	0.166
[R]Nc1cc(OC)c(Cl)cc1Cl	02058	2.275	-0.223
[R]C(C(C)CC)C(O)=O	02059	1.609	-0.031
[R]c2csc(c1ccccc1)n2	02060	2.687	0.087
[R]C=C(O)C(O)=O	02061	-0.501	0.06
[R]c1ccc(O)c(C(O)=O)c1	02062	1.391	0.056
[R]Cc1ccc(C(=O)NO)cc1	02063	1.693	-0.017
[R]c1noc(C(F)(F)F)n1	02064	1.441	0.385
[R]C(=O)C=C(O)C(O)=O	02065	-0.027	0.374
[R]OCc1ccncc1	02066	0.452	-0.19
[R]C1CCOCC1OC	02067	0.111	-0.137
[R]C(=O)COc1ccc(C)cc1	02068	2.509	0.567
[R]c1ccc(Cl)cc1OC	02069	2.243	-0.071
[R]N1CCNC(=O)C1	02070	-1.223	-0.467
[R]OS(C)(=O)=O	02071	-0.344	0.279
[R]Nc1nncs1	02072	0.639	-0.237
[R]Nc1ccc(C(N)=O)cc1	02073	0.325	-0.277
[R]Nc1cccc2cnccc12	02074	1.182	-0.292
[R]SCc1ccc(C)cc1	02075	2.574	-0.041
[R]C(=O)C=Cc1ccc(O)c(O)c1	02076	1.478	0.396
[R]C1SCC2NC(=O)NC12	02077	-0.654	0.225
[R]C(=O)NC(C(C)C)C(=O)OC	02078	0.356	0.399
[R]C1=CCCN(C)C1	02079	0.38	-0.096
[R]C(CC(O)=O)NC(C)=O	02080	-0.969	0.146
[R]C(=O)C(C)(C)CC	02081	2.791	0.437
[R]CC(=O)Nc1ccc(Cl)cc1	02082	1.505	-0.041
[R]c1cc(C)cc(N)n1	02083	1.447	0.089
[R]NC(=O)NC(C)C	02084	-0.18	-0.364
[R]Cc1nccs1	02085	0.655	-0.033
[R]c2nc1ccc(OCC)cc1s2	02086	2.493	0.26
[R]NC(=O)N(C)C	02087	-0.69	-0.367
[R]S(=O)(=O)C(C)(C)C	02088	0.219	0.56
[R]Cc1c(F)cccc1OC	02089	2.261	-0.142
[R]C(=O)N(C)C1CCCCC1	02090	1.205	0.35
[R]Sc1nnnn1c2ccccc2	02091	2.11	0.121
[R]C(=O)NC1CCS(=O)(=O)C1	02092	-1.35	0.472
[R]C(O)CNC(C)C	02093	0.202	0.024
[R]C(=O)c1ccoc1C	02094	-0.231	0.352
[R]NCc1ccc(C(F)(F)F)cc1	02095	2.33	-0.544
[R]c2ccc(n1ccnc1)cc2	02096	0.972	0.078
[R]C(=O)C(CC(O)=O)NC(C)=O	02097	-0.62	0.57
[R]C(=O)NCc1ccc(F)c(F)c1	02098	1.429	0.416
[R]NC(=O)c1cc(Cl)cc(Cl)c1	02099	2.038	-0.21
[R]c2nc1cc(Cl)ccc1o2	02100	2.056	0.445
[R]Oc1ccc(C)c(C)c1	02101	2.603	-0.114
[R]c1ccc(N(=O)=O)cc1N(=O)=O	02102	1.885	0.448
[R]C(=O)Nc1ccc(N(C)C)cc1	02103	1.319	0.393
[R]NCc1cccc(I)c1	02104	2.704	-0.58
[R]N(C)CCc1ccccn1	02105	0.828	-0.65
[R]c1ccc(OC(C)C)c(Cl)c1	02106	2.998	-0.03
[R]NC(=O)c1ccc(C#N)cc1	02107	1.037	-0.216
[R]C(CO)C(O)=O	02108	-0.516	0.051
[R]c2ccc(c1ccccn1)cc2	02109	2.749	0.011
[R]Oc1ccccn1	02110	1.055	-0.188
[R]CC(=O)NCc1ccc(F)cc1	02111	1.222	-0.109
[R]C1CCOC1=O	02112	0.033	0.095
[R]c2ccc(c1ccc(Cl)cc1)o2	02113	2.892	0.151
[R]SC(F)(F)F	02114	2.076	0.241
[R]N2CC(c1ccc(C#N)cc1)C2	02115	1.662	-0.528
[R]c2ccc(c1cnn(C)c1)cc2	02116	1.771	-0.06
[R]CC(=O)OC(C)(C)C	02117	0.789	-0.041
[R]C(=O)c2sc1ccccc1c2Cl	02118	2.905	0.451
[R]c1cc(O)cc(O)c1	02119	1.409	0.06
[R]CCCCNC(C)C	02120	1.618	-0.115
[R]C1CC1C(O)=O	02121	0.313	-0.216
[R]Cc1ccc(C)o1	02122	0.394	-0.049
[R]COc2ccc1ccccc1c2	02123	2.819	0.037
[R]c1ccc(C=CC(=O)NO)cc1	02124	1.829	0.078
[R]OC(C)COC	02125	0.235	-0.28
[R]n1c(C)nc2cnccc12	02126	0.01	0.266
[R]Nc1cnccn1	02127	-0.434	-0.191
[R]P(=O)(OCC)OCC	02128	0.536	0.304
[R]c1n[nH]c2ccccc12	02129	1.47	0.135
[R]C(=O)c1ccsc1	02130	0.587	0.407
[R]Sc2nc1ccccc1o2	02131	1.97	0.076
[R]C(C)c1ccccn1	02132	1.56	-0.058
[R]C2CCN(Cc1ccccc1)C2	02133	2.126	-0.115
[R]NCC(N)Cc1ccccc1	02134	0.979	-0.56
[R]OC(=O)c1cccs1	02135	1.123	-0.071
[R]CCCCCc1ccccc1	02136	3.959	-0.123
[R]NC(=O)C(N)CCCCN	02137	-1.51	-0.258
[R]CCc1cccc(F)c1	02138	2.91	-0.061
[R]C(=O)C1CCOCC1	02139	0.771	0.491
[R]OC(F)(F)C(F)F	02140	1.197	0.037
[R]c1ccccc1c2nnn[nH]2	02141	1.608	-0.031
[R]C(=O)c1ccc[nH]1	02142	-0.179	0.391
[R]NC(=O)Cc1ccc(OC)cc1	02143	0.681	-0.304
[R]NC(=O)c2cc1ccccc1s2	02144	1.874	-0.259
[R]SCC(=O)c1ccccc1	02145	1.395	-0.001
[R]NC1CC2CCC1C2	02146	1.088	-0.647
[R]C(=O)C=Cc1cccnc1	02147	0.735	0.401
[R]c2ccc1cnccc1c2	02148	1.668	0.07
[R]C(=O)OCC=C	02149	0.764	0.504
[R]C=c1[nH]c(=O)[nH]c1=O	02150	-1.141	0.318
[R]C(=O)C=CC(O)=O	02151	0.998	0.648
[R]c2ccc(c1cccs1)cc2	02152	3.133	0.002
[R]C(=O)Nc1cccc(Br)c1	02153	1.847	0.491
[R]N=C=S	02154	0.395	0.253
[R]OCCCO	02155	-0.404	-0.232
[R]C(=O)C1CCS(=O)(=O)CC1	02156	0.268	0.591
[R]C(=O)NCCCN(C)C	02157	-0.596	0.364
[R]C(=O)NS(=O)(=O)c1ccccc1	02158	0.724	0.568
[R]c2ccc1cccnc1c2O	02159	1.782	-0.003
[R]CCCNC(N)=O	02160	-0.386	-0.052
[R]C(=O)N(C(C)C)C(C)C	02161	1.131	0.337
[R]N1CCC(NC)C1	02162	-0.406	-0.68
[R]CCS	02163	0.596	-0.016
[R]C=c1c(=O)[nH]c2ccccc12	02164	1.164	0.204
[R]Cc1ccoc1	02165	0.628	-0.117
[R]Nc1ccncn1	02166	0.234	-0.174
[R]N(CCO)CCO	02167	-0.854	-0.712
[R]C(=O)NC(CO)C(N)=O	02168	-2.198	0.334
[R]NC(=O)C(CC(O)=O)NC(C)=O	02169	-2.07	-0.226
[R]NCC(C)(C)O	02170	-0.281	-0.623
[R]CCC1COC(N)=N1	02171	0.574	-0.171
[R]C(C)CS	02172	0.999	-0.025
[R]C(=O)NC1CCC1	02173	0.166	0.377
[R]c2ccc1[nH]nc(C)c1c2	02174	1.242	-0.077
[R]NCCc1cccs1	02175	0.851	-0.614
[R]C(=O)c1ccc(F)cc1F	02176	1.793	0.485
[R]C1CCCOC1	02177	0.601	-0.049
[R]c1ccc(C(C)C)cc1Br	02178	3.963	0.005
[R]OCC(O)CO	02179	-0.829	-0.196
[R]NS(=O)(=O)c1cccc(Cl)c1	02180	1.539	-0.11
[R]OC(=O)NC	02181	-0.286	-0.125
[R]CC(=O)Nc1ccccc1F	02182	1.127	-0.05
[R]OC(N)=O	02183	-0.533	-0.098
[R]c2nc(c1ccc(F)cc1)cs2	02184	2.826	0.216
[R]C(=O)Nc1cccc(CC)c1	02185	1.918	0.442
[R]NC(=O)CC(C)(C)C	02186	0.877	-0.286
[R]CN1CCN(CC)CC1	02187	0.324	-0.098
[R]C1CCCN1C(C)=O	02188	-0.12	-0.023
[R]NCCOc1ccccc1	02189	1.286	-0.603
[R]CCCc1cccnc1	02190	1.854	-0.093
[R]C(N)C(=O)N1CCC(F)C1	02191	-1.12	0.105
[R]c2ccc(C(=O)NC1CC1)cc2	02192	1.454	0.102
[R]n2sc1ccccc1c2=O	02193	1.769	-0.09
[R]C=Cc1ccc(O)c(OC)c1	02194	1.973	0.022
[R]n1ccc2cc(C#N)cnc12	02195	0.958	0.01
[R]CC(O)CNC(=O)CO	02196	-1.44	-0.047
[R]c1ccccc1N2CCOCC2	02197	1.899	-0.11
[R]C=CC(=O)OC	02198	0.556	0.285
[R]NC(=O)C(N)CCCN=C(N)N	02199	-2.18	-0.272
[R]Cc1n[nH]c(=O)c2CCCNc12	02200	0.076	-0.096
[R]OCC(O)CNC(=O)CO	02201	-1.905	-0.18
[R]Nc1ccccc1N(=O)=O	02202	1.445	-0.115
[R]C(=O)NCC(=O)OCC	02203	-0.711	0.401
[R]c1n[nH]c(=O)c2CCCNc12	02204	0.144	0.135
[R]CC(=O)NN	02205	-0.986	-0.112
[R]C(=O)Nc1nncs1	02206	0.202	0.559
[R]C(O)CNC(=O)CO	02207	-1.691	0.102
[R]NC(=O)CCl	02208	-0.32	-0.216
[R]C(=O)NCCCOCC	02209	-0.397	0.374
[R]C(=O)C(C)CS	02210	1.313	0.51
[R]NS(=O)(=O)N(C)C	02211	-0.345	-0.174
[R]OC1CCN(C)CC1	02212	-0.037	-0.275
[R]CNCC	02213	0.161	-0.096
[R]CC1CCCCO1	02214	1.08	-0.15
[R]NCC(=O)OC	02215	-0.756	-0.509
[R]NC(=O)Cc1ccc(Cl)cc1	02216	1.452	-0.266
[R]N=S(C)(C)=O	02217	0.229	-0.607
[R]CCc1cccc(Cl)c1	02218	3.288	-0.063
[R]C(=O)N(C)O	02219	-0.141	0.291
[R]NC1CCOCC1OC	02220	-0.644	-0.612
[R]c1cncc2ccccc12	02221	1.668	0.075
[R]CN(C)S(=O)(=O)c1ccccc1	02222	1.53	0.016
[R]Nc1ccnc(F)c1	02223	0.776	-0.191
[R]C(=O)Nc1ccc(OC)c(Cl)c1	02224	1.32	0.477
[R]Nc2nc1ccccc1o2	02225	1.45	-0.25
[R]c1ccc(OCCN(C)C)cc1	02226	1.704	-0.103
[R]CCc1ccc(C(F)(F)F)cc1	02227	3.653	-0.036
[R]Cc1cccc(F)c1F	02228	2.653	-0.06
[R]c1cccc(CCC)c1	02229	3.237	-0.038
[R]CCCOC(C)C	02230	1.44	-0.099
[R]c1cc(F)cc(Cl)c1	02231	2.635	0.155
[R]CS(=O)(=O)c1ccccc1	02232	1.215	0.195
[R]c1cc(Cl)ccc1C#N	02233	2.531	0.204
[R]NCC#C	02234	-0.056	-0.571
[R]NS(=O)(=O)N1CCOCC1	02235	-0.687	-0.144
[R]C(=O)NC1CN2CCC1CC2	02236	-0.334	0.38
[R]C(C)N(C)C	02237	0.593	-0.085
[R]Oc1cccc2ccc(C)nc12	02238	1.929	-0.072
[R]Oc2ccc1ccc(=O)oc1c2	02239	1.107	0.06
[R]CSCc1ccccc1	02240	2.255	0.003
[R]NC(CO)C(O)=O	02241	-1.036	-0.533
[R]C(C)OC	02242	0.449	-0.063
[R]n1c(C)ccc1C	02243	0.246	0.105
[R]CBr	02244	0.968	0.064
[R]Cc1ccc(NC(C)=O)cc1	02245	1.223	-0.118
[R]c1cc(OC)ccc1F	02246	1.864	0.043
[R]c2nc(c1ccc(Cl)cc1)cs2	02247	3.205	0.217
[R]C(=O)c1csnn1	02248	0.082	0.418
[R]c1cc(F)cc(C#N)c1	02249	2.153	0.197
[R]CC(=O)NC1CC1	02250	-0.298	-0.112
[R]C=Cc1ccc(C)cc1	02251	2.977	-0.033
[R]NCCCCCCC(=O)NO	02252	0.455	-0.637
[R]N1CCOC1=O	02253	-0.217	-0.209
[R]C(=O)NCC(C)(C)C	02254	1.093	0.355
[R]C(=O)NCCN	02255	-1.417	0.378
[R]N1CCOCC1=O	02256	-1.12	-0.278
[R]C(CC(O)=O)c1ccccc1C	02257	2.335	-0.017
[R]C(CC(C)C)C(=O)NCC(N)=O	02258	-0.332	-0.103
[R]c2ccc1onc(N)c1c2	02259	1.164	0.024
[R]Nc1cc(F)cc(F)c1	02260	1.77	-0.235
[R]C(=O)NCc1cccc(Cl)c1	02261	1.668	0.39
[R]c1ccccc1c2nc(=O)o[nH]2	02262	1.934	-0.011
[R]NCCC(F)(F)F	02263	0.158	-0.517
[R]NC(=O)CN1CCOCC1	02264	-1.387	-0.269
[R]C(=O)c1cccc(O)c1	02265	1.23	0.483
[R]C(=O)Nc1cccc(N(=O)=O)c1	02266	1.008	0.583
[R]c2ccc(c1cccnc1)cc2	02267	2.35	0.027
[R]C(=O)c1cc(C)on1	02268	-0.046	0.467
[R]C(CO)Cc1ccccc1	02269	2.026	-0.02
[R]CC=CCCC(O)=O	02270	1.249	-0.076
[R]c2nccc(c1cn(C)cn1)n2	02271	0.189	0.155
[R]C#Cc1csc(C)n1	02272	1.256	0.113
[R]c1ccc(Cl)c(C(O)=O)c1	02273	2.194	0.103
[R]C(=O)C(CC)CC	02274	2.522	0.443
[R]c1nn(C)c(=O)c2ccccc12	02275	1.441	0.261
[R]C(=O)Nc1cccc2[nH]ncc12	02276	0.149	0.473
[R]c1cccc(OC)c1F	02277	1.864	0.016
[R]C(O)COc1ccccc1	02278	1.444	0.117
[R]Nc1ccc(C)c(F)c1	02279	2.098	-0.323
[R]NCCCN(CC)CC	02280	0.387	-0.631
[R]C(C)=Cc1ccccc1	02281	2.663	-0.036
[R]CSc2nc1ccccc1s2	02282	2.892	0.1
[R]Cc2cc1ccccc1[nH]2	02283	1.447	-0.033
[R]SCC(=O)Nc1ccccc1	02284	0.936	0.022
[R]c1cc(C(F)(F)F)ccc1F	02285	3	0.152
[R]C(C)(C)CCCCCC	02286	3.902	-0.148
[R]Cc1ccc(C(C)C)cc1	02287	3.568	-0.122
[R]CCSc1ccccc1	02288	2.412	-0.006
[R]c2ccc(n1cnnn1)cc2	02289	1.166	0.171
[R]COc1cccc2ccccc12	02290	2.819	0.054
[R]c1ccn(=O)cc1	02291	-0.407	0.277
[R]c1c(C)cc(N)nc1C	02292	1.219	-0.09
[R]Cc1cc(OC)ccc1OC	02293	1.868	-0.177
[R]c1c(Cl)cc(Cl)cc1Cl	02294	3.531	0.149
[R]CCCN1CCC(C)CC1	02295	1.88	-0.115
[R]c1ccc(C#N)cc1F	02296	2.153	0.155
[R]NC(=O)C(N)Cc1c[nH]cn1	02297	-2.27	-0.329
[R]C(=O)CNC(=O)c1ccccc1	02298	1.375	0.581
[R]C(=O)CCN(C)C	02299	0.587	0.467
[R]C(=O)C=Cc1ccc(O)cc1	02300	1.762	0.378
[R]Sc1nc(C)cc(C)n1	02301	0.9	-0.054
[R]Nc1nnc(S(N)(=O)=O)s1	02302	-0.005	-0.063
[R]NS(=O)(=O)c1ccc(Cl)s1	02303	1.68	-0.117
[R]c1ccsc1C(=O)OC	02304	1.179	-0.022
[R]NCc1cccc2ccccc12	02305	2.449	-0.614
[R]Nc1cccc(SC)c1	02306	1.582	-0.362
[R]C(=O)NC(C)CO	02307	-0.657	0.344
[R]c1cccc(C(F)(F)F)c1F	02308	3	0.114
[R]c1ccc(O)c(CO)c1	02309	1.158	-0.044
[R]S(=O)(=O)Cc1ccccc1	02310	1.161	0.589
[R]NC(=O)c1ccccc1Br	02311	1.793	-0.291
[R]c2ccc(C1CC1)cc2	02312	2.667	-0.041
[R]c1c(F)cc(F)cc1F	02313	2.396	0.151
[R]c1ccc(F)c(OC)c1	02314	1.864	0.064
[R]NCc1cccc(C)c1	02315	1.914	-0.631
[R]c2ccc1cn[nH]c1c2	02316	1.071	0.048
[R]OCC1COCCO1	02317	-0.45	-0.24
[R]C1(O)CCCCC1	02318	1.079	-0.038
[R]c1c(OC)cc(OC)cc1OC	02319	1.219	-0.232
[R]CC1CCC(N)CC1	02320	1.163	-0.169
[R]NC(=O)C=CCN(C)C	02321	-0.264	-0.321
[R]C(N)CC	02322	0.292	-0.082
[R]NCC(F)F	02323	-0.073	-0.509
[R]c1ccc(OC)c(Br)c1	02324	2.517	-0.02
[R]c1c(C)ncnc1C	02325	0.363	0.084
[R]Nc2cnc1ccccc1c2	02326	1.581	-0.296
[R]c1ccnc(C)c1C	02327	1.303	0.09
[R]c1ccc(OC)c(C(F)(F)F)c1	02328	2.608	0.016
[R]n1nc(C)nc1C	02329	0.294	0.19
[R]Nc1ccc(CC(O)=O)cc1	02330	1.122	-0.368
[R]c1nnc[nH]1	02331	-0.246	0.329
[R]CCOCCOC	02332	0.123	-0.06
[R]c1ccnc(C(F)(F)F)c1	02333	1.947	0.239
[R]C(CS)C(O)=O	02334	0.07	0.075
[R]NCc1c(C)cc(N)nc1C	02335	0.688	-0.647
[R]Cc1c(C)cc(N)nc1C	02336	1.615	-0.155
[R]c2ccc1n(C)c(=O)oc1c2	02337	0.636	0.078
[R]C=Cc2ccc1ccccc1n2	02338	2.998	0.062
[R]C(CCSC)C(O)=O	02339	0.456	0.026
[R]C(=O)OCCOC	02340	-0.142	0.478
[R]C(=O)N1CCC(O)C1	02341	-0.879	0.375
[R]N(C)CCC	02342	0.843	-0.661
[R]C(=O)NC1CC1c2ccccc2	02343	1.389	0.374
[R]c2ccc(N1CCCC1)cc2	02344	2.567	-0.041
[R]c2sc1ccccc1c2Br	02345	3.642	0.138
[R]NCC(O)CO	02346	-1.145	-0.573
[R]N(C)CC(O)=O	02347	-0.426	-0.533
[R]C(C)(C)F	02348	0.852	0.056
[R]Oc1ccc(CCC(O)=O)cc1	02349	1.696	-0.063
[R]C(C)C(C)(C)C	02350	2.647	-0.144
[R]c2ccc(c1ccncc1)cc2	02351	2.35	0.041
[R]C2(c1ccccc1)CC2	02352	2.633	-0.065
[R]OCc1ccc(C(F)(F)F)cc1	02353	2.646	-0.175
[R]C(=O)c1ccc(CC)cc1	02354	2.378	0.445
[R]C(=S)N1CCOCC1	02355	0.011	0.673
[R]C(CC(O)=O)C=O	02356	-0.762	0.162
[R]NCCCCN1CCCC1	02357	0.478	-0.634
[R]C(=O)NC(C(C)CC)C(N)=O	02358	-0.145	0.355
[R]CNS(=O)(=O)c1ccccc1	02359	1.169	0.086
[R]Cc1cn(C)c2ccccc12	02360	1.929	-0.201
[R]c1cccc(OC)n1	02361	1.511	0.143
[R]NC(C(C)CC)C(N)=O	02362	0.153	-0.596
[R]CCP(O)(O)=O	02363	0.187	-0.072
[R]c1ccc(Cl)c(OC)c1	02364	2.243	0.081
[R]Oc1ccc(C(N)=N)cc1F	02365	0.813	0.008
[R]C(=O)N1CCC2(CC1)OCCO2	02366	0.334	0.358
[R]C=CC(=O)OCC	02367	0.898	0.279
[R]N1CCC(F)CC1	02368	0.189	-0.595
[R]C(C(C)CC)C(N)=O	02369	0.745	-0.12
[R]c1cc(N(=O)=O)ccc1C	02370	2.398	0.249
[R]N2C(=O)CC1(CCCC1)CC2=O	02371	0.495	0.037
[R]c2nc1ccccc1c(=O)[nH]2	02372	1.084	0.492
[R]NC(CC(O)=O)C=O	02373	-1.282	-0.618
[R]N1CCN(CCC)CC1	02374	0.644	-0.675
[R]Nc1nc(C)cc(C)n1	02375	0.38	-0.391
[R]c1cnc(C#N)cn1	02376	0.188	0.405
[R]C(CC)CO	02377	0.809	-0.142
[R]CCCc1c[nH]c2ccccc12	02378	2.475	-0.148
[R]CC(=O)c1ccc(C)cc1	02379	1.914	-0.109
[R]c2ccc1CCCCc1c2	02380	3.2	-0.057
[R]c1nccc2ccccc12	02381	2.067	0.217
[R]Nc1cccc(C#C)c1	02382	1.673	-0.36
[R]c1cc(C)c(=O)n(C)c1	02383	0.721	-0.031
[R]C(=O)CNC	02384	0.044	0.481
[R]c1occc1C	02385	0.928	0.078
[R]C1CCC(N(C)C)CC1	02386	1.536	-0.152
[R]C(=O)NC(CC(O)=O)C=O	02387	-1.579	0.347
[R]c2ccc1occ(C)c1c2	02388	1.93	-0.038
[R]c1cc(N(=O)=O)ccc1O	02389	1.647	0.247
[R]OCC(=O)N1CCOCC1	02390	-1.186	-0.155
[R]C(C(C)C)C(=O)NO	02391	0.834	-0.074
[R]C(O)CC	02392	0.639	-0.019
[R]c1ccc(C(F)(F)F)cc1F	02393	3	0.168
[R]CCC1CC(O)CC(=O)O1	02394	0.176	-0.074
[R]c1cnc(C(F)(F)F)cn1	02395	1.035	0.421
[R]C(=O)Nc1ccc(C)cn1	02396	0.909	0.418
[R]CNC(CO)C(C)C	02397	0.66	-0.107
[R]C(=O)c2nc1CCN(C)Cc1s2	02398	0.239	0.502
[R]Sc1nnc(C)s1	02399	1.308	0.049
[R]N2Cc1ccccc1NC2=O	02400	0.722	-0.311
[R]OCC(=O)OCC	02401	-0.097	-0.129
[R]C(=O)Nc1nnc(S(N)(=O)=O)s1	02402	-0.442	0.652
[R]c2nc1nc(C)cc(C)n1n2	02403	0.647	0.252
[R]SCCCC	02404	1.538	-0.046
[R]C1CCC(C(C)(C)C)CC1	02405	3.662	-0.145
[R]Nc1cccc(C(=O)OCC)c1	02406	1.564	-0.321
[R]CCc1ccccc1F	02407	2.91	-0.082
[R]Oc1cc(C)cc(C)c1	02408	2.603	-0.11
[R]CSc1ccc(Cl)cc1	02409	2.678	0.103
[R]NC(=O)C=Cc1ccco1	02410	0.017	-0.318
[R]C(O)CNC	02411	-0.554	0.029
[R]C1=COCCO1	02412	-0.652	0.016
[R]NC1CCN(C(=O)OCC)CC1	02413	-0.082	-0.58
[R]C(=O)NC(CO)C(O)=O	02414	-1.333	0.383
[R]Nc1cnn(C)c1	02415	-0.4	-0.52
[R]C(=O)COc1ccc(OC)cc1	02416	1.79	0.565
[R]Nc1cccc(C(N)=O)c1	02417	0.325	-0.318
[R]NS(=O)(=O)c1ccccc1C	02418	1.488	-0.175
[R]CSc1nnnn1C	02419	0.751	0.189
[R]OC(C)CC	02420	1.211	-0.288
[R]c1ccc(O)c(OCC)c1	02421	1.783	0.024
[R]NCCCN1CCCC1=O	02422	-0.852	-0.615
[R]N(C)CCc1ccccc1	02423	2.06	-0.636
[R]C(=O)Nc1c(C)cccc1Cl	02424	2.04	0.409
[R]Nc1ccccc1C(N)=O	02425	0.325	-0.335
[R]C(C)C1CCCCC1	02426	2.899	-0.137
[R]C(CCc1ccccc1)C(O)=O	02427	2.496	-0.009
[R]c2ccc1C(=O)OCc1c2	02428	1.438	0.192
[R]C(=O)Nc1ccc(F)c(F)c1	02429	1.334	0.53
[R]c2ncc(c1ccccn1)o2	02430	0.908	0.344
[R]C(=O)c1ccoc1	02431	-0.231	0.431
[R]CC=C(C)CCC=C(C)C	02432	3.321	-0.134
[R]c1ccnc(OC)c1	02433	1.111	0.121
[R]OC(=O)Nc1ccccc1	02434	1.396	-0.069
[R]S(=O)(=O)Nc1ccc(OC)cc1	02435	0.912	0.602
[R]Nc1cccc(C(=O)OC)c1	02436	1.221	-0.316
[R]C=Cc1cccs1	02437	1.981	0.01
[R]NC(C)COC	02438	-0.081	-0.655
[R]C(=O)Nc2ccc1CCCc1c2	02439	1.882	0.437
[R]CC(=O)c1ccc(F)cc1	02440	1.586	-0.071
[R]C(=O)NCCCCN1CCCC1	02441	0.181	0.366
[R]c1ncc(Cl)cc1Cl	02442	2.101	0.263
[R]OCC(C)(C)C(O)=O	02443	0.938	-0.231
[R]C(CCC)C(O)=O	02444	1.279	-0.022
[R]CC(=O)Nc1cccc(F)c1	02445	1.127	-0.046
[R]NC(=O)Nc1ccccc1C	02446	1.213	-0.296
[R]N2Cc1ccccc1C2=O	02447	0.978	-0.063
[R]SCc1ccc(N(=O)=O)cc1	02448	2.061	0.103
[R]C(=O)Nc1ccc(O)cc1	02449	0.77	0.462
[R]Cc1cnn(C)c1	02450	0.483	-0.15
[R]NC(=O)c1ccc(O)cc1	02451	0.717	-0.28
[R]C(=O)c1cncc(Br)c1	02452	0.994	0.579
[R]c1noc2ccccc12	02453	1.648	0.352
[R]c1ccc(OC)cc1Cl	02454	2.243	-0.039
[R]NC(=O)COc1ccccc1C	02455	1.059	-0.232
[R]NC(C)(C)CO	02456	-0.281	-0.637
[R]C(C)NC(=O)OC	02457	0.275	0.121
[R]c1ccc(S(C)(=O)=O)cn1	02458	0.21	0.345
[R]C(F)(F)C(F)(F)C(F)(F)F	02459	2.845	0.515
[R]C2CCC1CCC(=O)N1C2	02460	0.262	0.008
[R]NCCc1ccc(C)cc1	02461	2.166	-0.634
[R]c1nc(C#N)c[nH]1	02462	0.165	0.352
[R]CCC(=O)NO	02463	-0.059	-0.028
[R]N1CCCCC1CC	02464	1.635	-0.701
[R]CCc1ccccc1Cl	02465	3.288	-0.09
[R]C=CC(O)CC(O)CC(O)=O	02466	-0.237	0.026
[R]N2Cc1ccc(F)cc1C2	02467	1.678	-0.546
[R]C#Cc1ccccn1	02468	1.367	0.135
[R]C(=O)NC1CCOCC1	02469	-0.795	0.386
[R]n1c(O)nc2ccccc12	02470	1.664	0.192
[R]c1cc(O)ccc1O	02471	1.409	0.01
[R]Cn1cccn1	02472	0.179	0.057
[R]C(=O)C1CCN(C(C)=O)CC1	02473	0.219	0.515
[R]CCc1cccc2ccccc12	02474	3.772	-0.093
[R]C(C)=NO	02475	1.196	0.217
[R]Cc1cccc(OC)c1OC	02476	1.868	-0.133
[R]CC(O)c1ccc(O)c(CO)c1	02477	1.037	-0.114
[R]NS(=O)(=O)c1ccc(Br)cc1	02478	1.813	-0.109
[R]OCCOCC	02479	0.165	-0.278
[R]C(=O)c1nc(C#N)c[nH]1	02480	-0.298	0.532
[R]c1cc(Cl)c(O)cc1O	02481	1.927	0.07
[R]NCCCC(O)=O	02482	-0.355	-0.584
[R]C(O)c1ccc(O)c(CO)c1	02483	0.785	-0.014
[R]CCCCN(C)C	02484	1.224	-0.125
[R]Cc1csc2ccccc12	02485	2.847	-0.095
[R]C(=O)NCCN1CCCCC1	02486	0.074	0.369
[R]c1ccnc(C(=O)NC)c1	02487	0.145	0.144
[R]c2ccc1nc[nH]c1c2	02488	0.849	-0.001
[R]C(=O)C(N)C(C)C	02489	1.044	0.494
[R]NN=Cc1ccncc1	02490	0.658	-0.403
[R]CCCC(=O)OC	02491	0.748	-0.087
[R]CCn1ccnc1	02492	-0.191	0.07
[R]C(=O)C(N)CC(C)C	02493	1.368	0.466
[R]C(C)F	02494	0.774	0.06
[R]N1C(=O)OCc2ccccc12	02495	1.372	0.076
[R]NC(=O)c1nc(C#N)c[nH]1	02496	-0.811	-0.137
[R]C(=O)CN1CCN(C)CC1	02497	0.207	0.477
[R]N(C)CC#C	02498	0.306	-0.611
[R]c2ccc1ccc(Cl)cc1n2	02499	2.984	0.233
[R]Cc1ccc(NC(N)=N)cc1	02500	1.123	-0.166
[R]SCc1ccccc1F	02501	2.246	-0.028
[R]C2=NS(=O)(=O)c1ccccc1N2	02502	1.029	0.704
[R]NC(=O)COc1ccc(Cl)cc1	02503	1.11	-0.209
[R]N1CCC(OC)CC1	02504	-0.136	-0.637
[R]C=Cc2ccc1OCOc1c2	02505	2.194	0.018
[R]CC(=O)NCc1cccs1	02506	0.305	-0.117
[R]C(S)Cc1ccccc1	02507	2.443	0.057
[R]CCOCCO	02508	-0.155	-0.058
[R]C(=O)c1ccccc1OCC	02509	1.604	0.339
[R]OCc1ccc(N(=O)=O)cc1	02510	1.717	-0.112
[R]c2nc(c1ccccn1)cs2	02511	1.774	0.185
[R]C1=CCC(C)(C)CC1	02512	2.498	-0.109
[R]C(=O)c1cccc(C#N)c1	02513	1.55	0.556
[R]C(=O)N2Cc1ccc(F)cc1C2	02514	1.266	0.421
[R]COc1ccccc1OC	02515	1.564	-0.004
[R]c1cccc2cc[nH]c12	02516	1.286	-0.046
[R]c1c(F)c(F)cc(F)c1F	02517	2.535	0.266
[R]c1cccc(F)n1	02518	1.661	0.261
[R]c1ccnc(Cl)c1	02519	1.554	0.192
[R]C1CCN(C(=O)OC(C)C)CC1	02520	1.357	-0.066
[R]N1CC(O)C(O)C(O)C1CO	02521	-1.636	-0.832
[R]S(=O)(=O)C1CC1	02522	-0.219	0.568
[R]c1ccc(P(O)(O)=O)o1	02523	0.416	0.272
[R]C(Cl)c1ccccc1	02524	2.752	0.081
[R]c2ccc1nc(C)nc(O)c1c2	02525	1.985	0.078
[R]c1ccc(C#N)nc1	02526	1.101	0.228
[R]c2ccc1cc(F)ccc1c2	02527	3.119	0.027
[R]C(=O)c1ccc(O)c(O)c1	02528	0.946	0.5
[R]OCCN1CCN(C)CC1	02529	-0.233	-0.297
[R]C(=O)c1ccc(C)s1	02530	1.156	0.41
[R]c1ccc(N(=O)=O)cn1	02531	1.018	0.464
[R]c1nnnn1Cc2ccccc2	02532	1.947	0.492
[R]C(C)CCc1ccccc1	02533	3.497	-0.117
[R]c1cc(C)nn1C	02534	0.486	0.121
[R]c1ccc(N(=O)=O)c2nonc12	02535	1.557	0.905
[R]NS(O)(=O)=O	02536	-0.421	-0.131
[R]Nc1cccc2cccnc12	02537	1.581	-0.345
[R]S(=O)(=O)Nc1ncccn1	02538	-0.289	0.526
[R]Nc1ncc(C)s1	02539	0.593	-0.378
[R]CN1CCC(C)CC1	02540	1.232	-0.09
[R]CC1SC(=O)NC1=O	02541	0.113	0.103
[R]n2nnc1ccccc1c2=O	02542	0.933	0.067
[R]COS(N)(=O)=O	02543	-0.488	0.157
[R]C1CCCc2c(OC)cccc12	02544	2.811	-0.107
[R]C(=O)c1ccno1	02545	-0.217	0.565
[R]C1CC1C	02546	1.314	-0.118
[R]NC1=NCCS1	02547	0.297	-0.337
[R]C(Cc1ccccc1)C(=O)NC	02548	1.482	-0.114
[R]C(=O)Nc1ccc(C)c(F)c1	02549	1.661	0.485
[R]NC(CCSC)C(O)=O	02550	-0.263	-0.495
[R]c1nnco1	02551	-0.069	0.451
[R]C(=O)CCCC(O)=O	02552	0.727	0.502
[R]c1ccc(O)c2[nH]c(=O)sc12	02553	1.403	0.135
[R]SC1CCCC1	02554	1.519	-0.061
[R]CC(=O)NC(C)c1ccccc1	02555	1.495	-0.122
[R]c2nnc(c1ccco1)o2	02556	0.611	0.453
[R]NCC1CCNCC1	02557	-0.291	-0.644
[R]c2ccc(N1CCCC1=O)cc2	02558	1.216	-0.063
[R]c2nc1ncccc1o2	02559	0.692	0.499
[R]c1cnc(OC)cn1	02560	0.199	0.179
[R]CCN1CCNC1=O	02561	-0.467	-0.028
[R]C(=O)C(=O)OCC	02562	0.84	0.709
[R]C(=O)Nc1cccc(Cl)c1Cl	02563	2.091	0.5
[R]c1cc(N(=O)=O)ccc1OC	02564	1.678	0.14
[R]c2cnc1[nH]ccc1n2	02565	0.218	0.143
[R]NC1CCCCC1O	02566	0.487	-0.66
[R]C(=O)c1cnc2ccccn12	02567	0.338	0.435
[R]c1cnc(OC)nc1OC	02568	0.718	-0.077
[R]NN=Cc1ccco1	02569	0.453	-0.449
[R]Cc1cc(C)on1	02570	0.35	-0.066
[R]OC(F)(F)Cl	02571	1.919	0.065
[R]c1[nH]c(C)c(C(C)=O)c1C	02572	0.06	-0.09
[R]Oc1ccc(C(C)=O)cc1	02573	0.977	0.008
[R]C(=O)c1c(C)ncnc1C	02574	-0.1	0.546
[R]CC(=O)C(O)=O	02575	0.398	0.046
[R]NC(=O)c1c(F)cccc1F	02576	1.281	-0.254
[R]C(=O)N1CC(C)OC(C)C1	02577	0.103	0.39
[R]NC(=O)c1ccc(N(C)C)cc1	02578	1.266	-0.367
[R]c1c(Cl)ccc(F)c1Cl	02579	3.153	0.162
[R]C(=O)Nc2nc1ccccc1[nH]2	02580	0.836	0.606
[R]Nc1ccnc2cc(Cl)ccc12	02581	2.099	-0.188
[R]c1cccc2nonc12	02582	1.603	0.133
[R]C(=O)N1CCCC1C	02583	0.358	0.341
[R]NCc1ccc(C(C)(C)C)cc1	02584	3.074	-0.637
[R]Cc1n[nH]c(=O)c2ccccc12	02585	1.127	-0.063
[R]NC(=O)Cc1ccc(F)cc1	02586	1.074	-0.269
[R]c1ccc(OS(N)(=O)=O)cc1	02587	1.102	0.168
[R]Nc1ccc(OC(C)C)c(F)c1	02588	2.134	-0.346
[R]CCc2ccc1OCOc1c2	02589	2.454	-0.072
[R]c1ccc(S(C)=O)cc1	02590	0.931	0.064
[R]C2CCN(c1ccncc1)CC2	02591	1.515	-0.058
[R]c1cc(C)nc2ncnn12	02592	0.678	0.526
[R]c1ccc(OC(F)(F)Cl)cc1	02593	3.656	0.027
[R]OC(=O)NC1CCCCC1	02594	1.299	-0.137
[R]CN1CCCC1=O	02595	-0.374	-0.061
[R]c1cc(Cl)ccc1F	02596	2.635	0.097
[R]c1ccc(OCC)c(OC)c1	02597	1.815	-0.057
[R]Cc2nc(O)c1ccccc1n2	02598	2.087	-0.055
[R]Sc1nc[nH]n1	02599	0.209	-0.06
[R]Sc1ncccn1	02600	0.559	-0.023
[R]C(NC(=O)OC)C(C)(C)C	02601	1.652	0.095
[R]c1cc(C)n[nH]1	02602	0.24	0.098
[R]CC(=O)c1ccc(Br)cc1	02603	2.239	-0.063
[R]C(C)CC(C)CC	02604	3.006	-0.141
[R]c2nnc(c1ocnc1C)n2C	02605	0.014	0.352
[R]CCNC(=O)c1ccccc1	02606	1.401	-0.014
[R]C(=O)NC(CCSC)C(O)=O	02607	-0.56	0.423
[R]n1c(C)ncc1N(=O)=O	02608	0.053	0.573
[R]C(=O)C(S)Cc1ccccc1	02609	2.793	0.572
[R]C(=O)C(NC(=O)OC)C(C)(C)C	02610	2.002	0.553
[R]c2cc1ccccc1n2C	02611	1.761	0.064
[R]NCc1ccc(OC)cc1OC	02612	0.942	-0.715
[R]NCCc1ccc(O)cc1	02613	1.414	-0.612
[R]OCc1ccc(C)cc1	02614	2.231	-0.261
[R]c2ccc1[nH]c(O)nc1c2	02615	1.474	-0.046
[R]C(C)C(=O)OCC	02616	0.861	-0.047
[R]CC(=O)NCCCC	02617	0.513	-0.131
[R]SCC(=O)NCC1CCCO1	02618	-0.515	-0.035
[R]C(=O)N1CCC(O)CC1	02619	-0.826	0.386
[R]CN1CCC1	02620	0.054	-0.12
[R]OCc1ccc(C)cn1	02621	1.069	-0.215
[R]N(CC)c1ccccc1	02622	2.08	-0.438
[R]Sc1nncn1C	02623	0.433	0
[R]c1ccnc2cc(OC)ccc12	02624	1.814	0.162
[R]NC1CCCCCCC1	02625	2.048	-0.66
[R]C(N)Cc1cc(F)ccc1F	02626	1.788	-0.004
[R]C(C)C(C)C	02627	2.214	-0.139
[R]NN=Cc1ccccc1	02628	1.969	-0.478
[R]OC1CN2CCC1CC2	02629	0.28	-0.256
[R]C(=O)c1cccnc1Cl	02630	1.091	0.537
[R]Nc1ccc(OC(F)(F)Cl)cc1	02631	3.17	-0.324
[R]C(=O)CN1CCCCC1	02632	1.127	0.469
[R]n1cncc1C	02633	-0.59	0.116
[R]CNC(=O)OCc1ccccc1	02634	1.639	0.133
[R]Nc1cc(Cl)ccc1C	02635	2.477	-0.335
[R]c2ccc1NC(=O)CCc1c2	02636	1.021	0.002
[R]Oc1ccc(S(C)(=O)=O)cc1	02637	0.814	0.049
[R]Cn1cnc2ccccc12	02638	1.188	0.125
[R]NC(=O)c1ccccc1C(O)=O	02639	0.7	-0.354
[R]NCC2COc1ccccc1O2	02640	0.926	-0.566
[R]CC(O)CNC(C)C	02641	0.453	-0.128
[R]C(=O)NCc1ccccc1C	02642	1.617	0.364
[R]c1cnn(CCO)c1	02643	-0.357	-0.161
[R]C(=O)c1[nH]c(C)c(C(C)=O)c1C	02644	-0.403	0.486
[R]C(=O)c1occc1C	02645	0.465	0.394
[R]SC(C)=O	02646	0.082	0.087
[R]C(C)c1ccc(C(F)(F)F)cc1	02647	3.587	-0.008
[R]CNC(=O)c1cccs1	02648	0.621	0.111
[R]Nc1cnc(C#N)cn1	02649	0.001	-0.036
[R]CCN1CCC1	02650	0.306	-0.085
[R]c1ncnc2[nH]cc(C)c12	02651	0.954	0.228
[R]CC(Cl)c1ccccc1	02652	3.003	-0.063
[R]c1nnc(O)c2ccccc12	02653	2.029	0.331
[R]n2cnc1ccccc1c2=O	02654	0.763	0.019
[R]c1cccc(OC(F)F)c1	02655	2.579	0.03
[R]c2cc1ccccc1cn2	02656	2.067	0.116
[R]c2nc1CCOCc1c(=O)[nH]2	02657	-0.513	0.557
[R]N(CC(O)=O)CC(O)=O	02658	-0.885	-0.446
[R]c2nc1CCCCc1s2	02659	1.697	0.216
[R]Nc1cc[nH]c(=O)c1	02660	-0.479	-0.209
[R]c1cnc(C)nc1	02661	0.17	0.111
[R]C(C)(C)OC	02662	0.527	-0.035
[R]Oc1ccc(Cl)cc1C	02663	2.654	-0.036
[R]CCOc1ccc(C)cc1	02664	2.536	0.005
[R]CCC1CCCCN1	02665	1.259	-0.164
[R]c2nc1ccc(Cl)cc1s2	02666	2.921	0.356
[R]C(=O)Nc1ccc(Cl)cc1Cl	02667	2.091	0.505
[R]Cc1ncccc1C	02668	1.464	-0.071
[R]n1c(=O)sc2ccccc12	02669	1.878	0.157
[R]C1=CCC2CC1C2(C)C	02670	2.259	-0.08
[R]NC(=O)C(O)=O	02671	-0.984	-0.098
[R]NN=Cc1cccs1	02672	1.441	-0.467
[R]C(=O)Nc1cc[nH]c(=O)c1	02673	-0.915	0.494
[R]NC(=O)Nc1ccccc1Cl	02674	1.264	-0.267
[R]Cc1ccccc1OCC	02675	2.464	-0.196
[R]C1OC(C)C(O)C(O)C1O	02676	-0.776	0.127
[R]CSc1ccc(C)cc1	02677	2.627	0.057
[R]N1CCC(CO)C1	02678	-0.342	-0.675
[R]c1ccc(N)nc1C	02679	0.752	-0.131
[R]OCc1ccc(Br)cc1	02680	2.555	-0.207
[R]c1c[nH]c2ccc(C#N)cc12	02681	1.322	-0.107
[R]C(=O)NCCCO	02682	-1.018	0.377
[R]NCCCc1c[nH]cn1	02683	-0.729	-0.672
[R]Cc1ccc(O)c(OC)c1	02684	1.837	-0.072
[R]NC(=O)c1ccc(OCC)cc1	02685	1.091	-0.313
[R]Cc1cccn1C	02686	0.463	-0.141
[R]c2nccc(c1ccccn1)n2	02687	1.39	0.206
[R]C(C(C)C)C(C)C	02688	2.941	-0.15
[R]Cc2cc(C)c1[nH]ncc1c2	02689	1.935	-0.117
[R]c1ccc(O)c(Br)c1	02690	2.485	0.062
[R]c1c(Cl)c(OC)cc(OC)c1Cl	02691	2.508	0.109
[R]C(C1CCCCC1)C(O)=O	02692	1.898	-0.033
[R]NC(=O)C=Cc1cccnc1	02693	0.222	-0.283
[R]CC(=O)Nc1ccc(C)c(C)c1	02694	1.922	-0.077
[R]c1ccccc1C(=O)NC	02695	1.058	-0.155
[R]C(CCC(N)=O)C(O)=O	02696	-0.818	-0.004
[R]CCCC(=O)OCC	02697	1.091	-0.09
[R]NC2Cc1ccccc1C2	02698	1.751	-0.592
[R]C(=O)CCC(=O)OC	02699	0.362	0.508
[R]c1c(F)ccc(Cl)c1F	02700	2.774	0.163
[R]SCC(=O)N1CCCC1	02701	-0.174	-0.023
[R]NC1CCc2ccccc12	02702	1.896	-0.612
[R]C(=O)C(C)CC	02703	2.126	0.45
[R]Nc1cccc(OC(F)(F)F)c1	02704	2.984	-0.286
[R]C(O)C(O)=O	02705	-0.505	0.179
[R]c2ccc(c1ccccc1)cn2	02706	2.749	0.155
[R]c1ccc(Br)c(C)c1	02707	3.236	0.059
[R]S(=O)(=O)NCc1ccccc1	02708	1.116	0.586
[R]c1cc(C)oc1C	02709	0.233	-0.115
[R]CC(CC)CC	02710	2.676	-0.141
[R]N(CCCCC)CCCCC	02711	3.239	-0.669
[R]c1ccc(OC)c(CO)c1	02712	1.189	-0.123
[R]C(COC)c1ccccc1	02713	1.908	-0.03
[R]C(=O)Nc1cc(C)ccn1	02714	0.909	0.418
[R]c2ccc1OCCCOc1c2	02715	1.346	0.008
[R]c1c[nH]c2ccc(O)cc12	02716	1.001	-0.199
[R]NCCCCCCC	02717	2.067	-0.642
[R]CCCNC	02718	0.467	-0.118
[R]Oc2ccc1OCOc1c2	02719	1.353	-0.049
[R]C(=O)C(C)=C	02720	1.569	0.38
[R]S(=O)(=O)N(C)c1ccccc1	02721	1.855	0.586
[R]C(O)C(C)C	02722	1.042	-0.028
[R]C(C)NC(=O)C1CC1	02723	0.337	0.078
[R]NC(=S)NC(=O)c1ccccc1	02724	1.463	-0.158
[R]c2ccc1[nH]c(C)nc1c2	02725	1.132	-0.085
[R]CC(O)COc1ccccc1	02726	1.696	-0.06
[R]CCN1CCNCC1	02727	-0.128	-0.101
[R]NC(=O)c1cnc2ccccn12	02728	-0.175	-0.262
[R]c2cc(Cl)c1cccnc1c2O	02729	2.3	0.076
[R]COc1c(C)cccc1C	02730	2.751	-0.017
[R]Oc1ccccc1C(F)(F)F	02731	2.552	0.049
[R]Oc1cccnc1C	02732	0.527	-0.03
[R]C(N)CCC(O)=O	02733	-0.544	-0.027
[R]C(C)c1c(Cl)ccc(F)c1Cl	02734	3.88	-0.049
[R]C(=O)NCc1ccccc1F	02735	1.289	0.364
[R]Cn1ccc(=O)[nH]c1=O	02736	-0.957	0.124
[R]C(NC(=O)OC(C)(C)C)C(C)C	02737	1.98	0.094
[R]c1ncnc2sc(C)c(C)c12	02738	1.998	0.317
[R]S(=O)(=O)c1ccccc1Cl	02739	1.584	0.592
[R]c2oc1ccccc1c2C	02740	2.159	0.166
[R]C(=O)CF	02741	0.586	0.583
[R]c1nc(OC)cc(OC)n1	02742	1.111	0.222
[R]C1=NNC(=O)CC1CC	02743	1.248	0.307
[R]c1ccccc1OC(F)F	02744	2.579	-0.068
[R]Sc1nccn1C	02745	0.409	-0.082
[R]Nc1ccccc1SC	02746	1.582	-0.37
[R]NC1CCCCC1C	02747	1.658	-0.663
[R]Cc1csc(C)n1	02748	0.886	-0.131
[R]N1CCN(CCOC)CC1	02749	-0.332	-0.698
[R]C1CC(CO)C(O)C1O	02750	-0.678	-0.226
[R]C(=O)N1CCCC(C)C1	02751	0.744	0.353
[R]c2ccc(CN1CCCC1)cc2	02752	2.19	-0.038
[R]OC1CC2CCC(C1)N2C	02753	0.43	-0.277
[R]NC(=O)C=Cc1ccc(Cl)cc1	02754	2.052	-0.288
[R]NC(=O)C(S)Cc1ccccc1	02755	1.343	-0.218
[R]C(=O)C=Cc1ccc(F)cc1	02756	2.186	0.397
[R]c1nc(C)cc(O)n1	02757	0.804	0.234
[R]C(O)CCCCC	02758	1.828	-0.017
[R]n1c(=O)[nH]c2ncccc12	02759	-0.151	0.117
[R]C(=O)OC1CCCCC1	02760	1.608	0.488
[R]NC(CC)CO	02761	0.109	-0.644
[R]NC(=O)c1occc1C	02762	-0.048	-0.258
[R]c2cnn(c1ccccc1)c2	02763	1.593	-0.12
[R]C(=O)N1CC(O)C1	02764	-0.931	0.329
[R]C(=O)Nc1cccc(O)c1	02765	0.77	0.466
[R]NCc1ccc(O)cc1	02766	1.163	-0.611
[R]C(=O)c2cnc1ccccc1n2	02767	1.09	0.576
[R]S(=O)(=O)NC(C)C	02768	0.095	0.578
[R]C1CCCCN1C	02769	0.972	-0.103
[R]CC(=O)Nc1ccccc1Cl	02770	1.505	-0.05
[R]Nc2nc(c1ccccn1)cs2	02771	1.593	-0.177
[R]SC1CCCCC1	02772	1.915	-0.058
[R]c1ncc(Br)cn1	02773	1.011	0.307
[R]CNS(=O)(=O)c1ccc(C)cc1	02774	1.636	0.078
[R]CNCc1cccc(OC)c1	02775	1.342	-0.09
[R]C(=O)CC(=O)C(O)=O	02776	0.872	0.573
[R]c1ccccc1C(=O)OCC	02777	2.05	-0.093
[R]Cc1cc(Cl)ccc1OC	02778	2.639	-0.131
[R]c2nc1c(C)ncc(C)n1n2	02779	0.082	0.241
[R]C(=O)C1CCCN1C(C)=O	02780	0.229	0.45
[R]c2cc(c1cccs1)ccc2N	02781	2.35	-0.044
[R]Oc1ccc(NC(C)=O)cc1	02782	0.518	-0.101
[R]c1c(N)nn2cccnc12	02783	0.273	-0.264
[R]C(N)=NO	02784	-0.216	0.163
[R]C(Cc1ccccc1)C=O	02785	1.688	0.078
[R]S(=O)(=O)Nc1ccccc1OC	02786	0.912	0.57
[R]c1ccc(N(=O)=O)cc1Cl	02787	2.449	0.31
[R]Nc1ccccc1O	02788	1.207	-0.368
[R]COc1ccc(O)cc1	02789	1.533	0.046
[R]c1nc(C)c(C(C)=O)s1	02790	0.481	0.405
[R]CCCN1CCCC1C	02791	1.567	-0.122
[R]Oc1ccc(OCC)cc1	02792	1.759	-0.114
[R]NCCF	02793	-0.17	-0.542
[R]C=Cc1ccccc1Cl	02794	3.028	0.008
[R]CNC1CC1	02795	0.215	-0.076
[R]NC(=O)Oc1ccccc1	02796	1.396	-0.209
[R]OCc1ccc(C(O)=O)cc1	02797	1.462	-0.193
[R]NC(CO)Cc1ccccc1	02798	1.326	-0.656
[R]N(C)S(=O)(=O)c1ccc(C)cc1	02799	1.85	-0.247
[R]C1CCC(OC)CC1	02800	1.392	-0.164
[R]C(=O)Cc1c[nH]c2ccccc12	02801	1.692	0.432
[R]c1cc(C(N)=N)sc1SC	02802	1.243	-0.004
[R]CSc2nc1ccccc1o2	02803	2.119	0.157
[R]CC(=O)N1CC(F)CC1C#N	02804	-0.269	-0.027
[R]CCN1CCCCCC1	02805	1.55	-0.098
[R]c1cc(Cl)c(OC)cc1OC	02806	1.99	-0.104
[R]c2cc(=O)c1ccccc1o2	02807	1.238	0.416
[R]N1CC(OC)C1	02808	-0.24	-0.68
[R]c1cnn(C(C)C)c1	02809	0.842	-0.199
[R]C(Cc1c[nH]cn1)NC(C)=O	02810	-1.343	-0.186
[R]CC(=O)NCc1ccc(Cl)cc1	02811	1.6	-0.107
[R]C(O)(P(O)(O)=O)P(O)(O)=O	02812	0.137	0.162
[R]CC(=O)Nc1ccc(CC)cc1	02813	1.851	-0.076
[R]Cc1ccc(F)c(Cl)c1	02814	3.031	-0.025
[R]NC(CCC(N)=O)C(O)=O	02815	-1.483	-0.506
[R]C(=O)C(C)O	02816	0.521	0.527
[R]N1C(N)=NC(N)=NC1(C)C	02817	0.204	-0.319
[R]CCNS(C)(=O)=O	02818	-0.261	0.045
[R]C(=O)NC(CCC(N)=O)C(O)=O	02819	-1.78	0.421
[R]n1ccc(C)n1	02820	0.201	0.081
[R]Oc1nc(C)cc(C)n1	02821	0.557	-0.12
[R]c1cc(F)ccc1Cl	02822	2.635	0.117
[R]C(=O)OCCCc1c[nH]cn1	02823	-0.376	0.466
[R]N1CCCOCC1	02824	-0.259	-0.62
[R]OCCCN1CCCC1C	02825	0.757	-0.259
[R]N2CCCN(C1CCC1)CC2	02826	0.678	-0.696
[R]C(=O)CC1CCCC1	02827	2.182	0.456
[R]C1CCN(C(C)=N)CC1	02828	0.148	-0.093
[R]c1c(F)cccc1C(F)(F)F	02829	3	0.185
[R]S(=O)(=O)N1CCc2ccccc12	02830	1.836	0.603
[R]c1ccc(C(=O)NCC)cc1	02831	1.4	0.09
[R]NC(=O)c1cccc(Cl)c1Cl	02832	2.038	-0.256
[R]NC(Cc1ccccc1)C=O	02833	1.024	-0.62
[R]C2CCc1nc(N)sc1C2	02834	1.082	-0.072
[R]CC(=O)N1CCC(C)CC1	02835	0.605	-0.141
[R]OCCCCCCCC	02836	2.78	-0.272
[R]c1ccc(N(C)C)nc1	02837	1.629	-0.117
[R]CCN1CCCC(C(O)=O)C1	02838	0.628	-0.088
[R]c1c[nH]nn1	02839	-0.213	0.13
[R]c1ccc(CC(N)C(O)=O)cc1	02840	1.083	-0.041
[R]S(=O)(=O)CCC	02841	0.196	0.586
[R]N=Nc1ccccc1	02842	2.542	0.298
[R]c1cccc(F)c1C	02843	2.584	0.046
[R]c1ccc(NS(O)(=O)=O)cc1	02844	1.46	0.016
[R]c1nnnn1C2CCCC2	02845	1.359	0.478
[R]N(CCOC)CCOC	02846	-0.298	-0.712
[R]CCCCOC	02847	1.08	-0.104
[R]NS(=O)(=O)c1ccc(F)cc1F	02848	1.3	-0.107
[R]c2nc(c1ccc(Cl)cc1)no2	02849	2.76	0.45
[R]C(CC)CCCC	02850	3.072	-0.144
[R]CC(=O)Nc1ccc(Br)cc1	02851	1.779	-0.036
[R]C1(C)CCSC(N)=N1	02852	0.4	-0.079
[R]C=NOC	02853	0.269	0.147
[R]Cc1ccc(NS(O)(=O)=O)cc1	02854	1.856	-0.085
[R]Cc2nc1CCOCc1c(=O)[nH]2	02855	-0.58	-0.016
[R]c1cccc(CC(O)=O)c1	02856	1.608	-0.016
[R]S(=O)(=O)Nc1onc(C)c1Br	02857	0.574	0.697
[R]C(=O)c2cnc1ccccc1c2	02858	1.604	0.511
[R]C1CCCCC1C#N	02859	1.839	-0.035
[R]COCC(O)=O	02860	-0.422	-0.003
[R]c2nc1cc(Cl)c(Cl)cc1[nH]2	02861	2.396	0.415
[R]C#Cc1cccc(F)c1	02862	2.42	0.157
[R]Oc1ccc(CC)cc1	02863	2.532	-0.103
[R]c1ccc(S(C)(=O)=O)cc1F	02864	1.262	0.193
[R]S(=O)(=O)Nc1cscn1	02865	0.291	0.513
[R]C1CC1CN	02866	-0.109	-0.074
[R]c1onc(C)c1Br	02867	1.209	0.341
[R]C(S)=NCC	02868	0.993	0.189
[R]C(=O)Nc1cnc(C#N)cn1	02869	-0.435	0.562
[R]c1ccc(O)nn1	02870	1.027	0.307
[R]NC(=O)Nc1cnc(C#N)cn1	02871	-0.745	-0.215
[R]NC(COC)c1ccccc1	02872	1.353	-0.62
[R]Oc1ccccc1C(C)(C)C	02873	3.296	-0.107
[R]c1cc(OC)c(OC)cc1OC	02874	1.219	-0.185
[R]C(=O)c1ccc(Br)s1	02875	2.175	0.481
[R]C1CC1c2ccc(OC)cn2	02876	1.133	-0.11
[R]c1ccnc(NC(C)=O)c1	02877	0.213	0.125
[R]NCCCCCCCC	02878	2.463	-0.642
[R]N1CC(=O)Nc2ccccc12	02879	0.296	-0.321
[R]c1ccc(C(O)=O)o1	02880	0.388	0.298
[R]c1cc(N(=O)=O)ccc1Cl	02881	2.449	0.293
[R]C(=N)NC	02882	-0.455	0.231
[R]CS(=O)(=O)C(C)(C)C	02883	0.367	0.141
[R]CCCCNC(N)=N	02884	0.181	-0.06
[R]OCc1ccccc1OC	02885	1.511	-0.272
[R]C(=O)c1c(C)cccc1C	02886	2.449	0.445
[R]C(CC(O)=O)c1ncc(C)s1	02887	0.492	0.003
[R]OC1CCN(C(C)C)CC1	02888	0.719	-0.28
[R]c2cccc(N1CCOCC1)c2	02889	1.899	-0.008
[R]C(=S)NCc1ccccc1	02890	1.884	0.627
[R]C1CCC(O)C1	02891	0.718	-0.125
[R]c1ccc(C(F)(F)F)cc1Cl	02892	3.378	0.178
[R]NC(=O)OC(C)C	02893	0.47	-0.25
[R]Oc1cccc2cccnc12	02894	1.758	-0.058
[R]NN(=O)=O	02895	0.148	0.034
[R]c2coc1ccccc1c2=O	02896	1.008	-0.093
[R]CCCn1cncc1C	02897	0.206	-0.014
[R]NC(=O)C1CCCN1C(C)=O	02898	-1.221	-0.335
[R]CC(=O)Nc1nnc(CC)s1	02899	0.851	-0.035
[R]COc1cccnc1	02900	0.505	0.079
[R]CC1CC1c2ccc(OC)cn2	02901	1.53	-0.117
[R]C1CCC(C(F)(F)F)CC1	02902	2.841	-0.055
[R]C(=O)c1ccc(N)cc1	02903	0.731	0.339
[R]OCC#N	02904	-0.134	-0.058
[R]CC1=CCC2CC1C2(C)C	02905	2.655	-0.134
[R]c2cc1OCOc1cc2Cl	02906	2.18	0.07
[R]Nc1ccc(F)c(C(F)(F)F)c1	02907	2.514	-0.213
[R]Cc2ccc1cc(F)ccc1c2	02908	3.515	-0.072
[R]C(=O)OC1CCOC1	02909	-0.197	0.554
[R]C(OC)OC	02910	0.209	0.016
[R]CC(=O)NCc1ccc(C)cc1	02911	1.549	-0.129
[R]CCN1CCC(C)CC1	02912	1.484	-0.085
[R]C(=O)NC1CCC(O)CC1	02913	-0.1	0.352
[R]N1C(=O)CCc2ccccc12	02914	1.212	-0.02
[R]C(=O)c1ccc(Cl)nc1	02915	1.091	0.57
[R]C=NNC(N)=S	02916	-0.167	0.364
[R]C1CC(=O)NS1(=O)=O	02917	-1.133	0.271
[R]NCc1ccc(C(O)=O)cc1	02918	1.145	-0.561
[R]COc1ccc(C(F)(F)F)cc1	02919	2.7	0.106
[R]c1cccc(N)n1	02920	0.98	0.1
[R]C(=O)NC1=NCCS1	02921	0.334	0.481
[R]C1CCCC1O	02922	0.79	-0.245
[R]c1cc(C)c(O)c(C)c1	02923	2.627	-0.027
[R]NS(=O)(=O)N1CCCC1	02924	-0.019	-0.18
[R]NCCNC(C)=O	02925	-1.294	-0.536
[R]CC(=O)OC(C)C	02926	0.711	-0.042
[R]Cn2nnc1ccccc1c2=O	02927	1.081	0.067
[R]CCOc1ccccc1OC	02928	1.816	-0.009
[R]Nc1ccc(N(CC)CC)cc1	02929	2.441	-0.501
[R]C(=O)C1=COCCO1	02930	-0.178	0.473
[R]NC(=O)C(CC)CC	02931	1.072	-0.305
[R]c1cncc(C)n1	02932	-0.077	0.22
[R]c1ccc(OC)cc1O	02933	1.44	-0.103
[R]c1scnc1C	02934	0.975	0.067
[R]CC(CC)C(O)=O	02935	1.279	-0.069
[R]C1(C(F)(F)F)CC1	02936	1.832	0.132
[R]c2nc(c1ccncc1)cs2	02937	1.375	0.23
[R]c2ccc1OCC(=O)Nc1n2	02938	0.069	0.227
[R]c1cc(C#N)ccn1	02939	1.101	0.265
[R]NC(=O)CNC	02940	-1.406	-0.289
[R]Cc1ccc(C)c(C)c1	02941	3.308	-0.126
[R]C(O)CNC(C)(C)C	02942	0.28	0.018
[R]C=Cc1ccc(N(C)C)cc1	02943	2.774	-0.129
[R]CCC1CCNCC1	02944	1.104	-0.126
[R]NCCCN1CCCC1	02945	0.027	-0.628
[R]c1ccc(S(O)(=O)=O)cc1	02946	1.362	0.187
[R]c1ccc(C(=O)OC)o1	02947	0.42	0.28
[R]NC1CC(CO)C(O)C1O	02948	-1.378	-0.677
[R]C1CCN(C(N)=N)CC1	02949	-0.123	-0.085
[R]NC(=O)Nc1ccccc1OC	02950	0.493	-0.321
[R]c1ccc(CNC(C)C)cc1	02951	2.259	-0.041
[R]c2ccc1c(N)nccc1c2	02952	1.583	0.034
[R]CCCCC1CCCCC1	02953	3.757	-0.131
[R]C(=O)Nc1ccc(C(N)=O)cc1	02954	-0.112	0.502
[R]Cc2cc(c1ccccc1)no2	02955	2.262	0.057
[R]Cc1cccc(N)c1	02956	1.591	-0.137
[R]NC(=O)c1cc(C)on1	02957	-0.559	-0.231
[R]c1ccc(C(F)(F)F)cc1OC	02958	2.608	0.019
[R]NCc1ccc(C)cc1C	02959	2.381	-0.637
[R]CC(Cc1ccccc1)C(O)=O	02960	2.496	-0.06
[R]COc1cccc(Cl)c1	02961	2.335	0.068
[R]OC(=O)CCC	02962	0.763	-0.084
[R]CN1CCNC(C)C1	02963	0.033	-0.098
[R]Oc1ccccc1C#N	02964	1.705	0.057
[R]c1ccc(O)c2ncccc12	02965	1.782	0.076
[R]OC(Cc1ccccc1)C(O)=O	02966	1.752	-0.194
[R]c2ccc1n(C)c(=O)n(C)c1c2	02967	0.705	0.005
[R]c1ccccc1NC(C)=O	02968	0.826	0.019
[R]SCC(=O)N1CCCCC1	02969	0.222	-0.022
[R]NN=Cc1ccccc1O	02970	1.685	-0.498
[R]C(=O)C(N)CCC(O)=O	02971	-0.195	0.546
[R]C(Cc1ccccc1)C(=O)OC	02972	2.132	-0.019
[R]c1cc(CC)c(C)nc1O	02973	2.114	-0.011
[R]C(=O)c1cc(O)c(O)c(O)c1	02974	0.661	0.521
[R]NC(=O)C=CC(O)=O	02975	-0.452	-0.199
[R]C(=O)Nc1ncc(C)s1	02976	0.157	0.473
[R]c1cc(Cl)cc(Cl)c1O	02977	2.729	0.124
[R]C(=O)OC1COC2OCCC12	02978	0.088	0.567
[R]C1C(C)(C)C1(C)C	02979	2.51	-0.128
[R]Nc2nc1ccc(C)cc1s2	02980	2.69	-0.323
[R]C(=O)C(C)c1ccccc1	02981	2.946	0.475
[R]C(=O)c1ccccc1N	02982	0.731	0.38
[R]OC1COC2OCCC12	02983	0.052	-0.163
[R]NN=Cc1cccnc1	02984	0.658	-0.435
[R]c1ccc(C#N)n1C	02985	0.795	0.124
[R]C2(c1ccc(Cl)cc1)CC2	02986	3.151	-0.019
[R]CC(=O)Nc1cccc(Cl)c1	02987	1.505	-0.049
[R]NC(C)CCc1ccccc1	02988	2.508	-0.631
[R]C1COC2OCCC12	02989	0.195	-0.027
[R]CC(=O)OCc1ccccc1	02990	1.732	-0.035
[R]n1c(C)cc2ccccc12	02991	1.477	0.081
[R]Cc1ccc(O)c(O)c1	02992	1.805	-0.058
[R]C=Cc1ccccc1OC	02993	2.257	-0.096
[R]c1ccc(NC(N)=O)cc1	02994	0.555	-0.085
[R]C(=O)NCCc1ccc(C)cc1	02995	1.869	0.366
[R]NCC(C)c1ccccc1	02996	2.101	-0.636
[R]C(CC(C)C)CC(=O)NO	02997	1.395	-0.066
[R]n2cnc(c1cnn(C)c1)c2	02998	-0.399	0.105
[R]CC(=O)NCCOC	02999	-0.859	-0.134
[R]C1CCSS1	03000	1.038	0.141
[R]Cc1cncs1	03001	0.737	-0.022
[R]Nc1ccc(S(C)(=O)=O)cc1	03002	0.636	-0.221
[R]CSc1ccccn1	03003	1.547	0.037
[R]OS(=O)(=O)c1ccc(C)cc1	03004	1.805	0.238
[R]Cc2ccc1OCCOc1c2	03005	1.691	-0.112
[R]c1cc(C(O)=O)ccn1	03006	0.763	0.217
[R]c2nc(c1ccccc1)c[nH]2	03007	1.813	0.212
[R]c1ccc(NC(=O)CC)cc1	03008	1.455	-0.047
[R]CC(=O)NCC	03009	-0.352	-0.129
[R]c1ncc(C(F)(F)F)cn1	03010	1.102	0.385
[R]CC(C)NC(=O)OC	03011	0.527	-0.058
[R]c1ccc(C#N)cc1S(C)(=O)=O	03012	1.158	0.337
[R]C(=O)C(CC(C)C)CC(=O)NO	03013	1.637	0.378
[R]NC(=O)CC#N	03014	-0.714	-0.18
[R]c1cc(Cl)cc(C#N)c1	03015	2.531	0.184
[R]Nc1c(Cl)cncc1Cl	03016	1.215	-0.416
[R]C(=O)c1ccc(C(O)=O)cc1	03017	1.213	0.538
[R]CCCCN1CCCCC1	03018	1.946	-0.125
[R]C(=O)c1sccc1C	03019	1.453	0.405
[R]c1nc(CC(=O)OCC)cs1	03020	1.007	0.146
[R]NC(=O)c1cccc(Br)c1	03021	1.793	-0.253
[R]c1cccc2CCCCc12	03022	3.2	-0.046
[R]C(=O)NCC(=O)OC	03023	-1.053	0.404
[R]Cc1cncnc1	03024	0.418	0.013
[R]C(C)CC(N)=O	03025	-0.214	-0.079
[R]c1cccc2sccc12	03026	2.451	0.01
[R]Cc1nnn[nH]1	03027	-0.144	0.119
[R]C(=O)c2nc1ccccc1o2	03028	1.075	0.56
[R]C(=O)Cn1nnc2ccccc12	03029	1.583	0.64
[R]C(=O)c1cc(C)oc1C	03030	-0.23	0.337
[R]c2cn1nc(SC)sc1n2	03031	1.655	0.067
[R]NC(C(C)CC)C(O)=O	03032	1.017	-0.544
[R]COc1ccccc1F	03033	1.956	0.049
[R]NC(=O)OC1COC2OCCC12	03034	-0.221	-0.185
[R]c1ccccc1N2CCNCC2	03035	1.682	-0.141
[R]S(=O)(=O)c1cccc(F)c1	03036	1.206	0.63
[R]C(C1CC1)C2CC2	03037	1.933	-0.141
[R]Sc1nnc(N)s1	03038	0.879	0.019
[R]C1(O)CCC1	03039	0.286	-0.016
[R]c1ncc(Cl)cn1	03040	0.737	0.29
[R]CCOCCC	03041	1.099	-0.058
[R]NC(C)CC(N)=O	03042	-1.058	-0.726
[R]C(=O)c1cnc(C)cn1	03043	-0.54	0.435
[R]C1COc2ncccc12	03044	1.029	0.005
[R]c1ccn(C)c(=O)c1	03045	0.254	0.121
[R]Nc1cnc(C(F)(F)F)cn1	03046	0.848	-0.035
[R]N1C2CCC1COC2	03047	0.156	-0.626
[R]NC(=O)Nc1cccnc1	03048	-0.566	-0.25
[R]n1cnc2c(=O)[nH]c(N)nc12	03049	-0.882	0.089
[R]n1c(=O)ccc1=O	03050	-0.531	0.102
[R]NC(=O)Nc1cccc(F)c1	03051	0.885	-0.261
[R]c1cc(Cl)ccc1CN	03052	1.613	-0.019
[R]C(=O)COc1ccc(Cl)cc1Cl	03053	3.078	0.617
[R]c1ccc(OC(C)=O)cc1	03054	1.476	0.016
[R]CCOc1ccc(Cl)cc1	03055	2.587	0.038
[R]C(=O)Nc1ccccc1Br	03056	1.847	0.467
[R]C(=O)COc1cccc(C)c1	03057	2.509	0.565
[R]CC(=O)Nc1ccc(C)cc1C	03058	1.922	-0.077
[R]Sc2ccc1ccccc1c2	03059	3.014	-0.069
[R]c1cccnc1N	03060	0.581	-0.038
[R]SCC(=O)Nc1nccs1	03061	-0.133	0.034
[R]NC(=O)c1ccc(N(=O)=O)o1	03062	-0.154	-0.069
[R]c1cccc(C(=O)N(C)C)c1	03063	1.304	0.007
[R]NCC(=O)N1CC(F)CC1C#N	03064	-0.98	-0.495
[R]Oc2ccc1CCC(=O)Nc1c2	03065	0.713	-0.016
[R]C(N)CCC(N)=O	03066	-1.409	-0.065
[R]SCC#N	03067	0.21	0.135
[R]c1cn(C(C)C)c2ccncc12	03068	0.976	-0.182
[R]C1(O)CCN(C)C1=O	03069	-1.143	0.045
[R]C(=O)C1CNCCO1	03070	-0.104	0.537
[R]C#CC1(O)CCN(C)C1=O	03071	-0.84	0.136
[R]Nc1cccc(NC(C)=O)c1	03072	0.34	-0.394
[R]Cc1cnccn1	03073	-0.315	-0.061
[R]C(=O)c1c(C)noc1C	03074	-0.274	0.462
[R]C(=O)Nc1cccc(SC)c1	03075	1.145	0.461
[R]C(=O)c1ccc(NC(C)=O)cc1	03076	0.363	0.428
[R]Cc1c(C)cccc1C	03077	3.308	-0.134
[R]c1cnn(C)c1C	03078	0.087	-0.201
[R]Nc1nnn[nH]1	03079	-0.164	0.048
[R]Cc1nn[nH]n1	03080	0.091	0.029
[R]NS(=O)(=O)c1ccc(Cl)c(Cl)c1	03081	2.057	-0.076
[R]C(=O)NC(C(C)CC)C(O)=O	03082	0.72	0.393
[R]C(O)COc1ccc(O)cc1	03083	1.16	0.133
[R]N2CCC(N1CCCC1C)C2	03084	0.694	-0.679
[R]C(C(C)O)C(O)=O	03085	-0.103	0.114
[R]CC(=O)N1CCCC1C(O)=O	03086	-0.385	-0.118
[R]c1ccc(O)c(C(C)C)c1	03087	2.887	-0.019
[R]C=NNC(N)=N	03088	-0.729	0.016
[R]C(=O)C(N)CCC(N)=O	03089	-1.06	0.515
[R]C(=O)Nc1ccc(C(N)=N)cc1	03090	0.06	0.478
[R]Oc1ccccc1Br	03091	2.461	-0.016
[R]NCCCOC(C)C	03092	0.313	-0.611
[R]C(=O)C=Cc1cccs1	03093	1.518	0.342
[R]CC(O)COc1ccc(O)cc1	03094	1.412	-0.054
[R]C(=O)NCCCN1CCCC1=O	03095	-1.15	0.374
[R]c2ccc1c(N)n[nH]c1c2	03096	0.987	0.024
[R]CNC(=O)C(N)Cc1cnc[nH]1	03097	-2.292	0.117
[R]C(=O)CSc1ccccc1	03098	2.386	0.573
[R]c1nc(C)c(C(=O)OCC)s1	03099	1.245	0.285
[R]c1ccc(C(N)=O)cn1	03100	-0.102	0.253
[R]c1nnc(C(C)(C)C)o1	03101	2.07	0.391
[R]C(N)C(=O)N1CCCC1C#N	03102	-0.825	0.135
[R]COc1ccc(Br)cc1	03103	2.609	0.078
[R]c1ccc(OC)c(N(=O)=O)c1	03104	1.678	0.106
[R]c2sc1CCCCc1c2C#N	03105	2.643	0.16
[R]c1ccc(C(O)=O)cc1C	03106	2.143	0.106
[R]C1(C(F)F)COCC(N)=N1	03107	-0.984	-0.049
[R]OCC(O)CNC(C)C	03108	-0.012	-0.221
[R]Oc1ccc(Cl)c(C)c1	03109	2.654	-0.036
[R]CC(=O)Nc1c(C)cccc1C	03110	1.922	-0.088
[R]C2CCc1ccccc1C2	03111	3.064	-0.09
[R]NC(=N)NC	03112	-0.765	-0.495
[R]C(=O)NC1CCCCC1C	03113	1.361	0.355
[R]NCc1cc(Cl)ccc1CN	03114	1.082	-0.544
[R]C(=O)NCC(C)(C)O	03115	-0.579	0.355
[R]CCNC(N)=N	03116	-0.611	-0.06
[R]C(=O)CNC(=O)c1ccco1	03117	-0.141	0.589
[R]C(=O)Nc1ccn(C)n1	03118	-0.138	0.443
[R]c1ccc(O)c(C)c1	03119	2.16	-0.016
[R]c1cc(C(C)(C)C)nn1C	03120	2.342	0.111
[R]c1ccc(OCC(C)C)cc1	03121	2.939	-0.085
[R]Cc1cc(Cl)ccc1CN	03122	2.009	-0.014
[R]C(=O)C1CCC(CN)CC1	03123	1.322	0.462
[R]Cc1cc(C)no1	03124	0.35	0.046
[R]C=Cc1cccc(N(=O)=O)c1	03125	2.463	0.315
[R]NC(=O)NCCCCC	03126	0.668	-0.365
[R]Cc1ccc(CO)cc1	03127	1.838	-0.115
[R]c2nc(c1ccc(C)cc1)cs2	03128	3.154	0.179
[R]c2nc(c1ccc(C)cc1)no2	03129	2.71	0.41
[R]C1CC(C)(OC)C(O)C(C)O1	03130	0.006	-0.044
[R]Nc1nc(C)c(C(C)=O)s1	03131	0.301	-0.232
[R]C(=O)CCCCC1CCSS1	03132	2.489	0.478
[R]Nc2nc1ccc(F)cc1s2	03133	2.362	-0.27
[R]C(=O)NCCCCCCC	03134	1.769	0.36
[R]c1ccccc1CC(O)=O	03135	1.608	0.021
[R]C(=O)NC1CCCNC1	03136	-0.613	0.388
[R]c2ccnc(N1CCOCC1)c2	03137	1.286	0.121
[R]N2CCN(C1CC1)CC2	03138	0.229	-0.666
[R]C(C)C(=O)NCCCC	03139	1.075	-0.131
[R]CC1CCCNC1	03140	0.78	-0.082
[R]OC1CC(C)(OC)C(O)C(C)O1	03141	0.249	-0.269
[R]C(=O)Nc1nnn[nH]1	03142	-0.601	0.719
[R]N(CC)Cc1ccccc1OC	03143	1.898	-0.721
[R]c2cnn(Cc1ccccc1)c2	03144	1.863	-0.191
[R]C1=CCN(C)CC1	03145	0.38	-0.087
[R]S(=O)(=O)c1cccc(Cl)c1	03146	1.584	0.627
[R]c1cc(Br)c(O)c(Br)c1	03147	3.277	0.147
[R]NCP(O)(O)=O	03148	-0.227	-0.576
[R]C1(O)CCOCC1	03149	-0.674	0.003
[R]CCCCCCN	03150	1.247	-0.126
[R]C(N)C(C)O	03151	-0.549	-0.101
[R]C(=O)Nc1cc(Cl)ccc1C	03152	2.04	0.488
[R]c1ccccc1C(C)=O	03153	1.286	-0.09
[R]CCCCC1CCSS1	03154	2.479	-0.104
[R]Cc1cnc(C)cn1	03155	-0.144	-0.076
[R]C(=O)C(NC(=O)OC)C(C)C	03156	1.496	0.559
[R]c1cn(C)c(=O)cc1OCC	03157	0.344	-0.038
[R]C1(C(=O)NO)CCOCC1	03158	-0.185	0.06
[R]S(=O)(=O)NC(=O)OCCCC	03159	0.59	0.598
[R]C1CCCC(O)C1	03160	1.114	-0.093
[R]NC(=O)OCCCc1c[nH]cn1	03161	-0.685	-0.269
[R]N(C1CC1)C(=O)C2CNCCO2	03162	-0.911	-0.307
[R]CCC(=O)c1ccccc1	03163	1.843	-0.068
[R]N1CCOC(C)C1	03164	0.102	-0.625
[R]C(=O)NC1CCCCC1O	03165	0.189	0.337
[R]c2nc1cc(C(N)=N)ccc1[nH]2	03166	0.365	0.345
[R]c2cc(c1ccccc1)on2	03167	2.33	0.16
[R]C(C)(C)C(=O)OC	03168	1.183	-0.071
[R]NCCc1ccncc1	03169	0.387	-0.587
[R]SCCO	03170	-0.113	-0.004
[R]c1cncc(C(N)=O)c1	03171	-0.501	0.119
[R]C(NC(=O)OC)C(C)C	03172	1.147	0.1
[R]c1cccc2OCCc12	03173	1.706	0.008
[R]C(=O)c1ccc(C#N)cn1	03174	0.638	0.478
[R]Cc1ccc(S(=O)(=O)CC)cc1	03175	1.861	-0.006
[R]CC(C)C(=O)NCCCC	03176	1.472	-0.08
[R]c1ccc(C)cc1Br	03177	3.236	0.008
[R]COc1ccc(C)c(C)c1	03178	2.751	0.021
[R]C(=O)NCCc1ccccn1	03179	0.169	0.356
[R]C=Nn1cnnc1	03180	-0.285	0.492
[R]C(O)CC(C)C(=O)NCCCC	03181	0.955	-0.109
[R]NC(=O)OCC(C)C	03182	0.928	-0.25
[R]C1CC(C)(C)NC(C)(C)C1	03183	1.294	-0.123
[R]C(=O)C1C(C)(C)C1(C)C	03184	2.753	0.424
[R]Cc1cc(Cl)ccc1Cl	03185	3.41	-0.057
[R]C(=O)C(N)C(C)O	03186	-0.199	0.51
[R]N1CCCC1COC	03187	0.263	-0.786
[R]COc1cccc(OC)c1	03188	1.564	0.034
[R]NC(=O)Nc1ccc(Cl)c(Cl)c1	03189	1.782	-0.234
[R]CCCC#N	03190	1.054	-0.027
[R]NC(=O)C(N)CCC(O)=O	03191	-1.645	-0.228
[R]c1cc(OC)ccn1	03192	0.812	0.155
[R]c2nc(c1ccccn1)no2	03193	1.33	0.396
[R]c1sc(NC(C)=O)nc1C	03194	0.327	-0.033
[R]NC(C)C(C)(C)C	03195	1.803	-0.663
[R]c1nnc2CCCCCn12	03196	1.219	0.26
[R]c2ccc1ccccc1c2O	03197	2.695	-0.041
[R]Oc1cncnc1	03198	-0.287	0.07
[R]OCC(=O)NC	03199	-1.089	-0.171
[R]c1ccc(F)c(C#N)c1	03200	2.153	0.143
[R]c2cc1cc(C)cc(OC)c1s2	03201	3.064	0.072
[R]N2CCN(c1ccncc1)CC2	03202	0.675	-0.585
[R]N(C)c1ccc(Cl)cc1	03203	2.256	-0.351
[R]c1nonc1C	03204	0.373	0.426
[R]CC(=O)Nc1cccc(C)c1C	03205	1.922	-0.077
[R]Nc1cc(Cl)ccc1Cl	03206	2.527	-0.253
[R]c1ncn[nH]1	03207	0.183	0.388
[R]SCC(=O)NC1CCCCC1	03208	0.839	-0.019
[R]NC(CS)C(O)=O	03209	-0.449	-0.512
[R]c1cnc(C(F)(F)F)nc1	03210	1.102	0.317
[R]Cc2ccc1OCC(=O)Nc1n2	03211	0.002	-0.061
[R]C(=O)Nc2ccc1[nH]ncc1c2	03212	0.149	0.453
[R]COC(=O)c1ccccc1	03213	1.8	0.059
[R]c1cc(C)n(C)n1	03214	0.486	0.011
[R]CCc1cccc(C)c1	03215	3.237	-0.106
[R]C12COC(C)CC1CSC(N)=N2	03216	0.323	-0.076
[R]CCC=C	03217	1.734	-0.11
[R]CCNC(=O)CC	03218	0.117	-0.02
[R]C(=O)Nc1ccccc1N(=O)=O	03219	1.008	0.489
[R]c1[nH]c(C)c(C(=O)OCC)c1C	03220	0.824	-0.077
[R]c1cccc(F)c1Cl	03221	2.635	0.094
[R]CCC(C)(C)O	03222	0.897	-0.117
[R]CCS(O)(=O)=O	03223	0.024	0.049
[R]C(=O)NS(=O)(=O)N1CCCC1	03224	-0.316	0.557
[R]C=c1sc(=S)n(CC(O)=O)c1=O	03225	0.857	0.633
[R]C(=O)c1c(OC)cccc1OC	03226	1.009	0.253
[R]Cc1ccc(CNC(C)C)cc1	03227	2.655	-0.123
[R]Cc1cc(C)cc(N)n1	03228	1.38	-0.177
[R]C(=O)Cc1cccc(OC)c1	03229	2.131	0.473
[R]C(CS)Cc1ccccc1	03230	2.612	-0.001
[R]c1cncc(C#N)c1	03231	0.701	0.192
[R]OCCC1CCCCN1	03232	0.449	-0.318
[R]Nc1ccccc1C(=O)NC	03233	0.571	-0.349
[R]Cc1ccc(Cl)cc1F	03234	3.031	-0.058
[R]C(O)CN1CCCCC1	03235	0.529	0.007
[R]CSc1nc(C)cc(C)n1	03236	1.049	0.048
[R]CCCS(C)(=O)=O	03237	0.181	-0.041
[R]NC(=O)C(N)CCC(N)=O	03238	-2.509	-0.253
[R]C(CC(C)C)C(=O)NO	03239	1.231	-0.069
[R]CCCN1CCCCCC1	03240	1.946	-0.106
[R]CSc2nc1ccccc1[nH]2	03241	1.941	0.111
[R]NCC1=NCCN1	03242	-1.166	-0.606
[R]C(C)C(=O)N1CCCC1C(O)=O	03243	0.177	-0.153
[R]CCCNC(C)=O	03244	-0.115	-0.05
[R]CCCC#C	03245	1.664	-0.095
[R]NC(=O)c1ccsc1	03246	0.074	-0.294
[R]C(=N)N(C)C	03247	-0.209	0.233
[R]C(C)c1ccc(CC(C)C)cc1	03248	4.295	-0.112
[R]CSc1nnc(C)s1	03249	1.456	0.127
[R]Oc1ccc(F)cn1	03250	1.195	-0.126
[R]NCc2nc1ccccc1[nH]2	03251	0.581	-0.527
[R]OC1CCN(C(C)=N)CC1	03252	-0.562	-0.25
[R]c2ccc(c1nn[nH]n1)cc2	03253	1.724	0.06
[R]OCCCN1CCC(C)CC1	03254	1.071	-0.256
[R]Sc1ccc(OC)cc1	03255	1.759	-0.09
[R]NC1COC1	03256	-0.602	-0.523
[R]OCn1ccc(=O)[nH]c1=O	03257	-0.803	0.056
[R]OCc1c(C)noc1C	03258	-0.025	-0.202
[R]C(C)c1cccc(OC)c1	03259	2.452	-0.096
[R]NC(=O)c1c(Cl)cccc1Cl	03260	2.038	-0.267
[R]COS(O)(=O)=O	03261	0.044	0.151
[R]c1cc(Cl)c(Cl)s1	03262	2.855	0.166
[R]Cc1ccnc2ccccc12	03263	2.463	-0.033
[R]SC(F)F	03264	1.185	0.111
[R]NN1CCOCC1	03265	-0.356	-0.606
[R]c1c(Cl)cc(C)cc1Cl	03266	3.481	0.068
[R]CCNCc1ccccc1	03267	1.847	-0.072
[R]OCCOCCOC	03268	-0.343	-0.294
[R]NC(C(C)O)C(O)=O	03269	-0.623	-0.403
[R]CCCNC(=N)NC	03270	0.032	-0.082
[R]C(NC(=O)C(C)NC)C(C)(C)C	03271	1.069	0.059
[R]COCCOC	03272	-0.129	-0.09
[R]N1CC(F)C1	03273	0.085	-0.58
[R]C(NC(=O)C(C)NC)C(C)C	03274	0.564	0.062
[R]c2nc1cc(Cl)ccc1[nH]2	03275	1.878	0.369
[R]C1(C(O)=O)CC1	03276	0.647	0.037
[R]NC(=O)c1ccc(C#N)cn1	03277	0.125	-0.207
[R]c2nccc(c1cccnc1)n2	03278	0.991	0.242
[R]CC(=O)Nc1cc(C)ccc1C	03279	1.922	-0.076
[R]Sc1ccc(Br)cc1	03280	2.804	-0.008
[R]C(O)Cc1ccccc1	03281	1.857	0.01
[R]NC(=O)Nc1ccc(F)cc1F	03282	1.025	-0.235
[R]Nc1ccon1	03283	0.23	-0.296
[R]CCC1CCCN1C	03284	1.224	-0.164
[R]OC(=O)NCc1ccccc1	03285	1.491	-0.133
[R]Oc1c(Cl)cc(C)cc1Cl	03286	3.172	-0.163
[R]Cc1ccn(C)n1	03287	0.418	-0.152
[R]CCOCc1ccccc1	03288	2.064	-0.05
[R]c1ccnc(NC)n1	03289	0.498	0.216
[R]OCCCF	03290	0.199	-0.202
[R]C(C)CC=CC	03291	2.416	-0.122
[R]NS(=O)(=O)c1ccccc1Cl	03292	1.539	-0.16
[R]c1ncoc1c2cccc(C)c2	03293	2.176	0.075
[R]Nc1cc(C(F)(F)F)ccc1Cl	03294	2.892	-0.213
[R]CN=N#N	03295	1.234	0.095
[R]C1=NNC(=O)CC1C	03296	0.852	0.31
[R]c1ncnc2sccc12	03297	1.36	0.339
[R]c2ccc1NC(=O)Cc1c2	03298	0.625	0.007
[R]C(=O)CCCCCCCCC	03299	3.941	0.458
[R]c1c(N)n(C)c(=O)n(C)c1=O	03300	-1.178	-0.077
[R]N1C(=O)COc2ccccc12	03301	0.474	0.026
[R]c1cc(C)ccc1C(C)C	03302	3.639	-0.052
[R]c2ccc1nccn1c2	03303	0.572	0.113
[R]C(=O)CCCCCC	03304	2.752	0.458
[R]C1CCN(CCC)CC1	03305	1.484	-0.131
[R]c2ccc1OC(F)(F)Oc1c2	03306	3.018	0.133
[R]C(=O)N(CC)Cc1ccccc1	03307	1.739	0.353
[R]NCc1ccccc1C(F)(F)F	03308	2.33	-0.606
[R]CNC1CCCC1	03309	1.007	-0.096
[R]CN1CCC(O)CC1	03310	-0.266	-0.058
[R]C=CC1CC(O)CC(=O)O1	03311	0.06	0.095
[R]c1c(C)nc2ccccn12	03312	0.971	0.056
[R]NCCCN1CCCCC1	03313	0.423	-0.631
[R]C(=O)c2oc1ccccc1c2C	03314	1.696	0.42
[R]SCCc1ccccc1	03315	2.359	-0.033
[R]c2ccc1sc(C)nc1c2	03316	2.354	0.024
[R]S(=O)(=O)c1ccc(Br)cc1	03317	1.858	0.635
[R]NC(=O)c1cnc(OC)cn1	03318	-0.777	-0.254
[R]C(C)c1ccc(Br)cc1	03319	3.496	-0.046
[R]NC(C)Cc1ccccc1	03320	2.112	-0.664
[R]N2CCN(C1CCC1)CC2	03321	0.626	-0.675
[R]c1ccc(SC(F)(F)F)cc1	03322	3.813	0.081
[R]N2C(c1ccccc1)COC2=O	03323	1.63	-0.213
[R]Cc1ccc(C(=O)OC)o1	03324	0.353	0.051
[R]c1ccc(C(C)(C)O)nc1	03325	1.021	0.089
[R]SCCC(O)=O	03326	0.053	0.015
[R]NS(=O)(=O)c1ccccc1F	03327	1.16	-0.147
[R]Cc1ccc(N(CC)CC)cc1	03328	3.323	-0.182
[R]Oc1ccccc1N(=O)=O	03329	1.622	0.152
[R]CC(P(O)(O)=O)P(O)(O)=O	03330	0.06	0.383
[R]C(=O)c1cnc(OC)cn1	03331	-0.264	0.42
[R]C(=O)CC(O)=O	03332	0.398	0.545
[R]C=c1[nH]c(=S)[nH]c1=O	03333	-0.407	0.497
[R]c2ccc1[nH]cc(CCN)c1c2	03334	0.655	-0.137
[R]c1cc(OC)ccc1C	03335	2.192	0.007
[R]c1cc(OC)ccc1O	03336	1.44	0.003
[R]C2(CF)N=C(N)OC1CC12	03337	-0.038	-0.079
[R]OCCCCCCCCCC	03338	3.572	-0.273
[R]NC(=O)OC1CCCC1	03339	0.903	-0.25
[R]c1ccc(O)nc1	03340	1.08	0.089
[R]C(=O)C=Cc1ccccc1Cl	03341	2.565	0.388
[R]Oc1ccnc(C(=O)NC)c1	03342	-0.164	0.06
[R]N1CCC(C(F)(F)F)CC1	03343	1.423	-0.568
[R]c2ccc1occc1c2	03344	1.463	-0.033
[R]C(=O)NC(C(C)O)C(O)=O	03345	-0.92	0.478
[R]C2CCN(C1CCC1)CC2	03346	1.465	-0.131
[R]C(=O)CCN1CCCCC1	03347	1.308	0.467
[R]C1=CCOCC1	03348	0.236	-0.035
[R]NNC(=O)c1ccccc1	03349	1.095	-0.446
[R]C(C)(C)c1cc(F)ccc1OC	03350	3.024	-0.175
[R]c1c(OC)ccc2ccccc12	03351	2.727	-0.09
[R]C(=O)CCN1CCOCC1	03352	0.244	0.491
[R]c1ccc(=O)n(C)c1	03353	0.254	-0.017
[R]CNCc1ccc(C)cc1C	03354	2.53	-0.085
[R]C(N)Cc1ccc(Cl)cc1	03355	2.027	-0.016
[R]C(C(=O)OC)c1ccccc1	03356	1.735	-0.028
[R]C(=O)COc1ccccc1Cl	03357	2.56	0.587
[R]C=Cc1ccc(N(=O)=O)cc1	03358	2.463	0.466
[R]C(=O)C(C)NC(C)=O	03359	0	0.551
[R]C(O)C(C)(C)C	03360	1.548	-0.035
[R]N(C)S(=O)(=O)c1ccc(Cl)cc1	03361	1.9	-0.194
[R]NC(C)(C)CC	03362	0.973	-0.666
[R]NCCc1c[nH]cn1	03363	-0.98	-0.694
[R]C(=O)NCc1ccc(Cl)c(Cl)c1	03364	2.186	0.412
[R]N(C)C1CCCC1	03365	1.221	-0.68
[R]NC(=O)c1ccno1	03366	-0.729	-0.161
[R]N(C(=O)CC)c1ccccc1	03367	1.645	0.197
[R]c1ccccc1N2CCCCC2	03368	2.964	-0.152
[R]Cc2nc1ccccc1n2C	03369	1.539	0.037
[R]CCC=C(C)CCC=C(C)C	03370	3.717	-0.125
[R]c1ccc(C(O)=O)nc1	03371	0.763	0.214
[R]NC(=O)C1CCC(CN)CC1	03372	-0.128	-0.311
[R]NC(=O)Nc1ccccc1F	03373	0.885	-0.267
[R]Cc1ccc(OC)nc1	03374	1.508	-0.072
[R]CC(=O)NCCC1=CCCCC1	03375	1.091	-0.131
[R]Nc1cc(C(F)(F)F)ccc1F	03376	2.514	-0.218
[R]NC(=O)CCCCC	03377	0.906	-0.299
[R]CC(=O)N(CCC)CCC	03378	1.174	-0.144
[R]Nc2nc(c1ccncc1)cs2	03379	1.194	-0.128
[R]C(O)C(C)CC=CC	03380	1.971	-0.022
[R]Oc1ccnc2[nH]ccc12	03381	0.423	-0.046
[R]c1nc(C)cc(C)c1C#N	03382	1.738	0.252
[R]Sc1ccccc1Cl	03383	2.53	0.081
[R]NCc1cnc(C)cn1	03384	-0.856	-0.577
[R]Nc1ccc(Cl)cc1F	03385	2.149	-0.251
[R]NCCS(C)(=O)=O	03386	-0.998	-0.549
[R]OCC23CC1CC(CC(C1)C2)C3	03387	2.375	-0.281
[R]C1CC1(C)C	03388	1.747	-0.125
[R]c2ccc1nsnc1c2	03389	1.947	0.068
[R]OCC(C)(C)O	03390	0.035	-0.243
[R]C(=O)N1C(C)CCCC1C	03391	1.168	0.174
[R]Nc1ccc(F)cn1	03392	1.018	-0.224
[R]CCOC(C)=O	03393	0.139	0.002
[R]NCCc1ccc(Cl)cc1Cl	03394	2.735	-0.604
[R]OC1OC(C)C(O)C(O)C1O	03395	-0.722	-0.201
[R]Nc1cc[nH]n1	03396	0.052	-0.408
[R]C(N)Cc1ccccc1F	03397	1.649	-0.046
[R]c1cccc(CN(C)C)c1	03398	1.864	-0.05
[R]CC(=O)N(C)c1ccccc1	03399	1.234	-0.107
[R]c2ccc(n1cnnn1)nc2	03400	0.612	0.228
[R]C1CC2CCC1(C)C2(C)C	03401	3.13	-0.147
[R]CNC(=O)c1ccc(Cl)cc1Cl	03402	2.186	0.136
[R]NC(=O)c1ccccc1O	03403	0.717	-0.307
[R]C(CC(O)=O)C(N)=O	03404	-1.215	-0.014
[R]CCCCNC(C)=O	03405	0.281	-0.082
[R]c1cccc(C(F)F)c1	03406	2.142	0.041
[R]C(=O)CBr	03407	1.193	0.584
[R]Oc1cc(Cl)ccc1Cl	03408	2.705	0.03
[R]Cc2nc(c1ccccc1)no2	03409	2.175	0.108
[R]c1cccc(C(F)(F)F)c1C	03410	3.327	0.072
[R]CC(O)CN1CCCCC1	03411	0.781	-0.137
[R]C(CC(C)C)C=O	03412	1.198	0.054
[R]NC(=O)c1ccccc1N(=O)=O	03413	0.955	-0.258
[R]c2cc1ccccc1cc2O	03414	2.695	-0.03
[R]NCCN1CCN(C)CC1	03415	-0.549	-0.626
[R]COc1ccc(F)cn1	03416	1.343	0.043
[R]c2ccc(c1cn[nH]c1)cc2	03417	1.524	-0.044
[R]NC(CC(O)=O)C(N)=O	03418	-1.735	-0.636
[R]C=c1sc(O)nc1=O	03419	1.192	0.532
[R]NC(=O)c1ccccc1OCC	03420	1.091	-0.36
[R]Oc1cccc(C)c1C	03421	2.603	-0.114
[R]C(=O)C(C)(C)O	03422	0.723	0.461
[R]C(=O)Nc1cnccn1	03423	-0.87	0.478
[R]Cc1ccc(Cl)nc1	03424	1.951	-0.011
[R]C(N)CCSC	03425	-0.189	-0.038
[R]c1cc(=O)n(C)c(=O)n1C	03426	-0.573	0.48
[R]c1c[nH]c2ccc(Br)cc12	03427	2.078	-0.155
[R]C(CO)NC(C)=O	03428	-1.136	0.019
[R]C(C)=NNC(N)=S	03429	0.792	0.391
[R]OP(O)(=O)OCC(N)C(O)=O	03430	-0.656	0.092
[R]C(=O)N1CCCCC1C	03431	0.755	0.345
[R]c1cccc(Cl)n1	03432	1.953	0.244
[R]C(=S)NC(=O)c1cccs1	03433	1.243	0.671
[R]NC(CC(C)C)C=O	03434	0.533	-0.604
[R]OCc1ccc(Cl)cc1Cl	03435	2.8	-0.179
[R]C=Cc1ccncc1	03436	1.198	0.083
[R]C(CC(C)C)C(=O)NCC#N	03437	0.87	-0.044
[R]C=Cc1ccc(C(F)(F)F)cc1	03438	3.393	0.103
[R]c1ccc(F)c(Br)c1	03439	2.909	0.097
[R]CCCP(O)(O)=O	03440	0.584	-0.107
[R]C1CC(C)(O)C1	03441	0.4	-0.107
[R]NN=Cc1ccc(OC)cc1	03442	1.717	-0.5
[R]c1cc(C(F)(F)F)ccc1OC	03443	2.608	0.003
[R]OCCCCc1ccccc1	03444	2.808	-0.266
[R]c1ccc(Cl)c(S(N)(=O)=O)c1	03445	1.348	0.132
[R]C(=O)Cc1ccccc1OC	03446	2.131	0.412
[R]C(=S)NC1CCCCC1	03447	1.692	0.632
[R]c2ccc(c1ccon1)cc2	03448	2.101	0.034
[R]C(=O)NC(CC(C)C)C=O	03449	0.236	0.364
[R]c2cccc(c1nnn[nH]1)c2	03450	1.608	0.1
[R]CN1CCCCCC1	03451	1.298	-0.08
[R]C(=O)NCCc1ccc(F)cc1	03452	1.541	0.39
[R]C1=NCCCCC1	03453	1.892	0.166
[R]NCC(C)NC(=O)OC	03454	-0.255	-0.552
[R]CNCCc1ccccc1	03455	1.847	-0.084
[R]OC(=O)N1CCOCC1	03456	-0.382	-0.109
[R]C=Cc1ccccn1	03457	1.597	0.046
[R]OC(=O)C(C)C	03458	0.929	-0.088
[R]OS(=O)(=O)C(F)(F)F	03459	1.401	0.461
[R]NC(CC(N)=O)C(N)=O	03460	-2.599	-0.696
[R]n2c(=S)[nH]c1ccccc1c2=O	03461	0.861	0.128
[R]C1CCCN(S(C)(=O)=O)C1	03462	0.414	-0.003
[R]NC(=O)c1cccc(C#N)c1	03463	1.037	-0.224
[R]CC(=O)N1CCCCCC1	03464	0.67	-0.141
[R]OCC(C)(C)C	03465	1.706	-0.28
[R]C(CC(N)=O)C(N)=O	03466	-2.08	-0.066
[R]C(=O)N(C)CCCC	03467	0.827	0.355
[R]NS(=O)(=O)c1cccnc1	03468	-0.291	-0.098
[R]c2nc(c1sc(C)nc1C)cs2	03469	1.833	0.22
[R]CC(CC)c1ccccc1	03470	3.497	-0.104
[R]c1onc(C)c1Cl	03471	0.935	0.312
[R]Cn1nc(C)cc1C	03472	0.35	0.079
[R]COCC(F)(F)F	03473	1.011	0.048
[R]Cc2cc1ccccc1o2	03474	1.625	0.005
[R]C(N)CS	03475	-0.376	0.026
[R]Nc2nc1CCCCc1s2	03476	1.516	-0.397
[R]C(=O)NC(CC(N)=O)C(N)=O	03477	-2.897	0.288
[R]C(C)Oc1ccccc1	03478	2.23	0.037
[R]c1c(C)cccc1F	03479	2.584	0.054
[R]Nc2ccc1nc(C)sc1c2	03480	1.868	-0.308
[R]CN1CCN(S(C)(=O)=O)CC1	03481	-0.35	-0.016
[R]NCCCn1cncc1C	03482	-0.921	-0.535
[R]C(C)(C)S	03483	0.836	0.018
[R]Nc1ncnc(N)c1C#N	03484	0.185	-0.229
[R]c1ncc(C#N)[nH]1	03485	-0.005	0.371
[R]N(CC)CCO	03486	-0.069	-0.669
[R]c2cc(c1ccccc1)[nH]n2	03487	2.153	0.065
[R]c1n[nH]c2cccnc12	03488	0.558	0.113
[R]C(=S)NCCc1ccccc1	03489	2.136	0.63
[R]c1ccc(O)cc1C	03490	2.16	-0.017
[R]c2cn1cccnc1n2	03491	0.224	0.141
[R]C(=O)OCc1ccc(OC)cc1	03492	1.547	0.491
[R]N(Cc1ccccc1)C(C)C	03493	2.564	-0.686
[R]C12CCN(CC1)CC2	03494	0.621	-0.107
[R]C(=O)C1CCNCC1	03495	0.554	0.459
[R]N1CC2CC1C2	03496	0.345	-0.655
[R]CC(C)(C)CO	03497	1.314	-0.12
[R]c1cccc2[nH]nc(N)c12	03498	0.987	0.089
[R]NS(=O)(=O)c1cc(Cl)c(Cl)s1	03499	2.198	-0.074
[R]C(=O)NCCOc1ccccc1	03500	0.989	0.369
[R]C=Cc1cccc(OC)c1	03501	2.257	-0.009
[R]OC(=O)c1ccc(OC)cc1	03502	1.399	-0.101
[R]C(NC(C)=O)C(C)C	03503	0.521	0.065
[R]C(O)CCC	03504	1.036	-0.019
[R]n1nc(C)c(N(=O)=O)c1C	03505	0.155	0.355
[R]OCCCN(CC)CC	03506	0.703	-0.261
[R]Nc1cc(Cl)c(OC)cc1OC	03507	1.504	-0.411
[R]C1(C)CC(C(F)(F)F)OC(N)=N1	03508	1.102	-0.036
[R]C(=O)OC1CN2CCC1CC2	03509	0.316	0.515
[R]c2ncc1ccccc1c2C	03510	2.534	0.105
[R]C2(c1ccccc1)CCCC2	03511	3.426	-0.093
[R]SCC(=O)NCc1ccccc1	03512	1.03	-0.016
[R]c1ccc(SC(F)F)cc1	03513	2.922	0.024
[R]SCc1ccccc1C	03514	2.574	-0.039
[R]CC#Cc1ccccc1	03515	2.676	-0.041
[R]C1CCCN(C(N)=N)C1	03516	-0.051	-0.025
[R]c2ccc(C1CCNC1)cc2	03517	1.672	-0.035
[R]Cc1nccn1C	03518	-0.091	-0.014
[R]C(=O)CN1CCCC1	03519	0.731	0.483
[R]Cc1ccc(Br)cc1F	03520	3.305	-0.052
[R]C(C)=CC	03521	1.446	-0.098
[R]OCC1CCNCC1	03522	0.025	-0.273
[R]SCC(N)C(O)=O	03523	-0.723	-0.012
[R]C(O)(CC)CC	03524	1.186	-0.047
[R]C1OC(C(=O)NC)C(O)C1O	03525	-1.698	0.176
[R]OC(=O)C=Cc1ccccc1	03526	2.184	-0.103
[R]C(C)C1CNC(=O)C1	03527	-0.05	-0.009
[R]NS(=O)(=O)c1ccc(Cl)cc1Cl	03528	2.057	-0.12
[R]c2ccc1CCNCCc1c2	03529	1.736	-0.031
[R]c1ccccc1N2CCCC2	03530	2.567	-0.115
[R]CCNC(=O)OC(C)(C)C	03531	0.948	0.005
[R]C(=O)NCCCCCCCC	03532	2.166	0.36
[R]NCCCCO	03533	-0.269	-0.625
[R]C(=O)C(CCC)CCC	03534	3.314	0.445
[R]C1=NC(=O)CS1	03535	0.246	0.771
[R]C(=O)N1CCC(C(N)=O)CC1	03536	-1.193	0.383
[R]C(=O)c2ccc1[nH]cnc1c2	03537	0.386	0.445
[R]C(N)C(=O)N1CCCC1	03538	-0.899	0.062
[R]C2CCN(C1CCOCC1)CC2	03539	0.505	-0.117
[R]NC(=O)CCCCC1CCSS1	03540	1.039	-0.277
[R]C(=O)C(CO)NC(C)=O	03541	-0.786	0.529
[R]NCc1ccccc1O	03542	1.163	-0.622
[R]NCCCCCC(=O)NO	03543	0.059	-0.62
[R]CCOc1ccc(OC)cc1	03544	1.816	0.005
[R]c2nc(c1cccc(C)c1)no2	03545	2.71	0.412
[R]C1CN(C)C1	03546	-0.003	-0.044
[R]c1nsnc1C2=CCCN(C)C2	03547	1.032	0.154
[R]c1cc(Br)cs1	03548	2.24	0.098
[R]C(CO)c1cccc(Cl)c1	03549	2.147	0.032
[R]n2cnc1C(O)CN=CNc12	03550	-0.627	0.162
[R]c2nc1ccccc1n2CC	03551	1.949	0.276
[R]C(=O)c1ncc(C#N)[nH]1	03552	-0.468	0.549
[R]S(=O)(=O)N1CCCC1COC	03553	-0.068	0.504
[R]NC(=O)C(C)c1ccccc1	03554	1.496	-0.297
[R]C(=O)NCc1cccc(F)c1	03555	1.289	0.391
[R]c1cnc(OC)c(F)c1	03556	1.251	0.083
[R]CNC(=O)c1cccc(Cl)c1Cl	03557	2.186	0.136
[R]C(=O)N1CCC(C(O)=O)CC1	03558	-0.329	0.401
[R]C(CC1CCCC1)CN(O)C=O	03559	2.033	-0.046
[R]CC(O)CNC(C)(C)C	03560	0.532	-0.131
[R]Cn1nc(C(O)=O)cc1C	03561	0.277	0.209
[R]Cn1c(C)nc2ccccc12	03562	1.47	0.102
[R]NN=Cc1c[nH]c2ccccc12	03563	1.278	-0.549
[R]c1nc(C)c(C)s1	03564	0.944	0.225
[R]n1nc(C(O)=O)cc1C	03565	0.129	0.328
[R]Cc2cc1OCOc1cc2Cl	03566	2.576	-0.057
[R]C1(C(O)=O)CCCC1	03567	1.44	0.027
[R]CNC(=O)CN	03568	-1.666	0.109
[R]C(=O)Nc1c(Cl)cncc1Cl	03569	0.779	0.478
[R]C(C)CCC(O)=O	03570	1.047	-0.077
[R]OCc1ccccc1C	03571	2.231	-0.234
[R]C(=S)NC(=O)c1ccco1	03572	0.255	0.679
[R]Nc1c(CC)cccc1CC	03573	3.218	-0.584
[R]Nc1ncccc1C	03574	1.345	-0.465
[R]c1cc(C(O)=O)cc(C(O)=O)c1	03575	1.374	0.165
[R]Nc2ccc1ncsc1c2	03576	1.72	-0.289
[R]N(C)C1CCS(=O)(=O)C1	03577	-0.691	-0.485
[R]OCCCCO	03578	0.047	-0.256
[R]C(=O)C1CCC(C(O)=O)CC1	03579	1.744	0.513
[R]SCCCCCC	03580	2.33	-0.046
[R]OC(C)C1CNC(=O)C1	03581	-0.678	-0.161
[R]C#Cc1cccnc1	03582	0.968	0.152
[R]c2sc1CCCCc1c2C(N)=O	03583	1.441	0.073
[R]CCn1c(C)cc2ccccc12	03584	1.877	0.019
[R]Nc1ccc(OC(C)C)cc1	03585	1.994	-0.424
[R]c1[nH]cnc2ncnc12	03586	-0.242	0.404
[R]Cc2nnc(c1ccccc1)o2	03587	2.06	0.068
[R]C(=O)NCC(C)c1ccccc1	03588	1.804	0.367
[R]NC(C)c1cccc(OC)c1	03589	1.607	-0.629
[R]N1C(=O)NC(C)(C)C1=O	03590	-0.488	0.038
[R]Nc1ccccc1C(=O)OCC	03591	1.564	-0.316
[R]c1ccc(NC)cc1	03592	1.551	-0.179
[R]C1CCCN(C(N)=N)C1O	03593	-0.256	-0.141
[R]Nc1cccc2ncccc12	03594	1.581	-0.304
[R]NC1CCCN(C(N)=N)C1O	03595	-0.856	-0.633
[R]c1ccccc1CO	03596	1.442	0.003
[R]CNC(=O)C(C)N	03597	-1.129	0.114
[R]C(=O)C(NC(C)=O)C(C)C	03598	0.871	0.543
[R]Cc2csc(c1ccccc1)n2	03599	2.619	-0.129
[R]c1sc(N)nc1C	03600	0.695	-0.107
[R]n2nnc(c1ccccn1)n2	03601	1.001	0.47
[R]c1c(C)nc(N)nc1N	03602	-0.173	-0.126
[R]C(C(C)C)C(=O)NCC(N)=O	03603	-0.728	-0.117
[R]c1cccc2CN(C)C(=O)c12	03604	1.034	-0.06
[R]c1sccc1C(N)=O	03605	0.282	0.016
[R]c1c(C)cccc1CC	03606	3.308	-0.044
[R]c1ccc(F)c(O)c1	03607	1.833	0.065
[R]CCCCCO	03608	1.198	-0.114
[R]c2ccc(N1CCOCC1)nn2	03609	1.233	0.23
[R]OC(C)c1c(Cl)ccc(F)c1Cl	03610	3.352	-0.232
[R]CCc2ccc1ccccc1n2	03611	2.795	-0.122
[R]C(=O)c1cncs1	03612	0.342	0.478
[R]Nn1cnnc1	03613	-0.473	-0.152
[R]SCC(=O)Nc1nnc(CC)s1	03614	0.8	0.051
[R]c1csc(C)c1	03615	1.22	-0.052
[R]CCC23CC1CC(CC(C1)C2)C3	03616	3.381	-0.139
[R]N(C)Cc1ccc(F)cc1	03617	1.948	-0.596
[R]Nc1ccsc1C(=O)OC	03618	0.693	-0.261
[R]Oc1cc(C)ccc1C	03619	2.603	-0.112
[R]Sc1ccccc1N	03620	1.229	0
[R]S(=O)(=O)Nc1cc(C)on1	03621	-0.097	0.553
[R]CC(=O)Nc1cc(C)cc(C)c1	03622	1.922	-0.077
[R]COCCO	03623	-0.407	-0.09
[R]c1ccc(C#N)c(F)c1	03624	2.153	0.217
[R]C(S)=NC	03625	0.65	0.222
[R]CCN(CC(O)=O)CC(O)=O	03626	-0.485	-0.063
[R]C(=O)C(CS)Cc1ccccc1	03627	2.927	0.499
[R]C2CCC(N1CCOCC1)CC2	03628	1.194	-0.095
[R]NS(=O)(=O)N1CCC1	03629	-0.471	-0.183
[R]Nc1cc(F)ccc1F	03630	1.77	-0.248
[R]NN=Cc1ccc(O)c(OC)c1	03631	1.432	-0.454
[R]CNC(=O)Cc1ccccc1	03632	1.082	0.1
[R]CC1(C)COC1	03633	0.855	-0.072
[R]C(O)c1ccc(F)cc1	03634	1.744	0.037
[R]NC(=O)Nc1ccncc1	03635	-0.566	-0.242
[R]NC(=O)c1ccc(F)c(F)c1	03636	1.281	-0.213
[R]OCCCCCCC	03637	2.383	-0.273
[R]Nc1ccnc2ccccc12	03638	1.581	-0.239
[R]Nc2ccc(C1CCNC1)cc2	03639	1.186	-0.384
[R]NC(C(C)C)C(=O)NCC(N)=O	03640	-1.32	-0.584
[R]N(C)Cc1ccco1	03641	0.043	-0.609
[R]NS(=O)(=O)c1cccc(F)c1	03642	1.16	-0.109
[R]c2ccc1N(C(C)=O)CCc1c2	03643	1.055	-0.057
[R]N=CN(C)C	03644	-0.003	-0.285
[R]S(=O)(=O)Nc1nncs1	03645	0.311	0.597
[R]NC(P(O)(O)=O)P(O)(O)=O	03646	-0.049	-0.142
[R]C(=O)C1CC1(C)C	03647	1.989	0.437
[R]C(=O)Nc1ccsc1C(=O)OC	03648	0.256	0.466
[R]C2CNC(C(=O)N1CCSC1)C2	03649	-0.18	-0.027
[R]Oc1ccc(F)cc1Cl	03650	2.326	0.029
[R]C(=O)Nc1ccon1	03651	-0.207	0.519
[R]Oc1ccncc1	03652	0.357	0.01
[R]NCC(C)CC	03653	1.281	-0.648
[R]c1ccc(OC)c2ccccc12	03654	2.727	-0.09
[R]CC(=O)c1cccs1	03655	0.918	-0.106
[R]C=c1c(=O)[nH]c(=O)[nH]c1=O	03656	-1.417	0.635
[R]C(=O)c1c(N)nn2cccnc12	03657	-0.19	0.296
[R]C(=O)Nc1sccc1C(N)=O	03658	-0.341	0.483
[R]NCc1ccc(N(C)C)cc1	03659	1.711	-0.685
[R]CCc2nc1ccccc1[nH]2	03660	1.689	-0.058
[R]OCC(=O)NCc1ccco1	03661	-1.078	-0.163
[R]c1ncc(F)s1	03662	1.2	0.337
[R]c1cccc(S(=O)(=O)NC)c1	03663	1.077	0.064
[R]SCCN	03664	-0.46	-0.023
[R]C(=O)N1CC(C)CC(C)C1	03665	1.147	0.35
[R]Nc1sccc1C(N)=O	03666	0.096	-0.194
[R]C(=O)C=Cc1ccc(C)cc1	03667	2.514	0.363
[R]C2COc1ncccc1O2	03668	0.844	0.197
[R]CN1CCN(C(C)=O)CC1	03669	-0.715	-0.044
[R]Cc2ccc(n1cccn1)cc2	03670	1.99	-0.066
[R]OCc1cccc(OC)c1	03671	1.511	-0.251
[R]CC(=O)Nc1ccccc1CC	03672	1.851	-0.072
[R]OCC2COc1ncccc1O2	03673	0.63	-0.16
[R]C(=O)CC(F)(F)F	03674	1.582	0.635
[R]c2cn(Cc1ccccc1)nn2	03675	1.81	0.07
[R]NN=Cc2ccc1OCOc1c2	03676	1.654	-0.449
[R]C1(C)CCCCC1	03677	2.605	-0.152
[R]CC2COc1ncccc1O2	03678	1.095	-0.016
[R]C(=O)Nc1nc(C)c(C(C)=O)s1	03679	-0.136	0.549
[R]C(=O)c1ccc(NC(N)=N)cc1	03680	0.264	0.334
[R]Oc1ncccn1	03681	0.216	-0.085
[R]C(=O)C(N)CCSC	03682	0.16	0.537
[R]N2C(=O)C1CC=CCC1C2=O	03683	0.2	0.046
[R]c1cc(O)nc2ccccc12	03684	2.481	0.198
[R]Oc2cccc1CN(C)C(=O)c12	03685	0.725	-0.016
[R]Nc2sc1CCCCc1c2C#N	03686	2.456	-0.142
[R]Cc1ccc(N)nc1C	03687	1.148	-0.136
[R]Nc2ccc1c(N)nccc1c2	03688	1.097	-0.318
[R]C=CN(C)C	03689	0.564	-0.389
[R]c1ccc(Br)cc1Cl	03690	3.287	0.103
[R]NCc1ccc(Br)cc1	03691	2.239	-0.577
[R]C(=O)N(C)CCO	03692	-0.823	0.333
[R]c2cccc(c1cncnc1)c2	03693	1.706	0.06
[R]Cc2ccc(n1cnnn1)nc2	03694	1.008	0.065
[R]NC(=O)C(C)NC(C)=O	03695	-1.45	-0.212
[R]NCCSc1ccccc1	03696	1.63	-0.568
[R]P(O)(=O)CCC(N)C(O)=O	03697	-1.454	0.413
[R]C(=O)NC(CC(O)=O)C(N)=O	03698	-2.032	0.328
[R]c1cccc(N(=O)=O)c1C	03699	2.398	0.174
[R]c1ccc(C=O)cc1	03700	1.653	0.098
[R]C(CC(O)=O)c1ccccc1Cl	03701	2.386	0.035
[R]SCc1ccc(OC)cc1	03702	1.854	-0.044
[R]C(C)(C)Oc1ccc(Cl)cc1	03703	2.826	0.157
[R]NC1CCN(C(C)C)CC1	03704	0.402	-0.641
[R]NC(=S)Nc1ccccc1	03705	1.48	-0.152
[R]CCc1ccc(O)c(O)c1	03706	2.201	-0.068
[R]C(O)c1ccc(O)cc1	03707	1.321	0.015
[R]OP(O)(=O)OP(O)(O)=O	03708	0.776	0.09
[R]c2ccc(c1noc(C)n1)cc2	03709	2.014	0.041
[R]Nc1ccccc1C#N	03710	1.527	-0.212
[R]C(=O)C(N)Cc1ccc(Cl)cc1	03711	2.377	0.554
[R]C1CC(C)CCC1C(C)C	03712	3.56	-0.137
[R]CCCCN(CC)CC	03713	1.909	-0.125
[R]C(=O)NCC1CCOCC1	03714	-0.371	0.38
[R]c1ccc(NC(=O)C=C)cc1	03715	1.703	-0.05
[R]CCC(=O)N1CCOCC1	03716	-0.394	-0.058
[R]C(=O)CC1CCCCC1	03717	2.579	0.459
[R]c2ccc(C1CCCNC1)cc2	03718	2.068	-0.028
[R]n2cnc(C1CC1)c2	03719	0.266	0.124
[R]CCc1c[nH]c2ccc(Cl)cc12	03720	2.596	-0.095
[R]C(C)=S	03721	1.273	0.735
[R]c1ncc(Br)s1	03722	1.792	0.356
[R]C(C)C(N)C(=O)N1CCC(F)C1	03723	-0.465	-0.104
[R]NC(=O)c1ncc(C#N)[nH]1	03724	-0.981	-0.137
[R]C(=O)CCN1CCCC1	03725	0.912	0.473
[R]C(=O)NN=Cc1ccncc1	03726	0.36	0.504
[R]CSc1nc[nH]n1	03727	0.358	0.065
[R]OCc1cc(Cl)cc(Cl)c1	03728	2.8	-0.175
[R]c1nnc(N)o1	03729	0.058	0.312
[R]Nc1cccnc1Cl	03730	1.068	-0.237
[R]C(=O)c1ccc(OC(C)C)cc1	03731	2.017	0.432
[R]C1CCCC(N)C1	03732	0.766	-0.104
[R]Cc1ccc(OC(C)C)cc1	03733	2.877	-0.134
[R]Cn1ccnn1	03734	-0.273	0.197
[R]C(=O)NS(=O)(=O)N1CCC1	03735	-0.768	0.551
[R]CC(=O)N(CCCC)CCCC	03736	1.967	-0.144
[R]C(=O)CCC1CCCC1	03737	2.579	0.456
[R]CCS(=O)(=O)c1ccccc1	03738	1.466	0.027
[R]OCCOc1ccccc1	03739	1.603	-0.223
[R]C(C)(C)C(N)=O	03740	0.287	-0.137
[R]NC(=O)c1cccnc1Cl	03741	0.578	-0.248
[R]N(CC=C)CC=C	03742	1.513	-0.636
[R]c1nccc2OCCc12	03743	0.794	0.171
[R]c1cccc(C=CC(=O)NO)c1	03744	1.829	0.038
[R]S(=O)(=O)c1ccccc1F	03745	1.206	0.624
[R]N1CCCCc2ccccc12	03746	2.512	-0.547
[R]c2ccc(c1nnn[nH]1)cc2	03747	1.608	0.181
[R]N1CC2(C)CC1CC(C)(C)C2	03748	2.407	-0.691
[R]c2ccc1oc(=O)ccc1c2	03749	1.416	0.1
[R]C(C)c1cccc2ccccc12	03750	3.706	-0.095
[R]c1cc(C(C)C)ccc1C	03751	3.639	-0.052
[R]C(=O)c1ccc(O)c(Cl)c1	03752	1.748	0.527
[R]C(=O)CCC1CCCCC1	03753	2.975	0.454
[R]Nc1ccc(Br)c(C)c1	03754	2.75	-0.313
[R]Nc1nc(CC(=O)OCC)cs1	03755	0.827	-0.201
[R]C(=O)NC(CS)C(O)=O	03756	-0.747	0.391
[R]Oc1ccc(C(C)C)cc1	03757	2.863	-0.104
[R]Cc2cc1ccccc1s2	03758	2.782	-0.049
[R]C(=O)c1cccc(N(C)C)c1	03759	1.779	0.412
[R]NN=Cc1ccc(O)cc1	03760	1.685	-0.463
[R]C#Cc1ccc(OCC)cc1	03761	2.37	0.075
[R]CCN(C)Cc1ccccc1	03762	2.208	-0.101
[R]CC(=O)NCc1ccccc1Cl	03763	1.6	-0.125
[R]NN=Cc1ccccn1	03764	1.057	-0.474
[R]Nc1ncnc2ccccc12	03765	1.635	-0.288
[R]CNC(=O)c1ccc(OC)cc1	03766	0.897	0.097
[R]CNC1CCCCC1	03767	1.404	-0.098
[R]COc1cccc(F)c1	03768	1.956	0.072
[R]c1cc(OCC)ccc1OCC	03769	2.157	-0.109
[R]c2nnc(c1cccs1)o2	03770	1.598	0.434
[R]Cc1ccccc1OC(F)(F)F	03771	3.866	-0.107
[R]N(CC(C)C)CC(C)C	03772	2.46	-0.674
[R]c2cc1ccc(C)cc1nc2O	03773	2.948	0.019
[R]c2ccc(c1cnco1)cc2	03774	1.309	0.06
[R]c1ccn(CC)n1	03775	0.828	0.011
[R]Nc1ccc(C)nc1	03776	0.35	-0.326
[R]C(O)=CC(=O)C(O)=O	03777	-0.027	0.693
[R]CC(N)Cc1ccccc1F	03778	1.9	-0.035
[R]c1ncc(Cl)c(NC)n1	03779	1.01	0.244
[R]OCC(=O)NO	03780	-0.85	-0.114
[R]CC(=O)Nc1nnc(C)s1	03781	0.283	-0.033
[R]C=CC(=O)c1ccccc1	03782	2.047	0.318
[R]C(=O)NC1CCCCCCC1	03783	1.751	0.353
[R]NC(=O)NC1CCCC1	03784	0.253	-0.365
[R]C(=O)c1ccc(I)cc1	03785	2.772	0.519
[R]C(=O)COc1c(C)cccc1C	03786	2.977	0.535
[R]N2CC1CNCC1C2	03787	-0.716	-0.648
[R]CCc2ccc1ccccc1c2	03788	3.772	-0.096
[R]c1cccc2nccnc12	03789	1.154	-0.003
[R]c2ccc1nc(N)nc(N)c1c2	03790	1.058	-0.049
[R]C(N)CCc1ccccc1	03791	1.905	-0.072
[R]C1CCCCC1N2CCCC2	03792	1.934	-0.253
[R]CC12CCN(CC1)CC2	03793	1.017	-0.109
[R]Oc1cncc(C(N)=O)c1	03794	-0.81	0.015
[R]c1ccc(OC)cc1N(=O)=O	03795	1.678	0.09
[R]NCc1ccc(N)nc1C	03796	0.221	-0.639
[R]S(=O)(=O)NC1CCCCC1	03797	0.924	0.575
[R]C(=O)NN=Cc1cccs1	03798	1.143	0.469
[R]NNC(=O)c1ccccc1O	03799	0.811	-0.454
[R]C(CF)CF	03800	0.516	0.076
[R]c1ccc(CN(CC)CC)cc1	03801	2.549	-0.036
[R]NC(=O)CCCc1ccccc1	03802	1.727	-0.292
[R]C(C)Nc1ncnc(N)c1C#N	03803	0.751	0.122
[R]Nc1ncc(Cl)c(NC)n1	03804	0.829	-0.353
[R]C(=O)Oc1ccc(C(N)=N)cc1	03805	0.71	0.57
[R]c1cnn(CC(C)(C)O)c1	03806	0.135	-0.188
[R]Cc1ccccc1C(O)=O	03807	2.072	-0.229
[R]C(=O)NCCCCCC(=O)NO	03808	-0.238	0.364
[R]NC(=O)C1CC1(C)C	03809	0.539	-0.302
[R]Nc1ncnc2[nH]cnc12	03810	-0.137	-0.326
[R]CCc1c[nH]c2ccc(F)cc12	03811	2.218	-0.096
[R]Cc1ncccn1	03812	0.271	-0.057
[R]C(CC)C(N)=O	03813	0.018	-0.106
[R]OCc1cccc(C)c1	03814	2.231	-0.258
[R]C1CC1N	03815	-0.35	-0.145
[R]NN=Cc1cccc(OC)c1O	03816	1.432	-0.501
[R]c1cccc(Br)n1	03817	2.254	0.241
[R]C(C)c1ccc(C(O)=O)cc1	03818	2.403	-0.031
[R]NC(=O)C(N)C(C)CC	03819	-0.009	-0.267
[R]C(=O)NCCCC(O)=O	03820	-0.652	0.385
[R]CCNC(=O)c1ccco1	03821	-0.115	-0.006
[R]c1nc(N)nc(N)c1C#N	03822	0.092	0.307
[R]N1CC2CC1CN2C	03823	-0.151	-0.636
[R]N2CCN1CCCC1C2	03824	0.229	-0.674
[R]c1ncc(Cl)s1	03825	1.492	0.339
[R]NCCc1ccccc1Cl	03826	2.217	-0.633
[R]S(=O)(=O)NCc1ccco1	03827	-0.649	0.617
[R]N1CCCS1(=O)=O	03828	-0.425	-0.3
[R]c2cccc(c1cccnc1)c2	03829	2.35	0.021
[R]c2nc(c1cccs1)no2	03830	1.714	0.429
[R]SCC(=O)Nc1ccc(C)cc1	03831	1.403	0.018
[R]C1C(O)COc2ccccc12	03832	1.27	-0.142
[R]c1ccc(C(F)(F)F)c(Cl)c1	03833	3.378	0.208
[R]CC1CCCN(C(N)=N)C1	03834	0.345	-0.122
[R]C(=O)CSCc1ccccc1	03835	2.48	0.535
[R]NS(=O)(=O)c1ccc(CC)cc1	03836	1.884	-0.171
[R]C(=O)CS	03837	0.57	0.556
[R]c2nc1cc(C)ccc1o2	03838	2.005	0.317
[R]c2nnc(c1ccc(Cl)cc1)o2	03839	2.645	0.459
[R]c2cccc(N1CCNCC1)n2	03840	1.468	0.124
[R]C(=O)NCC(C)O	03841	-0.657	0.36
[R]S(=O)(=O)c1cccs1	03842	0.837	0.606
[R]NS(=O)(=O)c1ccc(F)c(F)c1	03843	1.3	-0.066
[R]C(=O)NCc1ccc(N)nc1C	03844	-0.076	0.356
[R]Nc1nc(N)nc(N)c1C#N	03845	-0.095	-0.273
[R]Oc1ccc(C)cc1C	03846	2.603	-0.115
[R]c1nnc(C(C)C)s1	03847	2.039	0.344
[R]NC(C)(C)c1ccccc1	03848	1.938	-0.637
[R]NC1C(O)COc2ccccc12	03849	0.715	-0.573
[R]Nc1ccc(CCCC)cc1	03850	3.147	-0.4
[R]c1cocn1	03851	-0.205	0.109
[R]C1=C(O)CC(C)(C)CC1=O	03852	0.943	0.068
[R]CC(=O)Nc1cc(Cl)cc(Cl)c1	03853	2.023	-0.02
[R]c2nc1cc(C)c(C)cc1[nH]2	03854	2.295	0.287
[R]CCOc1ccc(C(O)=O)cc1	03855	1.767	0.053
[R]NC(C(O)=O)c1ccccc1	03856	1.184	-0.523
[R]CCCc1ccc(Cl)cc1	03857	3.684	-0.091
[R]CCS(=O)(=O)CC	03858	0.127	0.016
[R]C1OC(C)C(O)C1O	03859	-0.403	0.089
[R]c2nc(c1ccccc1)cn2C	03860	2.06	0.187
[R]C(=O)NC(CCC(O)=O)C(N)=O	03861	-1.78	0.39
[R]CNC(=O)c1ccc(F)cc1	03862	1.289	0.13
[R]N1CCN2CCC1CC2	03863	-0.17	-0.669
[R]OCC(=O)Nc1ccccc1	03864	0.592	-0.136
[R]C(CCC(O)=O)C(N)=O	03865	-0.818	-0.03
[R]C(C)c1ccc(OC)cc1	03866	2.452	-0.117
[R]CNC(=O)Nc1ccccc1	03867	0.894	0.124
[R]C=Cc1ccoc1	03868	0.764	-0.05
[R]c1ncon1	03869	0.047	0.253
[R]Nc1cc(C)nc2ncnn12	03870	0.37	0.003
[R]c1ccccc1C(C)(C)O	03871	1.933	0.005
[R]N2CCC1(CCCC1)CC2	03872	1.806	-0.685
[R]C(OC)c1ccccc1	03873	1.883	-0.057
[R]N(CC)c1cccc(C)c1	03874	2.548	-0.448
[R]c1ccc(OS(O)(=O)=O)cc1	03875	1.633	0.143
[R]C2CSC(c1cccnc1)N2	03876	0.791	0.136
[R]c1nnn(CC)n1	03877	0.628	0.209
[R]C(=O)c1cc(Br)ccc1O	03878	2.022	0.448
[R]CC(OC)OC	03879	0.261	-0.052
[R]c1cnc(C)n1C	03880	-0.023	0.005
[R]c1ccc(N=N#N)cc1	03881	2.823	0.051
[R]C(=O)c1ccc(F)cn1	03882	0.741	0.429
[R]c2cc1cc(C)ccc1nc2O	03883	2.948	0.024
[R]c2ccc1nc(N)nc(N)c1n2	03884	0.544	0.056
[R]NC(C)=S	03885	-0.177	-0.115
[R]C1C(C)(C)C2CCC1(C)C2	03886	3.13	-0.161
[R]C(=O)NCCCOC(C)C	03887	0.016	0.372
[R]N2CCC(N1CCOCC1)CC2	03888	-0.335	-0.639
[R]C1(O)CC1	03889	-0.11	0.034
[R]CCN1CCCC1=O	03890	-0.122	-0.028
[R]Cc1c(F)cccc1C(F)(F)F	03891	3.396	-0.046
[R]OCCC(F)(F)F	03892	0.475	-0.153
[R]NC(CCC(O)=O)C(N)=O	03893	-1.483	-0.552
[R]CCC1CCOCC1	03894	1.322	-0.106
[R]c1c(O)[nH]c2ccccc12	03895	1.409	-0.172
[R]C(=S)NCC	03896	0.45	0.629
[R]NC(CO)c1cccc(Cl)c1	03897	1.592	-0.576
[R]Nc1cccc(Cl)c1F	03898	2.149	-0.254
[R]Nc1ccccc1N2CCCC2	03899	2.081	-0.443
[R]C(=O)Cc1ccc(O)cc1	03900	2.1	0.491
[R]NS(=O)(=O)c1cccc(C)c1	03901	1.488	-0.166
[R]C1(C)COCC(N)=N1	03902	-0.898	-0.095
[R]c1ccc(C)c(CC)c1	03903	3.308	-0.057
[R]C(C)CN	03904	0.065	-0.082
[R]c2ccc1nc(N)sc1c2	03905	1.926	-0.02
[R]C=Cc1ccccc1F	03906	2.649	0.002
[R]c1ccc(C)cc1OC	03907	2.192	-0.166
[R]C1CCC(COCC(O)=O)CC1	03908	1.248	-0.118
[R]C#Cc1ccc(F)cc1	03909	2.42	0.143
[R]CC(=O)Nc1ccc(C)c(Cl)c1	03910	1.973	-0.055
[R]N2CCN(C1CCCC1)CC2	03911	1.022	-0.677
[R]Oc1ccccc1OCC	03912	1.759	-0.133
[R]Oc1c(OC)cccc1OC	03913	1.163	-0.356
[R]CC1COC(N)=N1	03914	0.178	-0.212
[R]c1ccc(NC(=O)CCC)cc1	03915	1.851	-0.049
[R]NCCC(C)(C)C	03916	1.641	-0.65
[R]CCOc1c(Cl)cc(C)cc1Cl	03917	3.572	-0.023
[R]C(=O)Cc1ccc(Br)cc1	03918	3.176	0.519
[R]OC(=O)CCCCCCC	03919	2.348	-0.085
[R]c2cccc(c1cnn(C)c1)c2	03920	1.771	-0.041
[R]c2nc1cc(OC)ccc1[nH]2	03921	1.107	0.323
[R]C=Cc1ccc(Cl)c(Cl)c1	03922	3.546	0.087
[R]N2Cc1cccnc1C2	03923	0.377	-0.522
[R]Oc1cccc(Cl)c1Cl	03924	2.705	0.03
[R]C#CC(C)(O)c1cc(C)on1	03925	0.425	0.168
[R]C(C)N(O)C(N)=O	03926	-0.135	-0.095
[R]C(N)(CO)COP(O)(O)=O	03927	-0.913	-0.027
[R]Nc1ncc(Br)s1	03928	1.612	-0.262
[R]C(=O)c1ccc(C)cc1C	03929	2.449	0.434
[R]c1cnn2ccccc12	03930	0.911	-0.213
[R]c2cc1cc(OC)ccc1[nH]2	03931	1.262	0.024
[R]NC(C)c1ccc(C(O)=O)cc1	03932	1.558	-0.563
[R]NC(=O)c1ccc(C)c(C)c1	03933	1.936	-0.308
[R]C(C)(O)c1cc(C)on1	03934	0.123	-0.042
[R]c1cc(OC)ccc1Cl	03935	2.243	0.051
[R]C(=O)c1ccc(C)c(N(=O)=O)c1	03936	1.935	0.619
[R]SC(N)=N	03937	-0.018	-0.077
[R]C2CCC(c1ccccc1)CC2	03938	3.72	-0.118
[R]C#CCO	03939	0.06	0.073
[R]C(=O)C(CC)c1ccccc1	03940	3.343	0.473
[R]C(=O)NN=Cc1ccco1	03941	0.156	0.48
[R]CNC(=O)c1ccccc1Cl	03942	1.668	0.113
[R]C(=O)N(C)C1CCS(=O)(=O)C1	03943	-1.103	0.466
[R]OCC(=O)c1ccccc1	03944	1.052	-0.18
[R]c1snnc1C	03945	0.716	0.211
[R]c1c(O)cccc1C(O)=O	03946	1.391	-0.144
[R]C(O)CN(C)C	03947	-0.193	0.013
[R]C(C(N)=O)c1ccccc1	03948	0.839	-0.101
[R]NCC(O)COc1ccccc1	03949	0.914	-0.546
[R]c1ccc(Br)cc1C	03950	3.236	0.059
[R]C(C)c2ccc1ccccc1c2	03951	3.706	-0.095
[R]SCc1c(F)cccc1Cl	03952	2.764	-0.03
[R]c1cccc(NC(=O)CC)c1	03953	1.455	-0.061
[R]c2cc(=O)n1ccsc1n2	03954	0.561	0.295
[R]C=Cc1ccc(Br)cc1	03955	3.302	0.053
[R]c1cccnc1OCC	03956	1.454	-0.095
[R]c2nnc(c1ccncc1)o2	03957	0.815	0.488
[R]c1ccc(C)cc1O	03958	2.16	-0.061
[R]CCN2CCc1ccccc1C2	03959	2.19	-0.076
[R]C(CC(O)=O)c1nnc(C)o1	03960	-0.127	0.13
[R]Nc1nn[nH]n1	03961	-0.141	-0.297
[R]NC(=O)C(N)C(C)C	03962	-0.406	-0.302
[R]N1CCCCS1(=O)=O	03963	0.026	-0.319
[R]C(=S)NCCCn1cncc1C	03964	-0.484	0.693
[R]Cc2cc(=O)n1ccsc1n2	03965	0.493	-0.011
[R]C(=O)NC(C)(C)CC	03966	0.676	0.355
[R]NC(=O)C(NC(C)=O)C(C)C	03967	-0.579	-0.215
[R]C1(F)CCOCC1	03968	-0.071	0.092
[R]c2ccc1nc(C)cc(N)c1c2	03969	1.454	-0.016
[R]CSc1nncn1C	03970	0.581	0.114
[R]OCC1CCC1	03971	1.093	-0.278
[R]Nc1ccc(C(O)=O)cn1	03972	0.576	-0.147
[R]COC(C)C	03973	0.792	-0.071
[R]C(=O)c1ccc(F)cc1Cl	03974	2.172	0.521
[R]c1cc(N)ncn1	03975	0.336	0.233
[R]C(=O)C(=O)NC1CC1	03976	0.243	0.636
[R]c1cc(Br)cc(Br)c1O	03977	3.277	0.122
[R]C2(c1ccccc1)CCCCC2	03978	3.822	-0.101
[R]CCCCNC(C)=S	03979	1.015	-0.058
[R]N1CCC(OCOC)CC1	03980	0.067	-0.642
[R]Nc2ccc1cnccc1c2	03981	1.182	-0.289
[R]CCc1ccc(N)cc1	03982	1.987	-0.137
[R]C(=O)Nc1ncc(Br)s1	03983	1.175	0.526
[R]c1cc(N(=O)=O)cc(N(=O)=O)c1	03984	1.885	0.458
[R]COc1ccc(N(=O)=O)cc1	03985	1.771	0.17
[R]c2nc1cc(Cl)ccc1s2	03986	2.921	0.366
[R]Nc1ccc(C)c(CC)c1	03987	2.822	-0.411
[R]C1CC1(Cl)Cl	03988	1.59	0.086
[R]Nc2nc1CCN(C)Cc1s2	03989	0.521	-0.216
[R]C(=O)OCCC(C)C	03990	1.561	0.491
[R]C(CCC(N)=O)C(N)=O	03991	-1.683	-0.096
[R]C(=O)CNC(=O)c1cccs1	03992	0.846	0.586
[R]C(=S)NC	03993	0.107	0.638
[R]C(CC(C)C)C(=O)OC	03994	1.641	-0.031
[R]c2ccc1scnc1c2	03995	2.206	0.04
[R]c1ccc(OCCF)cc1	03996	1.885	-0.057
[R]c1ccncc1Cl	03997	1.184	0.159
[R]c1ccc(C(O)=O)cc1OC	03998	1.423	-0.008
[R]C(=O)NCc1ccc(O)cc1	03999	0.865	0.38
[R]NC(=O)Nc1cccc(C#N)c1	04000	0.782	-0.239
[R]C(=O)N1CCC(OCOC)CC1	04001	-0.345	0.375
[R]CC(=O)NC1CCS(=O)(=O)C1	04002	-1.417	-0.049
[R]c1ccc(O)cc1Cl	04003	2.211	0.03
[R]C(=O)NC(C)(C)CO	04004	-0.579	0.38
[R]NC(CCC(N)=O)C(N)=O	04005	-2.348	-0.587
[R]OCC1CCOCC1	04006	0.243	-0.248
[R]c1ccc(C)cc1N(=O)=O	04007	2.398	0.135
[R]c1ccc(Cl)nn1	04008	1.502	0.358
[R]C(=O)NC(CCC(N)=O)C(N)=O	04009	-2.645	0.374
[R]C(=O)C(C)Oc1ccccc1	04010	2.58	0.556
[R]C1(O)CCCC1	04011	0.682	-0.039
[R]c1nnc(SCC)s1	04012	1.755	0.348
[R]NC1CCC(C(F)(F)F)CC1	04013	1.924	-0.566
[R]NC(=O)c1cncc(Br)c1	04014	0.481	-0.198
[R]CCCc1ccc(F)cc1	04015	3.306	-0.093
[R]c2ccc1cc(O)ccc1c2	04016	2.695	0
[R]NC(=O)CCN(C)C	04017	-0.863	-0.286
[R]C(=O)c1csc2ccccc12	04018	1.988	0.424
[R]C(=O)Nc2nc1CCCCc1s2	04019	1.079	0.461
[R]c2nc(c1ccncc1)no2	04020	0.931	0.467
[R]C1OCC(O)C(O)C1O	04021	-1.189	0.124
[R]c2ccc(N1CCNCC1)nc2	04022	1.068	-0.011
[R]c1ccc(O)c(N(=O)=O)c1	04023	1.647	0.195
[R]Nc1nc(C)c(C(=O)OCC)s1	04024	1.065	-0.055
[R]c1ncc(C(F)(F)F)[nH]1	04025	0.842	0.374
[R]S(=O)(=O)c1cc(C)cc(C)c1	04026	2.001	0.573
[R]Nc1ccc(C)cc1Cl	04027	2.477	-0.33
[R]c1ccccc1N(C)S(C)(=O)=O	04028	1.911	-0.041
[R]Cc1ncc[nH]1	04029	-0.338	-0.068
[R]CNc1ccc(OC)cc1	04030	1.391	0.073
[R]c1nnnn1C2CCCCC2	04031	1.755	0.475
[R]C(C)CN(C)C	04032	0.834	-0.118
[R]NS(=O)(=O)c1cccc(Cl)c1Cl	04033	2.057	-0.12
[R]c1cc(F)ccc1O	04034	1.833	0.068
[R]CCc1ccc(C(O)=O)cc1	04035	2.468	-0.052
[R]SCc1cccnc1	04036	0.795	0.011
[R]c2cc1ccccc1cc2OC	04037	2.727	-0.104
[R]c1cc(O)c(=O)[nH]n1	04038	-0.092	0.307
[R]n1ncc(C(=O)CCC)c1C	04039	0.364	0.208
[R]COc1ccccn1	04040	1.204	0.007
[R]C(N)CC1CCCCC1	04041	1.704	-0.096
[R]C(=O)N2CCC1(CCCC1)CC2	04042	1.394	0.35
[R]NCc1ccc(C)o1	04043	-0.318	-0.584
[R]CCCC(=O)NO	04044	0.338	-0.095
[R]CCC(N)(CO)COP(O)(O)=O	04045	-0.265	-0.148
[R]CCCC1CCCC1	04046	2.965	-0.131
[R]N2Cc1ccccc1CC2CO	04047	1.418	-0.724
[R]N2CCC(Cc1c[nH]cn1)CC2	04048	-0.126	-0.759
[R]CCCCc1c[nH]cn1	04049	0.739	-0.161
[R]c2cc(C)c1ccccc1n2	04050	2.933	0.16
[R]Oc1cccc2nc(C)ccc12	04051	1.929	-0.036
[R]C(=O)c1cccc(OC)c1OC	04052	1.009	0.39
[R]C=NNC(=O)c1ccncc1	04053	-0.029	0.155
[R]c1cc(F)ccc1n2nccn2	04054	1.518	0.098
[R]c1c[nH]c2cc(F)ccc12	04055	1.425	-0.158
[R]NC(=O)c1ccc(F)cn1	04056	0.228	-0.245
[R]c2ccnc(N1CCNCC1)c2	04057	1.068	0.098
[R]C(=O)c1c(Cl)cncc1Cl	04058	1.239	0.564
[R]Nc1cccc(NC(=O)C=C)c1	04059	1.217	-0.408
[R]Oc1cccc(C(O)=O)c1	04060	1.367	-0.008
[R]Oc1c(F)cccc1F	04061	1.948	-0.122
[R]OCC1CCN(C)CC1	04062	0.387	-0.273
[R]N(C)OC	04063	0.303	-0.566
[R]CCn1c(C)ncc1N(=O)=O	04064	0.453	0.147
[R]c1ccccc1NS(C)(=O)=O	04065	1.22	0.07
[R]c1cc(Cl)ccn1	04066	1.583	0.222
[R]c1ccc(=O)[nH]c1	04067	0.007	0.011
[R]Oc1ccccc1C(O)=O	04068	1.367	-0.004
[R]C(=O)Nc1cc(F)ccc1F	04069	1.334	0.51
[R]c1ccc(Cl)cc1N(=O)=O	04070	2.449	0.227
[R]C1(C(N)=O)CC1	04071	-0.217	0.03
[R]C(=O)Nc1ccccc1SC	04072	1.145	0.428
[R]OC(=O)c1ccc(C)cc1	04073	2.119	-0.093
[R]C(=O)c1cncc(C)c1	04074	0.67	0.51
[R]c1nc(C)nn1C(C)C	04075	1.334	0.312
[R]Cc1cccc(C(N)=O)c1	04076	1.207	-0.087
[R]C(=O)C1CCN(C)CC1	04077	0.915	0.459
[R]CCc1ccc(C(C)(C)C)cc1	04078	4.397	-0.109
[R]C(=O)NCCCN(CC)CC	04079	0.089	0.363
[R]NC(=O)OC1CCOC1	04080	-0.506	-0.199
[R]c2ccc1cccnc1c2	04081	2.067	0.024
[R]n2c(=O)[nH]c1ccccc1c2=O	04082	0.126	0.035
[R]CSc1ncccn1	04083	0.707	0.067
[R]NC(=O)CN1CCN(C)CC1	04084	-1.243	-0.288
[R]N1CCCC(CO)C1	04085	0.054	-0.704
[R]Cc1ccc(NC(N)=O)cc1	04086	0.951	-0.126
[R]C(=O)OCC12CCN(CC1)CC2	04087	0.443	0.513
[R]C(=O)OCCN(C)C	04088	0.002	0.453
[R]CS(=O)(=O)c1ccc(C)cc1	04089	1.682	0.187
[R]Nc1ccc(I)cc1	04090	2.749	-0.297
[R]COc1cccc2[nH]ccc12	04091	1.125	0.007
[R]c2cn1nc(C)ccc1n2	04092	0.927	0.043
[R]CCc1ccc(Br)cc1	04093	3.562	-0.061
[R]C(=O)NC1CCOC1	04094	-0.847	0.416
[R]OCc1cccc(C(F)(F)F)c1	04095	2.646	-0.185
[R]NCc1cccc(Br)c1	04096	2.239	-0.58
[R]NCc1ccc(F)cc1F	04097	1.726	-0.58
[R]c1ccncc1C	04098	1.133	0.105
[R]N2C(=O)C1CCCN1C2=O	04099	-0.461	0.03
[R]C1=CC(=O)OC1	04100	-0.028	0.371
[R]c1c(C)n[nH]c1O	04101	0.134	-0.074
[R]NCc2ccc1ccccc1c2	04102	2.449	-0.622
[R]C(=O)c1c(O)cccc1C(O)=O	04103	0.928	0.35
[R]c2ccc(c1ccco1)cc2	04104	2.145	0.018
[R]Nc1c(Cl)cc(Cl)cc1Cl	04105	3.045	-0.467
[R]C(=O)N1CCN(S(C)(=O)=O)CC1	04106	-0.91	0.448
[R]N1C(C)CCC1C	04107	1.184	-0.699
[R]c2ccc1sccc1c2	04108	2.451	-0.004
[R]c1cc(OC)c(O)c(C=O)c1	04109	1.116	0.136
[R]CN(=O)=O	04110	0.314	0.339
[R]C(=O)N2Cc1cccnc1C2	04111	-0.035	0.413
[R]c1nnc(S)n1CC	04112	1.209	0.363
[R]N2CCC(c1ccccc1)C2	04113	1.977	-0.655
[R]C(=O)c1cn(C)c2ccccc12	04114	1.069	0.348
[R]C(=O)Nc1ccc(F)cn1	04115	0.581	0.466
[R]CC(=O)c1ccc(O)c(O)c1	04116	0.878	-0.082
[R]N2C(=O)C1CCCCC1C2=O	04117	0.46	0.032
[R]CCCC(C)(C)O	04118	1.293	-0.156
[R]C(=O)NCC(O)CO	04119	-1.442	0.377
[R]c1ccc(NC)nc1	04120	0.938	-0.106
[R]NC(=O)c1cncc(C)c1	04121	0.157	-0.243
[R]NC(C)c1ccc(Cl)cc1	04122	2.378	-0.584
[R]N1C2CCC1CC2	04123	0.824	-0.707
[R]OCCn1ccnc1	04124	-0.657	-0.139
[R]C(=O)N1CCN(CCO)CC1	04125	-1.022	0.345
[R]c2ccc(n1cccc1)cc2	04126	1.808	0.019
[R]c1snc(C(N)=O)c1N	04127	-0.554	-0.052
[R]OCC12CCN(CC1)CC2	04128	0.407	-0.254
[R]NC(=O)N2Cc1cccnc1C2	04129	-0.345	-0.31
[R]C(=O)c1snc(C(N)=O)c1N	04130	-1.017	0.431
[R]C(=O)c1ccc(OCCC)cc1	04131	2.073	0.429
[R]C1CCN(CCCC)CC1	04132	1.88	-0.131
[R]c1cnccc1C(F)(F)F	04133	1.548	0.204
[R]N(C)Cc1ccccc1OC	04134	1.556	-0.713
[R]c1cccc(OCCC)c1	04135	2.536	-0.014
[R]c2csc(c1cccnc1)n2	04136	1.375	0.14
[R]Nc1nnc(C(C)C)s1	04137	1.858	-0.275
[R]C(=O)Nc1nnc(C(C)C)s1	04138	1.422	0.535
[R]OCC=C(C)C	04139	1.232	-0.273
[R]c2ccc1oc(C)cc1c2	04140	1.464	-0.046
[R]Cc1nnc(C)o1	04141	0.147	0.064
[R]NC(=O)NCc1ccco1	04142	-0.925	-0.335
[R]C1CCN(CCOC)CC1	04143	0.508	-0.156
[R]C(C)CC(O)=O	04144	0.651	-0.023
[R]Nc2ccc1[nH]c(O)nc1c2	04145	0.988	-0.378
[R]NCc1cccc(N(=O)=O)c1	04146	1.401	-0.493
[R]CNC1CC1c2ccccc2	04147	1.835	-0.085
[R]c1ccc(S(N)(=O)=O)cc1Cl	04148	1.348	0.222
[R]c1ccc(C)cc1F	04149	2.584	-0.023
[R]C(=S)Nc1ccc(OC)cc1	04150	1.536	0.681
[R]Oc1ccc(F)c(F)c1	04151	1.948	0.035
[R]NS(=O)(=O)c1ccc(C#N)cc1	04152	1.057	-0.077
[R]OC(=O)c1cccnc1	04153	0.34	-0.03
[R]S(=O)(=O)NC1CCCC1	04154	0.528	0.575
[R]C1CO1	04155	-0.071	0.024
[R]c1cc(C(N)=N)ccc1O	04156	0.698	0.032
[R]NCCc1ccccc1OC	04157	1.446	-0.679
[R]C1(CO)CC1	04158	0.414	-0.144
[R]C(=N)OC	04159	0.195	0.282
[R]C1(O)CN2CCC1CC2	04160	-0.214	-0.006
[R]c1nnc(C(F)(F)F)s1	04161	1.9	0.564
[R]c1ccc(=O)n(C)n1	04162	0.438	0.171
[R]c1nc(C)ns1	04163	0.968	0.326
[R]C(=O)CCc1ccc(O)cc1	04164	2.496	0.489
[R]SCC(=O)NC1CCCC1	04165	0.443	-0.017
[R]C(C)c1ncc(F)cn1	04166	0.913	-0.038
[R]NC(=O)c1ccoc1C	04167	-0.743	-0.316
[R]S(=O)(=O)N(CCC)CCC	04168	1.323	0.543
[R]CNCCO	04169	-0.625	-0.118
[R]NC(C)C1CCCCC1	04170	1.982	-0.653
[R]n1cc(Cl)cn1	04171	0.548	0.2
[R]c1ccc(C#N)c(Cl)c1C	04172	2.999	0.181
[R]NC(=O)Nc1cccc(Cl)c1Cl	04173	1.782	-0.235
[R]NC(=O)COc1ccc(C)cc1	04174	1.059	-0.237
[R]NC1CCC(N(C)C)CC1	04175	0.62	-0.648
[R]Nc2ccc1[nH]ccc1c2	04176	0.8	-0.46
[R]N1CCCC1CN2CCCC2	04177	0.733	-0.65
[R]NN=Cc1ccc(N(C)C)cc1	04178	2.234	-0.555
[R]C(=O)NCC(C)CC	04179	0.983	0.356
[R]c1cccc2nc(N)nc(N)c12	04180	1.058	0.117
[R]c1cccc2ccc(N)nc12	04181	1.982	-0.18
[R]C(=O)Nc1ccc(OC)nc1	04182	0.189	0.478
[R]CSc1nnc(N)s1	04183	1.027	0.117
[R]C(=O)c1ccc(C)nc1	04184	0.373	0.504
[R]C(C(O)=O)C(O)=O	04185	-0.282	0.083
[R]N2CC1CC1C2	04186	0.263	-0.647
[R]C(=O)NN=Cc1cccnc1	04187	0.36	0.489
[R]Cc1nnc(O)c2ccccc12	04188	1.962	0.038
[R]CCCCOc1ccccc1	04189	2.861	-0.076
[R]S(=O)(=O)Nc1onc(C)c1Cl	04190	0.3	0.689
[R]c1cccc(O)c1O	04191	1.409	-0.001
[R]C(=O)CCOC	04192	0.443	0.494
[R]N(C)CC(C)C	04193	1.246	-0.664
[R]C=Cc1cccc(Cl)c1	04194	3.028	0.038
[R]N(CC)C1CCOCC1	04195	0.206	-0.647
[R]COc1ccc(C(C)(C)C)cc1	04196	3.444	0.024
[R]C(CC(O)=O)c1ccc(Cl)cc1	04197	2.386	0.051
[R]C2CCN(CC1CC1)CC2	04198	1.383	-0.131
[R]CCNC(C)C	04199	0.826	-0.084
[R]c2nc1ccccc1n2CCC	04200	2.418	0.272
[R]NC(=O)C(N)CCSC	04201	-1.29	-0.232
[R]N(C)S(=O)(=O)c1ccc(F)cc1	04202	1.522	-0.196
[R]NC(C)=N	04203	-0.74	-0.471
[R]CCc1ccc(F)c(F)c1	04204	3.049	-0.031
[R]c2cc1ccc(Cl)cc1s2	04205	3.368	0.127
[R]Oc1cc(F)cc(F)c1	04206	1.948	0.049
[R]Cc1c(Cl)cncc1Cl	04207	2.098	0
[R]SCc1cccc(C)c1	04208	2.574	-0.039
[R]C(=O)CCC(N)C(O)=O	04209	-0.195	0.478
[R]C(C(=O)NC)c1ccccc1	04210	1.085	-0.112
[R]C(=O)C=C(C)C	04211	1.92	0.328
[R]C(C)(C)C(=O)Nc1nncs1	04212	1.362	-0.047
[R]c1cccc2[nH]cnc12	04213	0.849	-0.122
[R]c2ccc(C(=O)C1CC1)cc2	04214	1.973	0.097
[R]c1ccc(OCCOC)cc1	04215	1.56	-0.088
[R]n1cnc2cccnc12	04216	0.486	0.04
[R]OCP(O)(O)=O	04217	0.089	-0.281
[R]NC(=O)c1c(F)cccc1Cl	04218	1.659	-0.261
[R]C23CC1CC(CC(O)(C1)C2)C3	04219	1.351	-0.115
[R]CC(C)CCC	04220	2.676	-0.136
[R]c1cc(C)cs1	04221	1.916	0.015
[R]c1ccccc1OCCOC	04222	1.56	-0.182
[R]C(=O)C=Cc1ccoc1	04223	0.301	0.364
[R]NCCc1cccc(Cl)c1	04224	2.217	-0.601
[R]NC1=NCCN1	04225	-0.696	-0.444
[R]c2nc1ccccc1c(=O)o2	04226	1.261	0.496
[R]N(CC)C(C)=O	04227	-0.322	-0.346
[R]C(NC(=O)CC(C)C)C(C)C	04228	1.876	0.065
[R]C(=O)COc1ccccc1OC	04229	1.79	0.545
[R]SCc1cccc(F)c1	04230	2.246	0.007
[R]CC(=O)c1ccc(N(=O)=O)cc1	04231	1.401	0.018
[R]C(=O)C=Cc1ccc(Cl)c(Cl)c1	04232	3.083	0.431
[R]C(Cc1ccccc1)NC	04233	1.917	-0.003
[R]NC(=O)Nc1ccc(Br)cc1	04234	1.537	-0.251
[R]c1ccc(NC(=O)OC)cc1	04235	1.452	-0.05
[R]C(=O)Nc1cccnc1Cl	04236	0.632	0.507
[R]C(=O)Nc1c(Cl)cccc1Cl	04237	2.091	0.416
[R]C(=O)NC(CC(N)=O)C#N	04238	-1.694	0.405
[R]C1CCCN1C(=O)OC(C)(C)C	04239	1.339	-0.012
[R]C(F)(F)c1ccccn1	04240	1.899	0.116
[R]CCc1ccc(N(=O)=O)cc1	04241	2.724	0.018
[R]N1CCCC1C(=O)OC	04242	0.126	-0.607
[R]C(CC)NC(C)CC(N)=O	04243	-0.028	-0.375
[R]c1cccc(C=CC(=O)OC)c1	04244	2.24	0.041
[R]c1ccccc1NC(=O)C=C	04245	1.703	0.01
[R]NNC(=O)c1cccs1	04246	0.567	-0.438
[R]NNc1ccccc1	04247	1.585	-0.511
[R]CNC(=O)c1ccccc1OC	04248	0.897	0.075
[R]C(CC(N)=O)C#N	04249	-0.877	0.155
[R]CNC(=O)c1ccc(Cl)cc1	04250	1.668	0.132
[R]C1CC2COCC(C1)N2C	04251	0.472	-0.24
[R]C1CCC(=O)N1C	04252	-0.303	0.076
[R]SCCC(N)C(O)=O	04253	-0.671	-0.025
[R]NC(CC(N)=O)C#N	04254	-1.397	-0.538
[R]OCc1c(Cl)cccc1Cl	04255	2.8	-0.25
[R]CC(=O)NCCC	04256	0.117	-0.131
[R]NC1CCOC1=O	04257	-0.687	-0.517
[R]CC(C)(C)F	04258	1.104	-0.099
[R]C(=O)NCCc1cccs1	04259	0.553	0.38
[R]OC2CCN(C1CCC1)CC2	04260	0.756	-0.28
[R]N1CCCCCCC1	04261	1.546	-0.666
[R]c2nc(c1ccccc1)ns2	04262	2.701	0.369
[R]C(=O)CCc1ccc(OC)cc1	04263	2.528	0.469
[R]C=CN(=O)=O	04264	0.698	0.494
[R]c1cc(C(C)C)no1	04265	1.608	0.246
[R]Cc2ccc(C1CC1)cc2	04266	3.064	-0.117
[R]c2cc(O)c1ccccc1n2	04267	2.182	0.195
[R]OC(=O)CCc1ccccc1	04268	1.98	-0.072
[R]NCCCCN	04269	-0.617	-0.634
[R]c1ccc(C#N)cc1Cl	04270	2.531	0.166
[R]C(C)(C)C(F)(F)F	04271	2.336	0.087
[R]NC(=O)C(N)CC(C)C	04272	-0.082	-0.264
[R]c1ncccc1C2CCOCC2	04273	1.301	0.165
[R]NC(=O)CCN1CCCC1	04274	-0.538	-0.283
[R]C(=O)CS(C)(=O)=O	04275	-0.242	0.632
[R]N1CCC(C(=O)OC)CC1	04276	0.115	-0.607
[R]OCC(=O)N(C)C	04277	-0.843	-0.179
[R]C(=O)c1cc(Cl)ccc1Cl	04278	2.55	0.524
[R]C1C(O)C(O)C2CC12	04279	-0.146	-0.198
[R]C(C)C#N	04280	0.824	0.098
[R]NC(CC(C)C)C(=O)OC	04281	0.977	-0.56
[R]NC(=O)c1ccc(C)o1	04282	-0.514	-0.262
[R]OCC=Cc1ccccc1	04283	2.296	-0.242
[R]N(C)Cc1ccc(Cl)c(Cl)c1	04284	2.844	-0.552
[R]C(CN)c1ccccc1	04285	1.282	-0.072
[R]C(=O)CSc1nnnn1C	04286	0.977	0.624
[R]N1CCC=CC1	04287	0.638	-0.66
[R]NC(CO)CO	04288	-1.145	-0.644
[R]CCCN1CCNCC1	04289	0.268	-0.112
[R]C(S)=S	04290	0.966	0.746
[R]c1n[nH]c(N)n1	04291	-0.004	0.087
[R]C(=O)c1nsc2ccccc12	04292	1.935	0.369
[R]CC(F)(F)c1ccccn1	04293	1.951	-0.05
[R]Cc1cccc2cccnc12	04294	2.463	-0.193
[R]C(=O)C1CCOC1	04295	0.52	0.53
[R]c2ccc1[nH]nc(N)c1c2	04296	0.987	-0.095
[R]C(=O)N2CCN(C1CCC1)CC2	04297	0.213	0.361
[R]n1c(=O)c(=O)c2ccccc12	04298	0.292	0.143
[R]NC(=O)c1c(Cl)cncc1Cl	04299	0.726	-0.201
[R]c1ccc(O)cc1F	04300	1.833	0.018
[R]NC(=O)C(C)=C	04301	0.119	-0.307
[R]N(O)C(C)=O	04302	-0.425	-0.156
[R]N1CCN(C(=O)CC)CC1	04303	-0.235	-0.596
[R]c1cc(OC)c(Cl)cc1OC	04304	1.99	-0.066
[R]NN1CCN(C)CC1	04305	-0.212	-0.642
[R]CN1CCN(C(=O)OCC)CC1	04306	0.252	-0.046
[R]NCC(F)(F)c1ccccn1	04307	1.369	-0.588
[R]c1ccc(O)c(O)c1O	04308	1.124	0.019
[R]NS(=O)(=O)c1ccc(N)cc1	04309	0.238	-0.216
[R]C1CCCN(C(C)C)C1	04310	1.501	-0.095
[R]CC(=O)NCC(C)(C)C	04311	1.025	-0.136
[R]Nc1ccc(C#N)cn1	04312	0.914	-0.131
[R]NCCc1ccccc1F	04313	1.838	-0.628
[R]C(=S)NCC=C	04314	0.848	0.632
[R]c1cc(F)c(O)c(F)c1	04315	1.972	0.187
[R]NC(=O)C1CCOCC1	04316	-0.679	-0.277
[R]C(=O)c1cc(OC)ccc1OC	04317	1.009	0.339
[R]c1ccnc(C)n1	04318	0.569	0.269
[R]C(S)=Nc1ccccc1	04319	2.332	0.298
[R]CN1CC(C)OC(C)C1	04320	0.664	-0.072
[R]c2cnc1nc(N)nc(N)c1c2	04321	0.212	0.035
[R]c2ccc1ccc(OC)cc1c2	04322	2.727	-0.017
[R]NCCC(N)=O	04323	-1.471	-0.629
[R]c1cc(C)ccc1Cl	04324	2.963	-0.001
[R]c1cnc(C)s1	04325	0.953	0.064
[R]NC(=O)C1CCNCC1	04326	-0.896	-0.304
[R]C(NC(C)=O)C(C)CC	04327	0.918	-0.118
[R]SCc1cccc(Cl)c1	04328	2.625	0.003
[R]OCC1CCCN1C	04329	0.362	-0.307
[R]c1cc(C)nn1c2ccccc2	04330	1.993	0.128
[R]C(=N)NO	04331	-0.216	0.299
[R]Oc1cc(C)ccc1C(C)C	04332	3.33	-0.114
[R]Nc1cccc(N)c1	04333	0.708	-0.429
[R]Nc1n[nH]c2cccnc12	04334	0.371	-0.389
[R]CCC#C	04335	1.267	-0.063
[R]Cn1c(=O)sc2ccccc12	04336	2.026	0.143
[R]CCc1ccc(F)cc1F	04337	3.049	-0.052
[R]Nc1ccc(OC(F)F)cc1	04338	2.093	-0.372
[R]C(=O)C1(C#N)CC1	04339	1.459	0.56
[R]Nc2nc1ccc(Cl)cc1s2	04340	2.741	-0.264
[R]CC(O)CC(O)CC(O)=O	04341	-0.517	-0.109
[R]c1ncc(Cl)cc1F	04342	1.722	0.258
[R]CC(C)(C)N	04343	0.153	-0.054
[R]c2ccc1n(C)ncc1c2	04344	1.318	-0.088
[R]C1CC2CCC(C1)N2	04345	0.778	-0.125
[R]c1ccc(NC(=O)NC)cc1	04346	0.802	-0.095
[R]c1ncc(CC)cn1	04347	1.083	0.185
[R]OC(=O)NCCCC	04348	0.921	-0.136
[R]c2cnn(c1ccccc1)c2C	04349	1.594	-0.156
[R]S(=O)(=O)N(CC)c1ccccc1	04350	2.197	0.603
[R]OC(=O)NCC	04351	0.056	-0.134
[R]Cc1ccc(F)cn1	04352	1.137	-0.077
[R]NC(=O)Nc1cc(Cl)cc(Cl)c1	04353	1.782	-0.231
[R]Oc1ccccc1C(C)C	04354	2.863	-0.106
[R]C(C)NS(C)(=O)=O	04355	-0.099	0.124
[R]c1cncc(C(F)(F)F)c1	04356	1.548	0.19
[R]C(=O)NC(C)COC	04357	-0.379	0.342
[R]C(=O)N(C)CCN(C)C	04358	-0.401	0.366
[R]C1CCC(F)(F)C1	04359	1.525	-0.001
[R]C(CO)CC(C)C	04360	1.535	-0.058
[R]COc1cncc(C(N)=O)c1	04361	-0.661	0.106
[R]CCOc1ccccc1C	04362	2.536	0.007
[R]c1cc(C)nc(C)n1	04363	0.74	0.249
[R]c2sc1ccc(Cl)cc1c2C	04364	3.835	0.102
[R]C2CCN(C1COC1)CC2	04365	0.401	-0.095
[R]CCCCN1CCOCC1	04366	0.882	-0.107
[R]NC(=O)c1[nH]c(C)c(Cl)c1Cl	04367	0.344	-0.239
[R]CNC(=O)CC	04368	-0.135	0.095
[R]CC(O)CN(C)C	04369	0.059	-0.134
[R]NC(C)C(C)C	04370	1.297	-0.653
[R]Oc1ccc(Cl)cn1	04371	1.573	-0.12
[R]c2ccc(Cn1ccnc1)cc2	04372	1.242	0.064
[R]N(C)CC=C	04373	0.772	-0.644
[R]C(=O)Nc1cc(F)cc(F)c1	04374	1.334	0.535
[R]Oc1ccc(O)c(C(C)C)c1	04375	2.578	-0.082
[R]c1[nH]c(C)c(Cl)c1Cl	04376	1.32	0.003
[R]Nc1nnc(SCC)s1	04377	1.575	-0.27
[R]Oc1ccc(C(=O)OC)cc1	04378	1.399	0.01
[R]C1CCC(CN(C)C)CC1	04379	1.85	-0.158
[R]C(=O)CNC(C)=O	04380	-0.538	0.578
[R]Cc1ccc(C(F)(F)F)nc1	04381	2.344	0.037
[R]Oc1cccc2ccc(N)nc12	04382	1.674	-0.128
[R]c2cn1ccsc1n2	04383	0.608	0.062
[R]C(=O)c1[nH]c(C)c(Cl)c1Cl	04384	0.857	0.532
[R]C(=O)NN=Cc1ccccc1O	04385	1.388	0.448
[R]c1ccc(NC(C)=O)nc1	04386	0.213	0.013
[R]c1cccc2c(C)cc(C)nc12	04387	2.705	-0.107
[R]C(CC(O)=O)c1nccs1	04388	0.321	0.016
[R]Oc1ncc(Br)cn1	04389	1.008	-0.009
[R]OC1CCNC1	04390	-0.45	-0.228
[R]OCC(O)CC(O)CC(O)=O	04391	-0.983	-0.201
[R]C(=O)c1ccc(Cl)c(N(=O)=O)c1	04392	1.986	0.67
[R]C2(c1ccccc1)CCNCC2	04393	1.962	-0.055
[R]C(=O)N1CCC(N(C)C)C1	04394	-0.456	0.347
[R]N1CCC(OC)C1	04395	-0.188	-0.644
[R]CCCCCCCC(=O)NO	04396	1.923	-0.123
[R]OC(=O)c1cc(O)c(O)c(O)c1	04397	0.798	-0.033
[R]CCC(=O)N(C)C	04398	-0.052	-0.077
[R]NC1C(C)(C)C2CCC1(C)C2	04399	2.502	-0.667
[R]N1CC(C)NCC1COC	04400	-0.209	-0.721
[R]N1CCC(CN)CC1	04401	-0.338	-0.696
[R]SCC(C)C	04402	1.544	-0.054
[R]CNC(=O)c1ccccc1F	04403	1.289	0.116
[R]Oc1c(F)c(F)cc(F)c1F	04404	2.227	0.007
[R]c1ccc(C(O)=O)s1	04405	1.546	0.178
[R]CC(=O)N(C)Cc1ccccc1	04406	1.329	-0.133
[R]C(=O)NCCF	04407	-0.467	0.428
[R]c1nnc(S)n1CC=C	04408	1.607	0.355
[R]Sc1cccc(OC)c1	04409	1.759	-0.068
[R]Oc1cccc(Br)c1	04410	2.461	-0.028
[R]C(=O)OC1CC2CCC(C1)N2C	04411	0.466	0.515
[R]C(=O)Nc1cccc(C(N)=O)c1	04412	-0.112	0.481
[R]c1ccc(C(C)CC)cc1	04413	3.568	-0.049
[R]C(=O)c2cc1ccccc1n2C	04414	1.298	0.443
[R]c2ccc(c1ccccn1)s2	04415	2.619	0.045
[R]N1C(=O)Cc2ccccc12	04416	0.816	0.015
[R]NCc1ccccc1OCC	04417	1.537	-0.709
[R]c1cc(=O)c(=O)c2ccccc12	04418	1.388	0.494
[R]c2ccc(c1ccccc1)s2	04419	3.532	0.022
[R]C(C)C1=NCCN1	04420	0.108	-0.177
[R]CCOC(C)C	04421	1.043	-0.06
[R]CN1CC(C)NCC1COC	04422	-0.061	-0.087
[R]NC(=O)C1CC1c2ccccc2	04423	1.323	-0.302
[R]c2cc(C1CC1)on2	04424	1.104	0.143
[R]CCC(=O)OC(C)(C)C	04425	1.186	-0.033
[R]c1ccc(C(C)(C)O)cc1	04426	1.933	-0.033
[R]c1cn(C(C)C)cn1	04427	0.62	-0.085
[R]C(=O)C(NC(C)=O)C(C)CC	04428	1.267	0.527
[R]c1sc(C)c(C)c1C(=O)OCC	04429	2.159	0.098
[R]c2ccc(N1CCNCC1)cn2	04430	0.769	0.084
[R]CC(=O)NCc1cccnc1	04431	-0.23	-0.101
[R]CCN(C)CC(O)=O	04432	-0.027	-0.069
[R]C(C(F)(F)F)C(F)(F)F	04433	1.876	0.371
[R]NC(=O)NCCC	04434	-0.125	-0.365
[R]NC(=O)COc1cccc(C)c1	04435	1.059	-0.237
[R]OCc1ccco1	04436	-0.002	-0.199
[R]Cc1c(F)c(F)c(F)c(F)c1F	04437	3.071	0.089
[R]C1CCN(CCO)CC1	04438	0.23	-0.155
[R]N(C)C(=O)C=Cc1ccoc1	04439	0.035	-0.37
[R]C12CCC(CC1=O)C2(C)C	04440	2.413	-0.08
[R]Oc2ccc(C(=O)C1CC1)cc2	04441	1.664	0
[R]SCC(=O)N(CC)CC	04442	0.185	-0.023
[R]CCNC(=O)c1cccs1	04443	0.873	-0.009
[R]c2cc1cccc(OC)c1o2	04444	1.44	0.208
[R]c2ccc1OS(=O)(=O)C=Cc1c2	04445	1.369	0.193
[R]C(=O)Nc1nn[nH]n1	04446	-0.578	0.534
[R]OCCOc1ncc(Br)cn1	04447	0.942	-0.201
[R]C1CCCNC1c2ccccc2	04448	2.231	-0.205
[R]SCC(=O)Nc1nnc(C)s1	04449	0.231	0.053
[R]CCNc1ccc(OC)cc1	04450	1.643	-0.014
[R]C(C)c1c[nH]c2ccccc12	04451	2.013	-0.131
[R]C(=O)C(Cc1ccccc1)NC	04452	2.267	0.454
[R]CC(O)C(O)=O	04453	-0.254	-0.004
[R]c2sc(c1ccccc1)nc2C	04454	2.857	0.057
[R]c2ncc1ccccc1n2	04455	1.62	0.185
[R]NC(=O)C=Cc1ccc(F)cc1	04456	1.673	-0.291
[R]C1CC2CCCC(C1)N2C	04457	1.536	-0.114
[R]C(=S)Nc1ccc(Cl)cc1	04458	2.307	0.738
[R]Cn1c(=O)oc2ccccc12	04459	0.728	0.16
[R]c2ccc(c1ccccc1Cl)o2	04460	2.892	0.124
[R]C(=O)C(N)CC	04461	0.642	0.5
[R]S(=O)(=O)NCC1CCCO1	04462	-0.429	0.568
[R]C1CCNC1=O	04463	-0.617	-0.025
[R]OC(C)c1ccccc1	04464	2.177	-0.261
[R]Nc1cnc(OC)c(F)c1	04465	0.765	-0.264
[R]C(=O)C1CCCCC1C(O)=O	04466	1.744	0.432
[R]c1nncc2ccccc12	04467	1.615	0.32
[R]c1nc(Cl)ncc1C	04468	1.581	0.367
[R]c2cc1OCOc1cc2Br	04469	2.454	0.087
[R]NC(=O)c1cnc(C)cn1	04470	-1.053	-0.247
[R]C2COc1ccccc1C2	04471	2.038	0.019
[R]C(C)c1cnccn1	04472	0.248	0.002
[R]C(C)=CC=CC(C)=CC(O)=O	04473	1.895	0.155
[R]NC(=O)N1CCCCCC1	04474	0.429	-0.379
[R]C(=O)C(=O)OC	04475	0.497	0.719
[R]NC(=O)NCc1cccnc1	04476	-0.471	-0.332
[R]c1cnc(N)c(C(F)(F)F)c1	04477	1.464	0.018
[R]N(C)C1CCN(C)CC1	04478	0.008	-0.66
[R]c1ccc(Cl)cc1O	04479	2.211	0.037
[R]Cn2cnc1ccccc1c2=O	04480	0.911	0.079
[R]c1cnn(CCOC)c1	04481	-0.078	-0.166
[R]CC(=O)NC1CCCCCC1	04482	1.287	-0.131
[R]C1CCCC(C)C1C	04483	2.833	-0.136
[R]c2cc1cc(C)ccc1oc2=O	04484	1.883	0.01
[R]C1CC(O)C(CO)O1	04485	-0.764	-0.019
[R]c1coc(C)n1	04486	0.078	0.081
[R]c2cc(NC(=O)C1CC1)ncn2	04487	0.655	0.282
[R]Nc1ccc(C(F)(F)F)nc1	04488	1.461	-0.156
[R]CCOc1ncc(Br)cn1	04489	1.408	0.029
[R]C(=S)N1CCCC1	04490	0.679	0.6
[R]c2cccc(c1ccccc1)n2	04491	3.148	0.141
[R]c1ccc(OCC(F)(F)F)cc1	04492	2.7	0.007
[R]C1CCN(C(=O)OC)CC1	04493	0.602	-0.061
[R]c1ccc(CN(C)C)o1	04494	0.328	0.067
[R]N1CCCC(C)(C)C1	04495	1.662	-0.685
[R]COc1c(F)c(F)cc(F)c1F	04496	2.375	0.087
[R]C(O)CN1CCOCC1	04497	-0.535	0.035
[R]C(C)CCCN(CC)CC	04498	2.24	-0.128
[R]c1cc(O)ccc1Cl	04499	2.211	0.059
[R]NS(=O)(=O)c1c(C)noc1C	04500	-0.768	-0.107
[R]NC(=O)C(NC(C)=O)C(C)CC	04501	-0.183	-0.342
[R]NC(=O)CC1CCCC1	04502	0.732	-0.299
[R]NC(C)C1CC1	04503	0.793	-0.644
[R]c1ccc(NC(=O)C(C)C)cc1	04504	2.017	-0.05
[R]c1ccc(C#N)cc1C	04505	2.481	0.121
[R]C(=O)CSc1ccc(Cl)cc1	04506	2.904	0.603
[R]CCN(CCC)CCC	04507	2.054	-0.098
[R]c2nc(C1CC1)no2	04508	1.076	0.397
[R]C(=O)c1ncco1	04509	-0.556	0.526
[R]C=C(C#N)C#N	04510	0.583	0.598
[R]c1cccc(O)c1C	04511	2.16	-0.004
[R]c1ncccc1C#N	04512	1.101	0.288
[R]C1CCCCN1C(C)C	04513	1.728	-0.112
[R]c1cccc(F)c1C(=O)OC	04514	1.847	0.144
[R]C(=O)N1CCS(=O)(=O)CC1	04515	-1.226	0.516
[R]C(=O)Nc1nnc(SCC)s1	04516	1.138	0.537
[R]CCn1cccn1	04517	0.43	-0.001
[R]C(=O)OCCCCCC	04518	2.023	0.492
[R]n1cnc2ccc(O)nc12	04519	0.9	0.059
[R]c1cc(Cl)c(Cl)cc1Cl	04520	3.531	0.166
[R]C=c1c(=O)[nH]c(=S)[nH]c1=O	04521	-0.683	0.754
[R]S(=O)(=O)Nc1ccccn1	04522	0.551	0.504
[R]COc1ccc(NC(C)=O)cc1	04523	0.666	0.032
[R]c2cc(N1CCOCC1)ncn2	04524	1.041	0.277
[R]CN1CCCC(C)C1	04525	1.305	-0.106
[R]c1nnnn1C(C)(C)C	04526	1.004	0.475
[R]c1cccc(NC(=O)C(C)C)c1	04527	2.017	-0.065
[R]Oc1cccc(C#N)c1	04528	1.705	0.016
[R]C(CC(N)C(O)=O)C(O)=O	04529	-0.875	0.098
[R]NC(=S)NC(=O)c1cccs1	04530	0.934	-0.145
[R]CCC(=O)c1cccs1	04531	1.314	-0.074
[R]Nc2ccc(N1CCCC1)cc2	04532	2.081	-0.389
[R]C23CC1CC(C)(CC(C)(C1)C2)C3	04533	3.455	-0.152
[R]c1ccc(CCC(O)=O)cc1C	04534	2.472	-0.009
[R]C(=O)Cc1ccncc1	04535	1.072	0.532
[R]C(=O)NC(CC(C)C)C(=O)OC	04536	0.679	0.382
[R]C=Cc1cccc(F)c1	04537	2.649	0.045
[R]OC(=O)c1ccc(O)cc1	04538	1.367	-0.072
[R]c1ccc(CCO)cc1	04539	1.694	-0.016
[R]C(=O)c1ccc(S(C)(=O)=O)cc1	04540	0.659	0.562
[R]COP(O)(=O)OP(O)(O)=O	04541	0.925	0.132
[R]N(C)C(=O)c1cc(Cl)cc(Cl)c1	04542	2.284	-0.245
[R]NC(=O)C(CO)NC(C)=O	04543	-2.236	-0.256
[R]S(=O)(=O)Nc1ccc(Cl)cc1	04544	1.682	0.652
[R]S(=O)(=O)NCCO	04545	-1.104	0.572
[R]c1nccn1Cc2ccccc2	04546	1.753	0.159
[R]CC(=O)c1cccc(OC)c1	04547	1.194	-0.099
[R]C(=O)C(CCCC)CN(O)C=O	04548	2.125	0.454
[R]CC(=O)Nc1ccc(F)cc1F	04549	1.266	-0.023
[R]C1(C)NC(=O)NC1=O	04550	-0.929	0.193
[R]c1ncccc1C(O)=O	04551	0.763	0.109
[R]OCc1ccn(C)n1	04552	0.023	-0.243
[R]NC(=O)CSc1ccccc1	04553	0.936	-0.226
[R]C1=CCCC1	04554	1.338	-0.077
[R]n1cc(C(O)=O)cn1	04555	-0.271	0.28
[R]CC(=O)N(C)C1CCS(=O)(=O)C1	04556	-1.171	-0.057
[R]SCc1ccccn1	04557	0.945	-0.028
[R]Nc1cc(CC)c(C)nc1O	04558	1.628	-0.319
[R]SCC(=O)c1ccc(Cl)cc1	04559	1.913	0.024
[R]c1cccc2scnc12	04560	2.206	-0.035
[R]C(=O)c2ccc1ncsc1c2	04561	1.743	0.505
[R]c1cc(Cl)c(N)c(Cl)c1	04562	2.23	-0.008
[R]CCNS(=O)(=O)c1ccccc1	04563	1.421	0.032
[R]C=CS(C)(=O)=O	04564	-0.083	0.309
[R]C(CCCC)CN(O)C=O	04565	1.81	-0.041
[R]c1[nH]nc2ccccc12	04566	1.47	0.159
[R]C(=O)NC1CCOC1=O	04567	-0.984	0.447
[R]NC(=O)CCC(N)C(O)=O	04568	-1.645	-0.278
[R]c1ncccc1N(=O)=O	04569	1.018	0.342
[R]NC1CC(C)(C)NC(C)(C)C1	04570	0.268	-0.639
[R]CCCCc1cccnc1	04571	2.251	-0.096
[R]c1cc(C)cc(C)n1	04572	1.702	0.117
[R]NC(=O)CN1CCCCC1	04573	-0.323	-0.297
[R]C=C(O)C(=O)OCC	04574	-0.127	0.027
[R]C(=O)NS(=O)(=O)c1cccs1	04575	0.494	0.568
[R]c1c(Cl)ccc2OCOc12	04576	2.18	0.043
[R]C(=O)NCCCN1CCCC1	04577	-0.27	0.367
[R]OS(=O)(=O)c1ccccc1	04578	1.338	0.25
[R]c2cc1[nH]nc(OC)c1cn2	04579	0.604	0.197
[R]S(=O)(=O)N(C)Cc1ccccc1	04580	1.477	0.475
[R]Nc2cc1[nH]nc(OC)c1cn2	04581	0.418	-0.254
[R]Cc1cccc(C(=O)OC)c1	04582	2.104	-0.076
[R]c1nc(N)cc(N)n1	04583	0.05	0.119
[R]CCN(CCCC)CCCC	04584	2.846	-0.098
[R]c2sc1nc(C)cc(C)c1c2N	04585	1.859	-0.109
[R]CC(=O)NC(C)CC	04586	0.53	-0.131
[R]CC1CN=C(N)N=C1N	04587	-0.403	-0.019
[R]C1CN=C(N)N=C1N	04588	-0.799	-0.052
[R]C(CC(O)=O)C#CC	04589	0.953	0.029
[R]c2ccc1[nH]c(=O)oc1c2	04590	0.389	0.1
[R]CC(=O)NCc1ccccn1	04591	-0.079	-0.134
[R]C(=O)COCC	04592	0.604	0.504
[R]CNC(=O)C1CCCCC1	04593	1.112	0.09
[R]c2cc1cc(F)ccc1[nH]2	04594	1.654	0.076
[R]COc1ccc(C(N)=N)cc1	04595	0.822	0.06
[R]c1sccc1Cl	04596	1.967	0.067
[R]Cc1ccn(=O)cc1	04597	-0.011	0.081
[R]OC(=O)N1CCN(C(C)C)CC1	04598	0.517	-0.144
[R]C(=O)N1CCSCC1	04599	-0.28	0.437
[R]c1ncccc1OC	04600	0.812	0.035
[R]NC1CCC(CN(C)C)CC1	04601	0.933	-0.669
[R]C(=O)C=C(O)C(=O)OCC	04602	0.347	0.352
[R]NC(=O)COc1ccccc1Cl	04603	1.11	-0.228
[R]OCCCN	04604	-0.751	-0.253
[R]CCCCl	04605	1.552	-0.046
[R]c1ncnc(N)c1C(N)=O	04606	-0.83	0.303
[R]COc1cc(C)cc(C)c1	04607	2.751	0.021
[R]c1cc(O)nc(O)n1	04608	1.053	0.366
[R]Nc2ccc1ncccc1c2	04609	1.581	-0.323
[R]c2cccc(n1nccn1)c2	04610	1.379	0.057
[R]COc1ccc(CC)cc1	04611	2.68	0.027
[R]CC(C)(F)F	04612	1.131	-0.017
[R]S(=O)(=O)NCC	04613	-0.318	0.578
[R]C(=O)n2sc1ccccc1c2=O	04614	1.332	0.614
[R]c1c(C)cc(C#N)cc1C	04615	2.948	0.087
[R]CN(C)CCc1ccccn1	04616	0.976	-0.112
[R]c1ncccc1O	04617	0.78	0.136
[R]c1nnc(S)s1	04618	1.279	0.469
[R]C(=S)SC	04619	1.101	0.676
[R]C(=O)Nc1ccc(Br)c(C)c1	04620	2.314	0.488
[R]C(=O)CCCN	04621	0.069	0.47
[R]Cc1ccc(Cl)cn1	04622	1.515	-0.074
[R]CC(=O)NC(C(C)C)C(N)=O	04623	-0.608	-0.106
[R]c1cccc(NS(C)(=O)=O)c1C	04624	1.687	0.053
[R]OCCc1ccc(Cl)cc1Cl	04625	3.051	-0.239
[R]C(CC)NC	04626	0.7	-0.036
[R]NCc1ccc(OCC)cc1	04627	1.537	-0.641
[R]c2ccc(c1ccccc1)nc2	04628	2.749	0.06
[R]Nc1cc(C(C)(C)C)nn1C	04629	2.034	-0.359
[R]n1nc(C(N)=O)c2ccccc12	04630	0.494	0.17
[R]CCOCCOCCOC	04631	-0.042	-0.066
[R]NCc1ccc(CC)cc1	04632	2.31	-0.634
[R]C(=O)C1CC1C	04633	1.556	0.442
[R]c1cccc(CS(C)(=O)=O)c1	04634	1.217	0.007
[R]C(=O)c2ccc1ncccc1c2	04635	1.604	0.485
[R]S(=O)(=O)N1CCNCC1	04636	-0.859	0.549
[R]C(=O)NC1CCNCC1	04637	-1.012	0.363
[R]N1C(=O)CSC1=O	04638	-0.235	0.208
[R]N1CCC(C(C)(C)O)CC1	04639	0.501	-0.704
[R]C(=O)OCCN(CC)CC	04640	0.687	0.453
[R]OC(=O)NCCCCCCC	04641	2.11	-0.136
[R]NN=Cc1ccc(N(=O)=O)cc1	04642	1.923	-0.285
[R]Sc1nc(N)cc(N)n1	04643	0.39	-0.103
[R]P(C)(C)=O	04644	-2.34	0.295
[R]ON	04645	-0.305	-0.25
[R]c2nnc(c1ccc(C)cc1)o2	04646	2.594	0.413
[R]OCCCS(C)(=O)=O	04647	-0.629	-0.194
[R]C#Cc1c(C)nc(N)nc1N	04648	0.13	0.054
[R]n1cnc(C)n1	04649	0.011	0.222
[R]CC1CCCCN1	04650	0.863	-0.216
[R]CNc1cc(CC)c(C)nc1O	04651	1.78	0.102
[R]c1ccc(O)c(I)c1	04652	2.95	0.06
[R]C(=O)N1CCCN(C)CC1	04653	-0.527	0.356
[R]c2cc1ccncc1o2	04654	0.38	0.287
[R]c1ncnc(N)c1CC	04655	1.199	0.223
[R]c2nc1cccnc1s2	04656	1.558	0.274
[R]NC(=O)c1cncs1	04657	-0.171	-0.229
[R]CCN1CCC(O)C1	04658	-0.067	-0.063
[R]NC(=O)Cc1cccc(OC)c1	04659	0.681	-0.3
[R]S(=O)(=O)N1CCN(CC)CC1	04660	-0.156	0.546
[R]CC(=O)N1CC(O)C1	04661	-0.998	-0.133
[R]NCc1ccc(C#N)cc1	04662	1.483	-0.547
[R]c1ccc(Cl)c(O)c1	04663	2.211	0.084
[R]C2CCN(C1CCCC1)CC2	04664	1.862	-0.131
[R]Oc2ccc1CCCc1c2	04665	2.495	-0.11
[R]OCc1ccc(CO)cc1	04666	1.228	-0.25
[R]C(=O)NN=Cc1ccccc1	04667	1.672	0.459
[R]c2cnc1[nH]ncc1c2	04668	0.517	0.024
[R]CCC(=O)Nc1cc(C)on1	04669	0.123	-0.012
[R]N(C)Cc1ccc(Cl)cc1	04670	2.326	-0.593
[R]NC(=O)NCCCC	04671	0.271	-0.365
[R]n2cc(c1ccccc1)nn2	04672	1.662	0.336
[R]C(=O)C1CCCCN1C(C)C	04673	2.078	0.466
[R]C(C)(C)CN(C)C	04674	1.34	-0.118
[R]C(=O)C=Cc1ccccc1OC	04675	1.794	0.328
[R]c1cc(C)c(C)cc1C	04676	3.379	-0.068
[R]N1CCC(CCF)CC1	04677	0.937	-0.637
[R]CC(C)(C)c1ccccc1	04678	3.534	-0.11
[R]CC(O)CN1CCOCC1	04679	-0.283	-0.114
[R]N1CCN(S(=O)(=O)CC)CC1	04680	-0.156	-0.558
[R]c1csc(C(C)C)n1	04681	2.024	0.075
[R]C(=O)Cc1ccc(C)cc1	04682	2.851	0.469
[R]c2nc(c1cccnc1)no2	04683	0.931	0.45
[R]NC(=O)C1CCCCN1C(C)C	04684	0.628	-0.297
[R]S(=O)(=O)N(C)C1CCCCC1	04685	1.286	0.541
[R]C1CC(=O)NC(=O)N1	04686	-1.075	0.282
[R]Oc1cccc(NC(=O)C=C)c1	04687	1.395	-0.112
[R]CC12CCC(CC1=O)C2(C)C	04688	2.809	-0.194
[R]Cc2cnc1ccccc1c2	04689	2.463	-0.038
[R]C(=O)N(C)Cc1ccc(F)cc1	04690	1.536	0.391
[R]c1cc(OC)c(OC)cc1Br	04691	2.264	-0.014
[R]C(=O)N1CCC(CCF)CC1	04692	0.524	0.385
[R]C(=O)Nc1cc(Cl)ccc1Cl	04693	2.091	0.505
[R]OCCN1CCCC(C(O)=O)C1	04694	0.162	-0.277
[R]Cc1ncco1	04695	-0.16	0.015
[R]C1CC=CCC1C(O)=O	04696	1.242	-0.069
[R]Cc1c(C)cc(C)cc1C	04697	3.775	-0.142
[R]NC(=O)Cc1ccccc1OC	04698	0.681	-0.345
[R]NC(C)c1ccc(Br)cc1	04699	2.652	-0.579
[R]CC1CCC(CN)CC1	04700	1.476	-0.137
[R]c1ccc(O)cn1	04701	0.78	0.171
[R]Oc2ccc1ccccc1n2	04702	2.457	-0.179
[R]NC(CCCN=C(N)N)C=O	04703	-1.565	-0.644
[R]C3=NCC1(CN2CCC1CC2)O3	04704	0.292	0.31
[R]SCC(=O)c1ccc(OC)cc1	04705	1.142	-0.014
[R]c1ccc3CCc2cccc1c23	04706	3.41	-0.027
[R]SCCN(C)C	04707	0.309	-0.035
[R]C2CC1CCC(N1)C2C(=O)OC	04708	0.284	-0.177
[R]C1CCCCNC1=O	04709	0.175	0.089
[R]CNCC(C)C	04710	1.032	-0.095
[R]C(=O)COc1ccc(F)cc1	04711	2.182	0.6
[R]Nc2ccc1ccccc1n2	04712	2.279	-0.262
[R]NC(=O)CCCC(O)=O	04713	-0.723	-0.273
[R]Oc1ccc(C)nc1	04714	0.527	-0.028
[R]C(=O)C(C)=CC	04715	1.92	0.36
[R]C(=O)C=Cc1ccc(Br)cc1	04716	2.839	0.409
[R]c1ccc(F)cc1O	04717	1.833	0.015
[R]OC(=O)Cc1ccccc1	04718	1.584	-0.085
[R]NC(CO)CC(C)C	04719	0.836	-0.645
[R]C(=O)N1CC(F)(F)C1	04720	0.276	0.461
[R]Nc1ccc(F)cc1Cl	04721	2.149	-0.259
[R]C(CCCN=C(N)N)C=O	04722	-0.901	0.026
[R]NCC(=O)NC(C(C)C)C(N)=O	04723	-1.32	-0.584
[R]NCC(=O)N1CCCC1C(O)=O	04724	-1.097	-0.576
[R]C(C)C(C)(C)O	04725	0.904	-0.142
[R]CCNS(=O)(=O)c1cn(C)cn1	04726	-0.393	0.021
[R]C(=O)Nc1ccccc1C#N	04727	1.091	0.504
[R]CNCCC	04728	0.63	-0.096
[R]CN1CC(O)C1	04729	-0.37	-0.12
[R]CC(O)(P(O)(O)=O)P(O)(O)=O	04730	0.379	0.393
[R]CCC(=O)Nc1ccccc1	04731	1.384	-0.042
[R]C1CCC(C)(C)CC1	04732	2.936	-0.133
[R]NC1CCCC(C)C1C	04733	1.989	-0.658
[R]C2CCc1c(O)cccc1C2	04734	2.779	-0.074
[R]Oc1cc(Cl)cc(C#N)c1	04735	2.223	0.078
[R]c1c(C)[nH]c2ccc(OC)cc12	04736	1.034	-0.188
[R]c1ccc(S(=O)(=O)NC)cc1	04737	1.077	0.17
[R]NN=C(C)c1cccs1	04738	1.074	-0.492
[R]C(=O)C1CC(=O)NC(=O)N1	04739	-0.725	0.684
[R]Nc1c(C)cccc1CC	04740	2.822	-0.489
[R]Nc1cccs1	04741	1.262	-0.33
[R]SCC(=O)Nc1ccccc1F	04742	1.075	0.03
[R]N=C(N)NN(=O)=O	04743	-0.287	-0.177
[R]CC(=O)Nc1ccccn1	04744	0.374	-0.095
[R]NN=c1c(=O)[nH]c2ccccc12	04745	0.418	-0.103
[R]c1cccc2ccc(O)cc12	04746	2.695	0.016
[R]Oc1ccc(S(N)(=O)=O)cc1	04747	0.522	0.07
[R]n1cc(C)cn1	04748	0.498	0.092
[R]NN=CC=Cc1ccccc1	04749	2.502	-0.474
[R]C(=O)C1CC=CCC1C(O)=O	04750	1.484	0.271
[R]COc1cccc(C(F)(F)F)c1	04751	2.7	0.094
[R]C1OC(C(O)=O)C(O)C(O)C1O	04752	-1.452	0.225
[R]c2ccc(c1cccc(Cl)c1)o2	04753	2.892	0.162
[R]c2nnc(c1ccc(F)cc1)o2	04754	2.267	0.454
[R]c1cc(C(C)=O)ccc1OC	04755	1.033	-0.036
[R]C(=O)Cc1ccccn1	04756	1.471	0.453
[R]Cc2ccc1OCCc1c2	04757	2.103	-0.109
[R]OCC1CCCC1	04758	1.49	-0.277
[R]N=C(S)Nc1ccccc1	04759	2.023	-0.114
[R]CS(O)(=O)=O	04760	-0.228	0.236
[R]C1CN(C(CC)C(N)=O)C(=O)C1	04761	-0.847	0.016
[R]NCCNc1ccc(OC)cc1	04762	0.86	-0.55
[R]C(C)(N)COP(O)(O)=O	04763	-0.128	0.086
[R]SC1=NCCS1	04764	1.291	0.018
[R]C(=O)Nc1ccccc1O	04765	0.77	0.458
[R]COc1ccc(C(C)=O)cc1	04766	1.125	0.087
[R]C(=O)N1CCCC1CO	04767	-0.427	0.284
[R]OCC(=O)NCc1ccccc1	04768	0.687	-0.175
[R]CC(=O)Nc1nc(C)cs1	04769	0.089	0.003
[R]c2ccc1[nH]c(=O)[nH]c1c2	04770	0.212	0.041
[R]CCc1cccc(O)c1	04771	2.486	-0.082
[R]OC1CCN(C)C1	04772	-0.089	-0.234
[R]C(=O)CNC(=O)CN	04773	-1.441	0.581
[R]C1CCN(S(=O)(=O)CC)CC1	04774	0.684	-0.028
[R]C(O)P(O)(=O)CCC(N)C(O)=O	04775	-1.411	0.241
[R]C(=O)N1CC(OC)C1	04776	-0.652	0.366
[R]c1c[nH]c2c(=O)[nH]cnc12	04777	-1.121	-0.185
[R]Sc1cccc(Cl)c1	04778	2.53	-0.014
[R]C(=O)c1cc(Cl)ccc1OC	04779	1.78	0.393
[R]Nc1ccc(SC)cc1	04780	1.582	-0.37
[R]Cc1cc(O)ccc1O	04781	1.805	-0.049
[R]CSc1nccn1C	04782	0.557	0.06
[R]C(=O)c1cc(Cl)ccc1O	04783	1.748	0.447
[R]Nc1c(Cl)ccc2OCOc12	04784	1.694	-0.405
[R]CC(=O)Nc1sccc1C(N)=O	04785	-0.408	-0.035
[R]C(CC(N)=O)C(O)=O	04786	-1.215	0.026
[R]c1nnc(S)n1c2ccccc2	04787	2.373	0.344
[R]CN1C(=O)CCC1=O	04788	-0.805	0.078
[R]C(=O)N(C)OC	04789	-0.109	0.347
[R]C1(CC(O)=O)CC1	04790	0.58	-0.115
[R]c1cc(Cl)c(=O)n(C)c1	04791	0.772	0.059
[R]n1ccc(C(F)(F)F)n1	04792	1.312	0.296
[R]C(=O)C(=O)NCc1ccccc1	04793	1.624	0.619
[R]NC(=O)C1CC(=O)NC(=O)N1	04794	-2.175	-0.16
[R]NN=Cc1ccc(O)cc1O	04795	1.401	-0.485
[R]NC1CCCCNC1=O	04796	-0.489	-0.617
[R]c2ccc(S(=O)(=O)C1CC1)cc2	04797	1.519	0.155
[R]C(=O)NC(CC)CC	04798	1.066	0.363
[R]c1ccc(C=C)cc1	04799	2.626	-0.025
[R]C(CN(C)C)c1ccccc1	04800	2.052	-0.08
[R]C(=N)NCCCc1c[nH]cn1	04801	-0.854	0.195
[R]CCOCC#C	04802	0.562	-0.031
[R]C(=O)Nc1cccs1	04803	0.826	0.508
[R]NCCOc1ccccc1OC	04804	1.034	-0.634
[R]NOCCO	04805	-0.502	-0.639
[R]Oc1cc(OC)ccc1C	04806	1.883	-0.106
[R]n1cnc2c(O)nc(N)nc12	04807	-0.024	0.072
[R]C(=O)NN=Cc1ccccn1	04808	0.759	0.461
[R]N1C(=O)CN(C)C1=O	04809	-0.982	0.043
[R]c1cncc2sc(C(N)=O)cc12	04810	0.372	0.155
[R]N1CCC(CCO)CC1	04811	0.333	-0.656
[R]c2ccc(c1ccccc1)nn2	04812	2.696	0.269
[R]SCC(=O)Nc1ccc(F)cc1	04813	1.075	0.043
[R]C(=O)OCCc1ccccc1	04814	2.051	0.502
[R]CC=CI	04815	2.426	-0.016
[R]c1ncnc(N)c1C=NOC	04816	0.701	0.341
[R]N1CC(C)N(CC=C)CC1C	04817	1.4	-0.686
[R]Cc1cc(C(C)=O)ccc1OC	04818	1.43	-0.122
[R]c2nnc(C1CC1)s2	04819	1.535	0.344
[R]CC(N)Cc1cc(F)ccc1F	04820	2.04	-0.006
[R]C1CC1c2ccc(C)cn2	04821	1.853	-0.099
[R]CCc1ccccc1C(C)(C)O	04822	2.726	-0.129
[R]c2ccc1nc(C)[nH]c(=O)c1c2	04823	0.855	0
[R]C(=O)NCCc1ccccc1Cl	04824	1.919	0.366
[R]NCc1ccc(N(=O)=O)cc1	04825	1.401	-0.478
[R]c1ncnc2ccsc12	04826	1.293	0.337
[R]Sc1ccccc1C(O)=O	04827	1.71	0.034
[R]OC1CNC1	04828	-0.502	-0.224
[R]C(=O)c1ccc(F)c(Cl)c1	04829	2.172	0.557
[R]c2ccc(C1=NCCN1)cc2	04830	1.298	0.048
[R]P(O)(=O)CC(O)CC(O)=O	04831	-1.101	0.377
[R]OCCOCCOCCOC	04832	-0.507	-0.299
[R]C1CCC=CC1	04833	1.912	-0.112
[R]c2ccc(c1csnn1)cc2	04834	2.23	0.056
[R]C(=O)NOCCO	04835	-0.799	0.432
[R]C(=O)N1CCC(F)(F)C1	04836	0.518	0.45
[R]CC1(CC(O)=O)CC1	04837	0.976	-0.072
[R]C(=O)NC1CCc2ccccc12	04838	1.598	0.377
[R]C1CCC(C(C)C)CC1	04839	3.229	-0.145
[R]CNC(N)=N	04840	-0.863	0.049
[R]c1ccc(CP(O)(O)=O)cc1	04841	1.62	-0.028
[R]c2cc1CCCCc1s2	04842	2.607	-0.014
[R]C(=S)N1CCCCC1	04843	1.076	0.624
[R]c2ccc1CCN(C)Cc1c2	04844	1.846	-0.05
[R]C1=NCCC1	04845	1.099	0.211
[R]CN1CCN(CCO)CC1	04846	-0.462	-0.126
[R]C(O)C1CCCCC1	04847	1.727	-0.025
[R]c1cnc(N)c(Cl)c1	04848	1.099	-0.019
[R]c1ccccc1OCCC	04849	2.536	-0.156
[R]c1ccc(OC)c(OCC)c1	04850	1.815	-0.055
[R]c1ncc(C)cc1C	04851	1.999	0.116
[R]c2cc1cccc(C)c1nc2O	04852	2.948	0.029
[R]C(C)c1ccccc1Cl	04853	3.222	-0.063
[R]c2cc1ccccn1n2	04854	1.31	0.106
[R]OCCC1CCCCC1	04855	2.21	-0.277
[R]C(=O)c2ccc1cc[nH]c1c2	04856	0.823	0.412
[R]CC(N)C(=O)N1CCCC1C#N	04857	-0.573	0.054
[R]c1c(Cl)cnn1C	04858	0.834	0.247
[R]Cc1cccc(C(O)=O)n1	04859	1.095	-0.071
[R]Nc1ccc(SC(F)F)cc1	04860	2.436	-0.332
[R]Oc1c(C)cc(C#N)cc1C	04861	2.639	-0.114
[R]CNCCOC	04862	-0.346	-0.117
[R]Nc1nc[nH]n1	04863	-0.311	-0.438
[R]NC(=O)c1ccc(F)cc1F	04864	1.281	-0.25
[R]C(=O)CSc1nc[nH]n1	04865	0.583	0.548
[R]CCC(O)CO	04866	0.033	-0.08
[R]NC(=O)CCN1CCCCC1	04867	-0.142	-0.288
[R]c1ccc(C(O)=O)c(F)c1	04868	1.815	0.201
[R]CCCC(N)=O	04869	-0.148	-0.117
[R]c1cc(C)ns1	04870	1.168	0.195
[R]Nc1ccc(C(O)=O)nc1	04871	0.277	-0.167
[R]CNS(=O)(=O)C(C)C	04872	0.243	0.078
[R]CCCCc1ccncc1	04873	2.251	-0.093
[R]Nc1cccc(C(C)(C)C)c1	04874	3.119	-0.406
[R]Cn1c(C)nc2cnccc12	04875	0.158	0.154
[R]c1ccc(S(N)(=O)=O)cc1F	04876	0.97	0.212
[R]C#CCCCC	04877	2.252	0.041
[R]c1ccnc2NC(=O)CCc12	04878	0.408	0.209
[R]C(C)C(=O)N1CCOCC1	04879	-0.228	-0.019
[R]SCCN1CCOCC1	04880	-0.033	-0.011
[R]c1cc(F)cc(OC)c1	04881	1.864	0.097
[R]Oc2ccnc1NC(=O)CCc12	04882	0.099	0.065
[R]c2c(O)oc1ccccc1c2=O	04883	1.132	-0.133
[R]NCC1CCC(C(O)=O)CC1	04884	0.899	-0.648
[R]C1NCCc2ccccc12	04885	1.647	-0.068
[R]c1ccc(C)cc1C(O)=O	04886	2.143	-0.087
[R]N1CC(O)C(O)C1	04887	-0.891	-0.629
[R]NC(=O)CC(O)=O	04888	-1.052	-0.253
[R]C(=O)N(C)C1CCCC1	04889	0.808	0.348
[R]CCC(C)=O	04890	0.867	-0.069
[R]c1ncc(C(O)=O)s1	04891	0.701	0.424
[R]NC(=O)N1CCCC1	04892	-0.364	-0.378
[R]NS(=O)(=O)c1ccc(Br)s1	04893	1.981	-0.112
[R]NC(=O)C1=COCCO1	04894	-1.628	-0.259
[R]c2ccc1nonc1c2	04895	1.603	0.17
[R]c1nc(C)nc2[nH]cnc12	04896	0.199	0.197
[R]C1=C(C(O)=O)CCCC1	04897	1.119	0.084
[R]c2ccc1N(C)C(=O)CCc1c2	04898	1.268	-0.016
[R]C(=O)c2cc1ccncc1o2	04899	-0.083	0.502
[R]C(=O)Nc1ccc(C(O)=O)nc1	04900	-0.16	0.56
[R]C1CCCN(CC)C1	04901	1.088	-0.093
[R]NC(=O)c1ccc(Br)s1	04902	1.662	-0.229
[R]C(=S)Nc1ccc(C)cc1	04903	2.256	0.682
[R]CN1CC(C)NC(C)C1	04904	0.446	-0.099
[R]Cc1cccc(C(C)(C)C)c1	04905	4.001	-0.12
[R]NCC1CCC(N)CC1	04906	0.164	-0.682
[R]OCCCCCCC(=O)NO	04907	0.772	-0.269
[R]C(C)(C)CC(O)=O	04908	1.084	-0.055
[R]OCc1cncs1	04909	0.342	-0.185
[R]NC(=O)c2cc1ccncc1o2	04910	-0.596	-0.171
[R]C(=O)NC1CCN(C(C)C)CC1	04911	0.105	0.36
[R]C(=O)OCc1cc(Cl)cc(Cl)c1	04912	2.836	0.549
[R]OC(=O)C1CCCC1	04913	1.218	-0.088
[R]N=C(N)c1cccs1	04914	0.644	-0.198
[R]N(C)CCCN(C)C	04915	0.063	-0.655
[R]C1NC(=O)NC1=O	04916	-1.132	0.209
[R]Cc1ccc(C(F)(F)F)c(F)c1	04917	3.396	0.029
[R]C(=O)OCc1ccccn1	04918	0.638	0.553
[R]NCc1cccc(OC)c1OC	04919	0.942	-0.636
[R]C(=O)N2CC1CCCN1CC2C	04920	0.23	0.355
[R]NC1=NS(=O)(=O)c2ccccc12	04921	1.266	-0.126
[R]CNC(=O)c1ccc(Cl)c(Cl)c1	04922	2.186	0.154
[R]Nc1ccc(OS(N)(=O)=O)cc1	04923	0.616	-0.226
[R]c1ccnc2ccc(OC)cc12	04924	1.814	0.108
[R]c1nc(C(C)(C)C)cs1	04925	2.629	0.152
[R]SCC(=O)Nc1cccc(C)c1	04926	1.403	0.019
[R]c2nc(c1cccc(Cl)c1)no2	04927	2.76	0.451
[R]C1CC1F	04928	0.601	-0.057
[R]C(=O)N(C)CCOC	04929	-0.545	0.331
[R]SCC(=O)Nc1ccccc1C	04930	1.403	0.021
[R]CNS(N)(=O)=O	04931	-0.805	0.109
[R]S(=O)(=O)Nc1ccc(C)cc1	04932	1.631	0.589
[R]N2CC1CCCN1CC2C	04933	0.642	-0.688
[R]NCc1cc(OC)ccc1OC	04934	0.942	-0.701
[R]NC(=O)CC(F)(F)F	04935	0.132	-0.177
[R]c1ccccc1OCC(O)=O	04936	1.266	-0.128
[R]c2cccc(c1nn[nH]n1)c2	04937	1.724	0.005
[R]CC(=O)c1c[nH]c2ccccc12	04938	0.755	-0.156
[R]CC(=O)NCCCOC	04939	-0.807	-0.118
[R]Nc1ncc(Cl)cc1Cl	04940	1.914	-0.31
[R]N2CCN(C1COC1)CC2	04941	-0.439	-0.631
[R]NC(=O)c1nsc2ccccc12	04942	1.422	-0.253
[R]c1cccc(COC)c1	04943	1.72	-0.035
[R]Nc1ccccc1C(C)C	04944	2.685	-0.41
[R]NC(C)c1ccc(OC)cc1	04945	1.607	-0.633
[R]c1ccc(C(O)=O)cc1F	04946	1.815	0.149
[R]c1cncc(C(O)=O)c1	04947	0.364	0.14
[R]Cc2ccc1[nH]ncc1c2	04948	1.467	-0.11
[R]c2ncc(c1ccccc1)o2	04949	1.821	0.309
[R]C=CC(O)CCCCC	04950	2.361	-0.016
[R]C(=O)C(=O)C(C)(C)CC	04951	3.265	0.633
[R]c1cc(C(F)(F)F)nn1C	04952	1.597	0.288
[R]C(C(=O)N(C)C)c1ccccc1	04953	1.332	-0.104
[R]C(O)CN	04954	-0.962	0.013
[R]NCC1CCC(CN)CC1	04955	0.477	-0.656
[R]SCc1ccco1	04956	0.342	0.008
[R]C(=O)c1ccc(N(=O)=O)s1	04957	1.638	0.625
[R]SC(C)(C)C(O)=O	04958	0.612	0.022
[R]CCC(=O)NC	04959	-0.298	-0.072
[R]c1cc[nH]c1	04960	0.054	-0.223
[R]c1c(N)n[nH]c1C	04961	-0.244	-0.186
[R]C(=O)Nc1c(C)cccc1CC	04962	2.386	0.418
[R]OCC1CC1c2ccc(C)cn2	04963	1.567	-0.278
[R]NC(=N)NCCCc1c[nH]cn1	04964	-1.164	-0.525
[R]Cn1cnc2cccnc12	04965	0.634	0.079
[R]Nc1ccc(Cl)c(F)c1	04966	2.149	-0.239
[R]Cc1ccc(C(O)=O)o1	04967	0.321	0.064
[R]NS(=O)(=O)CC1CC1	04968	0.049	-0.134
[R]c2cc(c1ccc(Cl)cc1)on2	04969	2.848	0.192
[R]Cc1ccc(Cl)c(C(F)(F)F)c1	04970	3.775	0.005
[R]C(=O)Nc1ccc(C)cc1Cl	04971	2.04	0.456
[R]S(=O)(=O)NCCc1ccccc1	04972	1.368	0.576
[R]CCOc1cccc(C)c1	04973	2.536	0.005
[R]Nc1ccc(CN(C)C)cc1	04974	1.378	-0.398
[R]Oc1ccc(C(N)=O)cn1	04975	-0.111	-0.091
[R]C(C)C(=O)NCC	04976	0.211	-0.131
[R]Cc1c(C)cccc1F	04977	2.98	-0.122
[R]CNC(=O)C(C)C	04978	0.427	0.092
[R]c1nnc(C)[nH]1	04979	0.037	0.303
[R]C#Cc1cccc(C)n1	04980	1.538	0.127
[R]COc1ccccc1N(=O)=O	04981	1.771	0.086
[R]CNc1ccc(C)cc1	04982	2.111	0.076
[R]C2CN(C)c1ccccc1O2	04983	1.974	0.102
[R]c1ccc(N(=O)=O)cc1OC	04984	1.678	0.154
[R]CC1CC1c2ccc(C)cn2	04985	2.25	-0.112
[R]C=Cc1ccc(OC)cc1OC	04986	2.004	-0.134
[R]CCC(=O)NCc1ccccc1	04987	1.478	-0.076
[R]CCCCCC(C)=O	04988	2.056	-0.122
[R]C(=O)N2CC1CNCC1C2	04989	-1.128	0.364
[R]c1ncnn1C(C)C	04990	1.185	0.331
[R]NCc1ccc(C(=O)NO)cc1	04991	0.767	-0.557
[R]Nc1ccc(S(N)(=O)=O)cc1Cl	04992	0.862	-0.137
[R]NC(=O)c1ccc(OC)cn1	04993	-0.164	-0.305
[R]C(=O)N1C2CCC1CC2	04994	0.412	0.329
[R]c1cnccc1OC	04995	0.413	-0.055
[R]C(=O)c1c(C)[nH]c2ccccc12	04996	0.823	0.331
[R]CC1CNCCO1	04997	-0.202	-0.117
[R]SCc1ccc(C(=O)OC)o1	04998	0.301	0.064
[R]CSCCC(N)C(O)=O	04999	-0.523	0.062
[R]C(=O)CCOc1ccccc1	05000	2.224	0.54
[R]C(=Cc1ccc(O)c(O)c1)C#N	05001	1.663	0.22
[R]c1ccc(OCC(F)(F)F)nc1	05002	2.086	0.076
[R]C(=O)Cc1ccccc1Cl	05003	2.902	0.475
[R]c1ccccc1COC	05004	1.72	-0.003
[R]NC(=O)NC1CC1	05005	-0.54	-0.342
[R]CN(C)CC#C	05006	0.454	-0.069
[R]c1ccc(C)c(OC)c1	05007	2.192	-0.011
[R]C(N)C1CCCCC1	05008	1.38	-0.09
[R]C(=O)COc1ccc(C)c(C)c1	05009	2.977	0.562
[R]c1cc(OC)ncn1	05010	0.866	0.28
[R]C1CCC(C(N)=O)CC1	05011	0.637	-0.164
[R]Cc1cc(C(C)C)no1	05012	1.54	0.043
[R]N2C(C#N)CC1CC12	05013	0.42	-0.452
[R]c1c(Br)cnn1C	05014	1.107	0.272
[R]c2nc(c1ccc(Br)cc1)cs2	05015	3.478	0.222
[R]c1c(F)ccc(F)c1Cl	05016	2.774	0.173
[R]c2nc1ccccc1nc2C	05017	1.724	0.238
[R]c1ccc(CCC(O)=O)c(F)c1	05018	2.144	0.087
[R]Cc1cccc(NC(=O)C=C)c1	05019	2.1	-0.112
[R]S(=O)(=O)NC1CC1	05020	-0.265	0.583
[R]OCc1cccc2ccccc12	05021	2.766	-0.223
[R]N(CCCl)CCCl	05022	1.439	-0.41
[R]NC(=O)C=Cc1ccccc1Cl	05023	2.052	-0.307
[R]C(=O)NC1CCCC(C)C1C	05024	1.692	0.353
[R]c1c[nH]nc1C	05025	0.011	-0.202
[R]C(C)c1cccc(Cl)c1	05026	3.222	-0.046
[R]Cc1ccc(CN(C)C)o1	05027	0.261	-0.049
[R]c2nc(c1ccc(F)cc1)no2	05028	2.382	0.447
[R]NS(=O)(=O)NC	05029	-0.706	-0.163
[R]C(=O)c1c(C)nc2ccccn12	05030	0.508	0.45
[R]OC(=O)C1CCCCC1	05031	1.614	-0.093
[R]NCCNC	05032	-0.712	-0.622
[R]c1ccc(C#N)cc1OC	05033	1.761	0.007
[R]C(O)C(=O)NO	05034	-0.884	0.234
[R]c2cn(C1(C#N)CC1)nn2	05035	0.294	0.136
[R]C(=O)c1ccc(OC)cn1	05036	0.349	0.36
[R]N=Nc1c(O)[nH]c2ccccc12	05037	1.973	0.068
[R]c2ccnc(n1ccnc1)n2	05038	0.07	0.429
[R]c1ccc(Cl)cc1C(F)(F)F	05039	3.378	0.174
[R]c2cccc(n1cnnn1)c2	05040	1.166	0.146
[R]NC(=O)c1c[nH]c2ccccc12	05041	0.31	-0.349
[R]CC2Cc1ccccc1CN2	05042	1.899	-0.198
[R]NC(=O)c1ccc(C)s1	05043	0.643	-0.288
[R]n2c(C)nc1ccccc1c2=O	05044	1.046	0.203
[R]C(=O)c2cc1CCCCc1s2	05045	2.144	0.401
[R]C(=O)N2C(C#N)CC1CC12	05046	0.007	0.481
[R]Oc1cccc(O)c1	05047	1.384	-0.065
[R]S(=O)(=O)Nc1ccccc1Cl	05048	1.682	0.636
[R]NN=C(C)c1ccccn1	05049	0.69	-0.465
[R]NC1CC2CCC1(C)C2(C)C	05050	2.358	-0.656
[R]c1cc(C)n(C)c1C	05051	0.302	-0.27
[R]c2sc1nnc(C)c(C)c1c2N	05052	1.407	0.01
[R]CCNCC(O)c1ccccc1	05053	1.474	-0.071
[R]c2csc(N1CCOCC1)n2	05054	1.229	0.087
[R]Cc1ccc(NS(C)(=O)=O)cc1	05055	1.617	-0.066
[R]CCCCC(F)(F)F	05056	2.607	-0.058
[R]Cc2cn1ccccc1n2	05057	0.903	-0.158
[R]C(C)(C)S(C)(=O)=O	05058	0.024	0.244
[R]Sc1nnc2ccccn12	05059	1.54	0.013
[R]c1cnn2ccc(C#N)cc12	05060	0.947	-0.079
[R]CC2CN(C)c1ccccc1O2	05061	2.226	-0.08
[R]N1CC(C)(O)C1	05062	-0.44	-0.66
[R]OCc1ccc(C(=O)OC)cc1	05063	1.494	-0.199
[R]Nc1ccc(N)cc1	05064	0.708	-0.485
[R]CCC(=O)Nc1nccs1	05065	0.315	-0.03
[R]C(O)CC(=O)OC	05066	-0.417	0.083
[R]NC(=O)CN1CCCC1	05067	-0.719	-0.283
[R]CC(=O)Nc1cccc(Cl)c1C	05068	1.973	-0.044
[R]N1CCN(C)C(=O)C1	05069	-0.976	-0.481
[R]C=Cc1cc(F)c(F)c(F)c1	05070	2.928	0.16
[R]SC(C)CC	05071	1.555	-0.061
[R]C(=O)C(CC)NC	05072	1.05	0.437
[R]c2ccc1cccnc1n2	05073	1.62	0.279
[R]C(=O)NC(CC(O)=O)C(=O)CF	05074	-0.572	0.386
[R]C(C#N)c1cccnc1C	05075	0.9	0.154
[R]c1ccc(Cl)c(N)c1	05076	1.712	0.035
[R]SCc1c(C)noc1C	05077	0.318	0.015
[R]CC(O)C(C)(C)C	05078	1.799	-0.148
[R]C(=O)Nc2nnc(C1CC1)s2	05079	0.918	0.537
[R]C(=O)c1cc(F)cc(F)c1	05080	1.793	0.57
[R]c1cc(=O)n(C)c2ccccc12	05081	1.485	0.255
[R]NCCc1cccnc1	05082	0.387	-0.596
[R]C(=O)Nc1ccc(C(O)=O)cn1	05083	0.14	0.497
[R]c1c(C)[nH]c(C(=O)OCC)c1C	05084	0.824	-0.156
[R]c2nc1cc(N(=O)=O)ccc1[nH]2	05085	1.314	0.499
[R]c1nc(C)oc1C	05086	0.078	0.051
[R]c2n[nH]c(c1ccccn1)n2	05087	1.152	0.133
[R]CCNC(=O)c1ccc(F)cc1	05088	1.541	0.003
[R]Nc1ccncc1F	05089	0.319	-0.204
[R]NNC(=O)c1ccncc1	05090	-0.217	-0.392
[R]C(=O)NCC1CCNCC1	05091	-0.588	0.363
[R]NN=Cc1ccc(F)cc1	05092	2.109	-0.441
[R]Nc2ccc(c1cn[nH]c1)cc2	05093	1.038	-0.392
[R]C(=O)c1cccc(N(=O)=O)c1C	05094	1.935	0.619
[R]Oc1ccc(OC)c(OC)c1	05095	1.163	-0.084
[R]c1ccc(OCCO)cc1	05096	1.282	-0.087
[R]CC1CCN(C(N)=N)CC1	05097	0.273	-0.104
[R]COc2ccc1OCOc1c2	05098	1.501	0.062
[R]C(=O)NCCN1CCN(C)CC1	05099	-0.846	0.372
[R]CCCCCC(=O)CC	05100	2.685	-0.123
[R]C1CCOC(C)(C)C1	05101	1.02	-0.099
[R]c1c(F)ccc(F)c1F	05102	2.396	0.176
[R]CC1(F)CCOCC1	05103	0.181	-0.035
[R]Sc1nc(C)cc(O)n1	05104	1.144	-0.028
[R]CC(=O)Nc1cccnc1	05105	-0.325	-0.036
[R]NC(CC(O)=O)C(=O)CF	05106	-0.275	-0.539
[R]NC(=O)CS	05107	-0.88	-0.242
[R]C(=O)Nc1ccc(Br)cn1	05108	1.233	0.477
[R]c1nc(CC(O)=O)cs1	05109	0.633	0.159
[R]c1cccc(OCCCC)c1	05110	2.932	-0.014
[R]CNCCc1cccs1	05111	0.999	-0.076
[R]C(=O)c1cccc(C(F)(F)F)n1	05112	1.884	0.461
[R]C(CC(O)=O)C(=O)CF	05113	0.245	0.064
[R]c1cnc(N(C)C)nc1OC	05114	1.235	-0.191
[R]CCC(=O)Nc1ccccn1	05115	0.77	-0.054
[R]C1(C#N)CCCCC1	05116	2.174	0.06
[R]NNC(=O)c1ccco1	05117	-0.421	-0.427
[R]NC(=S)NC(=O)c1ccco1	05118	-0.054	-0.134
[R]COc1ccc(Cl)c(C)c1	05119	2.802	0.065
[R]Nc2nnc(C1CC1)s2	05120	1.354	-0.273
[R]C(CC)C1CC1	05121	2.106	-0.136
[R]C(=O)NCCC(C)(C)C	05122	1.344	0.355
[R]N1CCCCC1CO	05123	0.381	-0.794
[R]CC(CCCC)C(O)=O	05124	2.072	-0.069
[R]C(C)c2ccc1OCCc1c2	05125	2.433	-0.107
[R]C(O)CC(=O)NCCCC	05126	0.141	0.032
[R]N2CCN(C(=O)C1CC1)CC2	05127	-0.177	-0.601
[R]c1nnc(S)o1	05128	0.797	0.513
[R]c2cc1cc[nH]c1cc2F	05129	1.425	-0.095
[R]NC(C1CC1)C2CC2	05130	1.161	-0.639
[R]c2nnc(c1ccccc1)s2	05131	2.701	0.369
[R]C(=O)CSc1ccccn1	05132	1.772	0.532
[R]C1(C)CCCC1	05133	2.209	-0.153
[R]Nc1cccc(C(C)C)c1	05134	2.685	-0.402
[R]C(=O)NC(CC(N)=O)C(O)=O	05135	-2.032	0.337
[R]OCC(C)CCC	05136	1.994	-0.277
[R]Cc2cccc(n1nccn1)c2	05137	1.775	-0.065
[R]NC(C)c1ccccn1	05138	0.823	-0.658
[R]C(NC(=O)C(C)N)C(C)C	05139	0.156	0.078
[R]C(=O)c1ccccc1SC	05140	1.605	0.399
[R]c1cc(F)cc(F)c1F	05141	2.396	0.195
[R]Sc2nc(O)c1ccccc1n2	05142	2.375	-0.035
[R]N1CC2CC1CN2	05143	-0.513	-0.653
[R]C(C)C(O)c1ccccc1	05144	2.259	-0.125
[R]C1OCCO1	05145	0.031	0.048
[R]C(=O)NN1CCOCC1	05146	-0.654	0.409
[R]COc1ccc(C#N)cc1	05147	1.853	0.108
[R]c2nnc(c1ccncc1)s2	05148	1.389	0.435
[R]c1c(C)n(C)nc1CC(C)C	05149	1.613	-0.198
[R]C1(OC)CCOCC1	05150	-0.396	-0.014
[R]C(F)c1ccc(C(F)(F)F)cc1	05151	3.091	0.162
[R]OCc2nc1ccccc1s2	05152	2.19	-0.177
[R]Oc1cccn2c(Br)c(C)nc12	05153	1.332	0.041
[R]CCCC(N)C(O)=O	05154	0.191	-0.038
[R]S(=O)(=O)NC(=O)OCCC(C)C	05155	0.921	0.597
[R]Nc2ccc1oc(C)cc1c2	05156	0.978	-0.394
[R]Oc1cccc(F)c1F	05157	1.948	0.045
[R]OC(C)C1=NCCN1	05158	-0.312	-0.196
[R]NC(C)C(=O)OC	05159	-0.219	-0.52
[R]c1csc2CCCCc12	05160	2.208	-0.06
[R]N(C)C1CC1	05161	0.428	-0.633
[R]NC(=O)CCC1CCCCC1	05162	1.525	-0.302
[R]C1=NCCO1	05163	0.263	0.312
[R]NC(CC(N)=O)C(O)=O	05164	-1.735	-0.614
[R]C(C)c1ccccc1C(F)(F)F	05165	3.587	-0.009
[R]NC1CC2CCCC(C1)N2C	05166	0.51	-0.629
[R]c2ccc1cccc(O)c1n2	05167	2.182	0.193
[R]C=Cc1cccc(C(O)=O)c1	05168	2.208	0.034
[R]N1CCC(C(O)=O)C1	05169	-0.168	-0.579
[R]NN=Cc1ccc(N(=O)=O)o1	05170	0.814	-0.128
[R]CC1(C(O)=O)CCCC1	05171	1.836	-0.158
[R]N(CCO)Cc1ccccc1	05172	1.365	-0.694
[R]c2ccc(c1ccoc1)cc2	05173	1.916	-0.028
[R]c1ccc(C)nc1C	05174	1.007	0
[R]NCc1cccc(C(C)(C)C)c1	05175	3.074	-0.636
[R]CCCc1ccc(OC)cc1	05176	2.914	-0.118
[R]NN=Cc1ccc(Cl)cc1	05177	2.487	-0.433
[R]c1cc(OC)cc2cccnc12	05178	1.814	-0.014
[R]c1ccc(C#C)cc1	05179	2.159	0.016
[R]C1CCOc2ccccc12	05180	1.966	-0.063
[R]c1cccn2c(Br)c(C)nc12	05181	1.641	0.027
[R]SCc1ccc(C#N)cc1	05182	2.143	0.038
[R]C1CC(O)C(COP(O)(O)=O)O1	05183	-0.008	0.038
[R]NC(=O)C(CC)NC	05184	-0.4	-0.324
[R]NCCCCc1cccnc1	05185	1.179	-0.617
[R]c1ccccc1N(C)C	05186	2.242	-0.148
[R]C(=O)Cc1cccc(Cl)c1	05187	2.902	0.513
[R]C1NC(CO)C(O)C1O	05188	-1.406	-0.158
[R]Nc1ccc(Cl)nc1	05189	1.068	-0.235
[R]Cc1cccc(CN)c1	05190	1.491	-0.107
[R]C(=O)CC(C)c1ccccc1	05191	3.111	0.473
[R]C1CCN(C(=O)CC)C1	05192	0.281	-0.003
[R]OCc1ccsc1	05193	0.836	-0.25
[R]NC(=O)c1ccc(Cl)nc1	05194	0.578	-0.199
[R]NCc1cc(C(C)C)no1	05195	0.828	-0.517
[R]c1cc(O)ccc1C	05196	2.16	0.011
[R]C(=O)C1CC1C(O)=O	05197	0.555	0.374
[R]c1cc(Br)c(O)c(OC)c1	05198	2.232	0.116
[R]c2c(O)c1ccccc1oc2=O	05199	1.132	0.143
[R]C=NNC(=O)c1cccnc1	05200	-0.029	0.144
[R]NC(=O)C1CC=CCC1C(O)=O	05201	0.034	-0.351
[R]C(C)CCCC(C)(C)O	05202	2.02	-0.128
[R]c1cccc2ccc(OC)cc12	05203	2.727	-0.038
[R]NCc1cc(OC)cc(OC)c1	05204	0.942	-0.628
[R]S(=O)(=O)c2ccc1OCOc1c2	05205	0.751	0.614
[R]OC1CC(C)CCC1C(C)C	05206	3.032	-0.302
[R]NS(=O)(=O)c1cc(Cl)ccc1Cl	05207	2.057	-0.123
[R]C(=O)Nc1ccc(I)cc1	05208	2.312	0.499
[R]c2cccc(n1ccnc1)c2	05209	0.972	0.113
[R]C(C)OC(C)=O	05210	0.3	0.056
[R]C(=O)NC1CCCCNC1=O	05211	-0.786	0.342
[R]c2nn1c(=O)cc(C)nc1s2	05212	0.983	0.459
[R]NC1CCCC1O	05213	0.09	-0.677
[R]c1ccc(Cl)o1	05214	1.059	0.193
[R]NCCc1ccc(Cl)c(Cl)c1	05215	2.735	-0.577
[R]c2nc(c1cccs1)cs2	05216	2.158	0.197
[R]Nc2ccc1CCN(C)Cc1c2	05217	1.36	-0.408
[R]C1=C(C(O)=O)CCC1	05218	0.723	0.09
[R]C(=O)CCCCCCCC	05219	3.545	0.458
[R]Cc1cccc(C(F)(F)F)c1C	05220	3.724	-0.046
[R]c1ccc(C(=O)OC(C)C)cc1	05221	2.463	0.106
[R]C(=O)C(F)F	05222	0.825	0.644
[R]C1CCC(NS(C)(=O)=O)CC1	05223	0.844	-0.079
[R]Oc2cc1cc[nH]c1cc2F	05224	1.117	-0.099
[R]NCCc1cccc(F)c1	05225	1.838	-0.599
[R]CN1C(=O)NC(C)(C)C1=O	05226	-0.34	0.078
[R]CCS(=O)(=O)c1ccc(C)cc1	05227	1.933	0.021
[R]SCC1(CC(O)=O)CC1	05228	0.709	-0.054
[R]NC(CC(C)C)C(=O)NO	05229	0.566	-0.573
[R]NC(C)C(F)(F)F	05230	1.058	-0.429
[R]c1cc(OC)c(Br)cc1OC	05231	2.264	-0.049
[R]C(=O)CSc1nncn1C	05232	0.807	0.567
[R]c1ncc(N(=O)=O)s1	05233	1.255	0.589
[R]CCCOc1ccc(F)cc1	05234	2.604	-0.036
[R]C(=O)Cc1ccccc1F	05235	2.523	0.481
[R]Sc1nc(C)cc(C)c1C#N	05236	2.072	0.002
[R]C(C)c1ccc(C)cc1	05237	3.171	-0.112
[R]CN1CCCCC1=O	05238	0.022	-0.104
[R]SCc1ccc(CN(C)C)o1	05239	0.209	-0.008
[R]c2nc1scc(C)c1c(=O)o2	05240	1.267	0.595
[R]C(=O)N(C)C(C)C	05241	0.375	0.352
[R]CNS(=O)(=O)c1ccc(Cl)cc1	05242	1.687	0.113
[R]Sc1ccc(Cl)c(Cl)c1	05243	3.048	0.03
[R]CC(N)C(C)CC	05244	1.343	-0.234
[R]C(=O)OCC(=O)c1ccccc1	05245	1.088	0.515
[R]CCCN(C)Cc1ccccc1	05246	2.605	-0.11
[R]Oc1cccc(N(C)C)c1	05247	1.933	-0.15
[R]SCC1CCCCC1	05248	2.229	-0.054
[R]C(=O)c1ccnn1C	05249	-0.147	0.461
[R]OCC(=O)NC1CCCCC1	05250	0.496	-0.179
[R]c2cc(c1ccc(Cl)cc1)n[nH]2	05251	2.671	0.155
[R]Nc1cccc(CS(C)(=O)=O)c1	05252	0.731	-0.349
[R]c2nc(c1cccnc1)cs2	05253	1.375	0.222
[R]NCc1cc(O)ccc1O	05254	0.878	-0.604
[R]c1ccccc1c2cccs2	05255	3.133	-0.033
[R]Cc1ccc(F)cc1C(F)(F)F	05256	3.396	-0.057
[R]N2CC1CN(C)CC1C2	05257	-0.354	-0.625
[R]C(=O)C=Cc1cccc(OC)c1	05258	1.794	0.374
[R]Cn1nc(C)c(N(=O)=O)c1C	05259	0.303	0.252
[R]OCc1cccc(Br)c1	05260	2.555	-0.21
[R]C(N)C(=O)N2C(C#N)CC1CC12	05261	-0.837	0.171
[R]CCc1cc(C)cc(N)n1	05262	1.776	-0.145
[R]COc1ccc(Cl)cn1	05263	1.722	0.046
[R]Nc1cccc(S(=O)(=O)NC)c1	05264	0.591	-0.283
[R]N1CCc2ccc(F)cc12	05265	1.859	-0.349
[R]C(S)=Nc1ccccc1C	05266	2.799	0.29
[R]c1ccc(C)c(O)c1	05267	2.16	-0.011
[R]c1ncc(C)cn1	05268	0.686	0.185
[R]C(=O)C=CC	05269	1.767	0.358
[R]c2cccc(CN1CCCC1)c2	05270	2.19	-0.046
[R]C1CN(C)CCO1	05271	-0.092	-0.006
[R]C(=O)CCC(C)C	05272	2.29	0.454
[R]Cc1csc(N)n1	05273	0.457	-0.164
[R]Nc1ncc(C(F)(F)F)cc1Cl	05274	2.279	-0.234
[R]c1cc(C)ncn1	05275	0.591	0.272
[R]C1CCC2(CC1)OCCO2	05276	1.496	-0.133
[R]Cc1ccc(Cl)s1	05277	2.27	-0.022
[R]c1c(C)nc(O)nc1O	05278	0.825	0.197
[R]OCc1cc(C)cc(C)c1	05279	2.698	-0.264
[R]C1=CC=CC1	05280	1.078	-0.058
[R]S(=O)(=O)NC(=O)c1ccccc1	05281	0.67	0.568
[R]C(=O)NCCC(N)=O	05282	-1.769	0.385
[R]c1ccc(C(=O)NO)s1	05283	1.167	0.165
[R]CC(=O)NCCC(C)C	05284	0.844	-0.133
[R]CCSc1ccc(Cl)cc1	05285	2.93	0.021
[R]CCOCCF	05286	0.448	-0.03
[R]NS(=O)(=O)c1cccc(OC)c1	05287	0.768	-0.163
[R]C1CCCN(C(C)=O)C1	05288	0.049	-0.023
[R]C(=O)c1ccc(SC)cc1	05289	1.605	0.41
[R]N2C(=O)NC1(CCCC1)C2=O	05290	-0.055	0.029
[R]Cc1ccc(OCCC)cc1	05291	2.932	-0.125
[R]Nc2cc(O)c1ccccc1n2	05292	1.995	-0.247
[R]c1ccc(CC(=O)OC)cc1	05293	1.64	-0.017
[R]CCc1ccccc1C	05294	3.237	-0.106
[R]C1CCNCC1F	05295	0.218	-0.095
[R]C(O)CC(N)=O	05296	-1.313	0.045
[R]ONC(N)=N	05297	-0.74	-0.085
[R]NS(=O)(=O)CCCC	05298	0.547	-0.137
[R]C(S)C(C)C	05299	1.629	0.021
[R]Oc1ccc(N)cc1	05300	0.886	-0.171
[R]CC1CCC(=O)N1	05301	-0.298	0.049
[R]C(CCCCCC)C(O)=O	05302	2.468	-0.022
[R]Cc1c[nH]c2c(=O)[nH]cnc12	05303	-0.725	-0.191
[R]CCCN1CCCCC1C	05304	1.963	-0.118
[R]Sc1ccccc1C(C)C	05305	3.206	0.016
[R]Nn1c(=O)cc(C)c1=O	05306	0.03	-0.383
[R]NC(=O)C(S)C(C)C	05307	0.529	-0.232
[R]c1nnn(CC(O)=O)n1	05308	-0.173	0.25
[R]C(=O)C(S)C(C)C	05309	1.979	0.548
[R]C(Cc1cnc[nH]1)C(O)=O	05310	-0.894	0.03
[R]c2nnc(c1ccccc1)n2C	05311	2.196	0.298
[R]C(S)=Nc1ccccc1OC	05312	2.079	0.239
[R]c2cn1ccc(C)cc1n2	05313	1.438	0.038
[R]CC(=O)Nc1ccc(F)c(Cl)c1	05314	1.645	-0.025
[R]CCNCCO	05315	-0.373	-0.084
[R]SCCCC(O)=O	05316	0.305	0.002
[R]C1CCC(C)(O)CC1	05317	1.192	-0.15
[R]N1CCNC(C)(C)C1	05318	-0.037	-0.675
[R]C(O)CNC1CC1	05319	-0.158	0.038
[R]OC(=O)NCCC	05320	0.525	-0.136
[R]NS(=O)(=O)c1c(F)cccc1F	05321	1.3	-0.152
[R]C(=O)C(=O)NCC	05322	0.19	0.616
[R]C(=O)c1ccc(C(C)C)cc1	05323	2.708	0.443
[R]C1CC(O)C1	05324	0.321	-0.101
[R]CCCCC(=O)OC	05325	1.145	-0.095
[R]CN(C)C(=O)c1ccccc1	05326	1.396	0.003
[R]OCCN1CCCCCC1	05327	1.084	-0.24
[R]C(CS(=O)(=O)C(C)(C)C)C1CC1	05328	1.244	0.003
[R]c1cc(Cl)ccc1C(O)=O	05329	2.194	0.027
[R]C(=O)C2(c1ccc(Cl)cc1)CC2	05330	3.626	0.492
[R]COc1ccccc1C#N	05331	1.853	0.086
[R]NS(=O)(=O)c1cnn(C)c1	05332	-0.87	-0.199
[R]N1CCC(C)(N)CC1	05333	-0.684	-0.734
[R]NN=Cc1sccc1C	05334	1.908	-0.479
[R]S(=O)(=O)NCCN1CCCC1	05335	-0.356	0.581
[R]N1CCCC1C(=O)N2CCCC2	05336	0.048	-0.699
[R]CC1CCCCCCC1	05337	3.361	-0.141
[R]NC(C)CCCN(CC)CC	05338	1.251	-0.648
[R]C(=O)Cc1cccnc1	05339	1.072	0.519
[R]c1ccc(OCC=C)cc1	05340	2.465	-0.076
[R]NCc1c(F)cccc1F	05341	1.726	-0.611
[R]c1ccc(S(C)(=O)=O)cc1Cl	05342	1.64	0.203
[R]C(=O)c1ccnc2ccccc12	05343	1.604	0.559
[R]Nc2ccc1OCC(=O)Nc1c2	05344	-0.203	-0.304
[R]NCC(=O)N1CCN(C)CC1	05345	-1.358	-0.569
[R]Cc1ccc(CC(O)=O)cc1	05346	2.005	-0.117
[R]OCCOCC#C	05347	0.096	-0.259
[R]C(=O)Nc1ncccc1C	05348	0.909	0.42
[R]C(CC(O)=O)c1ccc(C)cc1	05349	2.335	-0.009
[R]C(=O)C1=C(C(O)=O)CCC1	05350	1.197	0.557
[R]C=Cc1cc(OC)cc(OC)c1	05351	2.004	0.008
[R]Oc1ccc(F)cc1C	05352	2.275	-0.047
[R]C(=O)COC(C)=O	05353	0.112	0.565
[R]Cc1ccc(C(N)=O)cc1	05354	1.207	-0.038
[R]C(Cc1cnc[nH]1)NC(C)=O	05355	-1.513	-0.077
[R]C(=O)NC(C)(C)c1ccccc1	05356	1.641	0.372
[R]Sc1ccc(N)cc1	05357	1.229	-0.142
[R]SCc1ccc(Cl)c(Cl)c1	05358	3.143	0.037
[R]C(=O)N1CCC(N)C1	05359	-1.226	0.348
[R]N1CCC(C)C1	05360	0.76	-0.672
[R]c2cn1cccc(C)c1n2	05361	1.438	0.034
[R]C=Cc1ccc(Cl)s1	05362	2.87	0.067
[R]CC1CCN(CCCC)CC1	05363	2.277	-0.129
[R]C(=O)C(O)c1ccccc1	05364	1.955	0.518
[R]c1ccc(OC(C)C)nc1	05365	1.867	-0.014
[R]c1cc(F)cc(Br)c1	05366	2.909	0.154
[R]c1ccc(CC#N)cc1	05367	1.946	0.048
[R]C(=O)NCC1CCC(N)CC1	05368	-0.134	0.337
[R]c1ncccc1C(N)=O	05369	-0.102	0.035
[R]C1COC(C)(C)O1	05370	0.766	0.06
[R]c2ccc(C1CCNCC1)cc2	05371	1.996	-0.05
[R]C1CCC(NC(C)=O)CC1	05372	0.593	-0.069
[R]c1n[nH]c(=O)o1	05373	-0.298	0.508
[R]Oc1ccc(Cl)cc1OC	05374	1.934	-0.06
[R]c2noc(c1ccccc1)n2	05375	2.242	0.228
[R]NC(C(N)=O)c1ccccc1	05376	0.319	-0.606
[R]c2nc(N1CCCC1)nn2C	05377	1.523	0.334
[R]C1(C(=O)NCC#N)CCCCC1	05378	1.097	0.056
[R]N(C)C1CCOCC1	05379	-0.136	-0.625
[R]CN(C)S(C)(=O)=O	05380	-0.151	0.106
[R]C2(C1=CC=CC1)CCCCCC2	05381	3.319	-0.115
[R]C(=O)Oc1ccc(N(=O)=O)cc1	05382	1.658	0.697
[R]c1ccccc1OC(C)=O	05383	1.476	0.011
[R]c2ncc(c1ccccc1)[nH]2	05384	1.643	0.214
[R]C(=O)Cc1ccsc1	05385	1.456	0.475
[R]C(=O)C(NC(=O)C(C)N)C(C)C	05386	0.505	0.534
[R]c1cc(C(C)C)ccc1OC	05387	2.919	-0.16
[R]N1CCN(CC=C)CC1	05388	0.574	-0.672
[R]CNC(N)=O	05389	-1.034	0.098
[R]C(=O)CSc1ccc(C)cc1	05390	2.853	0.568
[R]C(CC(O)=O)OCC	05391	0.172	-0.072
[R]CCc1ccc(OCC)cc1	05392	2.86	-0.112
[R]NCCC#N	05393	-0.269	-0.514
[R]CCSc1ccc(C)cc1	05394	2.879	-0.009
[R]OC(=O)c1ccc(F)cc1	05395	1.791	-0.049
[R]c1nc(N)n[nH]1	05396	-0.097	0.353
[R]c1cn(C(C)=O)c2ccccc12	05397	0.811	-0.066
[R]CSCC	05398	0.821	-0.003
[R]S(=O)(=O)c1ccc(C)c(C)c1	05399	2.001	0.57
[R]Cc1cc(Br)ccc1OC	05400	2.913	-0.129
[R]C(=S)NC(=O)Cc1ccccc1	05401	1.704	0.659
[R]OCC(O)CN1CCCCC1	05402	0.316	-0.229
[R]c1ccccc1CCC(O)=O	05403	2.005	0.026
[R]c2nc1c(C)cccc1s2	05404	2.871	0.208
[R]c1ccc(N(=O)=O)c(C)c1	05405	2.398	0.252
[R]C(=O)N1CCC(N(C)C)CC1	05406	-0.404	0.363
[R]CCN1CCC(O)CC1	05407	-0.014	-0.063
[R]CN(C)Cc1ccc(Cl)c(Cl)c1	05408	2.993	-0.054
[R]Oc2ccc1sc(C)nc1c2	05409	2.046	-0.058
[R]SCc1cccc(F)c1F	05410	2.386	0.011
[R]C(O)CCc1ccccc1	05411	2.253	-0.004
[R]c1ccccc1CN	05412	1.095	-0.117
[R]CCCN=C(N)NN(=O)=O	05413	0.509	-0.09
[R]C(=O)NC(=O)c1ccccc1	05414	1.038	0.5
[R]NN=Cc1ccc(C)o1	05415	0.454	-0.463
[R]C(=O)CSc1nnc(C)s1	05416	1.681	0.584
[R]C(=O)NC(CC(C)C)C(=O)NO	05417	0.269	0.372
[R]OCc1ccccc1C(F)(F)F	05418	2.646	-0.198
[R]c1ccnc2ccc(Cl)cc12	05419	2.585	0.203
[R]NCc1ccsc1	05420	0.519	-0.623
[R]c2csc(c1ccc(Cl)cc1)n2	05421	3.205	0.117
[R]C(=O)c1cccc(OCC)c1	05422	1.604	0.456
[R]C(=O)c2cc1cc(F)ccc1[nH]2	05423	1.191	0.497
[R]c1cccc(C#N)n1	05424	1.5	0.295
[R]OCc1ccc(C#N)cc1	05425	1.8	-0.179
[R]C(=O)n1nnc2ccccc12	05426	0.773	0.579
[R]C(=O)c1cnccc1C(F)(F)F	05427	1.085	0.613
[R]CN(C)CC	05428	0.522	-0.106
[R]C(=O)COc1cc(C)cc(C)c1	05429	2.977	0.562
[R]C1C(C)OC1=O	05430	0.194	0.122
[R]CC1(C)NC(=O)NC1=O	05431	-0.677	0.109
[R]NC(=O)NCCCCCC	05432	1.064	-0.365
[R]C(=O)CSc1nnc(N)s1	05433	1.253	0.575
[R]c2cccc(OCC1CC1)c2	05434	2.435	-0.011
[R]Cc1ccc(OS(O)(=O)=O)cc1	05435	2.029	-0.014
[R]C(=O)COCc1ccccc1	05436	2.038	0.51
[R]C(=O)NC1=C(C(O)=O)CCCC1	05437	-0.375	0.36
[R]C(=O)NC1C(C)OC1=O	05438	-0.623	0.483
[R]Cc1cncn1C	05439	-0.373	-0.088
[R]C(=O)C(CO)c1ccccc1	05440	1.944	0.515
[R]C(=O)C1COc2ncccc12	05441	1.343	0.587
[R]C1CC2CCCCC(C1)C2	05442	3.122	-0.142
[R]Cc1ccc(OC)c(F)c1	05443	2.261	-0.082
[R]Oc1cccc(S(C)(=O)=O)c1	05444	0.814	0.013
[R]C(=O)N(C)CCC	05445	0.431	0.355
[R]CCOCCN	05446	-0.503	-0.072
[R]C(=O)c1ccc(O)nc1	05447	0.617	0.535
[R]c1ccc(C#N)c(OC)c1	05448	1.761	0.165
[R]CN(O)C(N)=O	05449	-0.548	-0.042
[R]c1cccc2n(C)c(=O)ccc12	05450	1.485	0.144
[R]N(C)c1ccc(OC)cc1	05451	1.485	-0.452
[R]SCc2nc1ccccc1[nH]2	05452	1.241	0.049
[R]NC(=O)CNC(=O)CN	05453	-2.891	-0.183
[R]c2cc(C)c1nnc(C)n1c2	05454	1.346	0.166
[R]C(=O)Cn1cnc2cccnc12	05455	0.859	0.606
[R]c1cc(C)n(CCOC)c1C	05456	0.137	-0.251
[R]N(C)C1CCN(C)C1	05457	-0.044	-0.626
[R]COC(C)C(F)(F)F	05458	1.424	0.03
[R]C(=O)c1coc2ccccc12	05459	1	0.454
[R]C=C(C#N)C(N)=O	05460	-0.619	0.562
[R]Cc2cc(c1ccc(Cl)s1)on2	05461	2.622	-0.03
[R]CCOc1ccc(F)cc1	05462	2.208	0.037
[R]S(=O)(=O)NCC1CC1	05463	0.049	0.581
[R]CCc1c(C)[nH]c2ccccc12	05464	2.079	-0.129
[R]n1ncc2ccccc12	05465	1.262	-0.012
[R]NC(CCCC)C(O)=O	05466	1.011	-0.538
[R]NCC(C)(C)CO	05467	0.387	-0.629
[R]N=S1(=O)CCC1	05468	0.103	-0.641
[R]CNc1ccc(F)cc1	05469	1.783	0.116
[R]S(C)(=O)=NC#N	05470	0.454	0.864
[R]Nc1cnc(C)cn1	05471	-0.263	-0.212
[R]ON=C1CN2CCC1C2	05472	0.778	-0.28
[R]Cc1ccc(OCCCC)cc1	05473	3.328	-0.125
[R]CN1CCCC1CO	05474	0.133	-0.122
[R]C(=O)c1cc(C)ccc1C	05475	2.449	0.439
[R]N1CCN(C(C)(C)C)CC1	05476	0.667	-0.683
[R]C(=O)NC1COc2ncccc12	05477	0.177	0.464
[R]OCc1cccc(C(O)=O)c1	05478	1.462	-0.21
[R]C(=O)C1CCN(S(C)(=O)=O)CC1	05479	0.584	0.529
[R]CCCCNC(=O)OC(C)(C)C	05480	1.74	-0.072
[R]c1ccc(C(=O)C(F)(F)F)s1	05481	2.268	0.299
[R]C(=O)Cc1ccc(N(=O)=O)cc1	05482	2.338	0.613
[R]NC1=C(C(O)=O)CCCC1	05483	-0.078	-0.44
[R]c1csc(NC(C)=O)n1	05484	0.157	0.021
[R]N(C)N	05485	-0.26	-0.582
[R]NCc1ccc(O)c(OC)c1	05486	0.91	-0.601
[R]N(C)CCN1CCCC1	05487	0.336	-0.647
[R]C(=S)Nc1cccc(C)c1	05488	2.256	0.685
[R]C(=O)NCc1ccc(CC)cc1	05489	2.013	0.36
[R]CSC(C)=O	05490	0.23	0.084
[R]SCC(=O)c1ccc(O)c(O)c1	05491	0.826	0.021
[R]c1ccc(OC(F)(F)F)c(Cl)c1	05492	3.988	0.111
[R]c1ccc(Br)cc1Br	05493	3.561	0.122
[R]NC1COc2ncccc12	05494	0.474	-0.474
[R]c2cc(c1ccc(Cl)s1)on2	05495	2.69	0.2
[R]C(=O)Nc1ccc(Br)cc1F	05496	1.986	0.511
[R]Sc1nc(C)cs1	05497	1.114	0.147
[R]C(=O)CCC(F)(F)F	05498	1.825	0.568
[R]NC1C(C)OC1=O	05499	-0.326	-0.43
[R]CC1CCCN(C)C1	05500	1.142	-0.133
[R]c2nccc(c1ccccc1)n2	05501	2.303	0.204
[R]CSc2ccc1ccccc1c2	05502	3.162	0.068
[R]C(C1CCCCN1)C(=O)OC	05503	0.369	-0.145
[R]C1(C)CO1	05504	0.007	0.086
[R]NC(=O)C1=C(C(O)=O)CCC1	05505	-0.253	-0.337
[R]c1cn(C)c2ncncc12	05506	0.334	-0.095
[R]OC(=O)C(C)CC	05507	1.326	-0.091
[R]c1cc(F)c(F)cc1Cl	05508	2.774	0.171
[R]CCCC=C	05509	2.13	-0.12
[R]c1ccc(C#N)o1	05510	0.726	0.306
[R]C=NNC(=O)c1ccccc1O	05511	0.999	0.1
[R]n1ccc(N)nc1=O	05512	-0.221	-0.077
[R]CC(=O)NCC1CC1	05513	0.016	-0.128
[R]OCC(=O)N1CCCC1	05514	-0.517	-0.183
[R]OCCn1c(C)ncc1N(=O)=O	05515	-0.013	-0.112
[R]C(C)(C)C(=O)N1C2CCC1CC2	05516	1.572	-0.171
[R]C(C)C(=O)NCCC(C)C	05517	1.406	-0.134
[R]C1=CC(=O)CC(C)(C)C1	05518	2.112	0.253
[R]NCc1cnn(C)c1	05519	-0.444	-0.663
[R]S(=O)(=O)Nc1ccccc1C	05520	1.631	0.595
[R]C(=O)N1CCCCC1CC	05521	1.223	0.348
[R]NCCc2nc1ccccc1[nH]2	05522	0.762	-0.606
[R]C1CCN(C(=O)CC)CC1	05523	0.605	-0.06
[R]c1cc(C)c(F)c(C)c1	05524	3.051	0.005
[R]OC(=O)N(C)CC	05525	0.303	-0.144
[R]N1CCC(=O)CC1	05526	0.193	-0.544
[R]SCc1ccc(Cl)cc1Cl	05527	3.143	0.003
[R]NC(=O)COCC	05528	-0.846	-0.283
[R]C(=S)NCc1ccco1	05529	0.119	0.657
[R]C#CC(C)NC(C)=O	05530	-0.047	0.155
[R]c2nc(c1ccccc1)c(C)s2	05531	2.857	0.154
[R]c2nc(C)c1ccccc1n2	05532	1.791	0.178
[R]Cc1ccc(C)nc1	05533	1.232	-0.072
[R]n1cc(C(C)=O)c2ccccc12	05534	0.785	0.065
[R]N2CCN(CC1CC1)CC2	05535	0.543	-0.677
[R]NC(=O)C1COc2ncccc12	05536	-0.107	-0.194
[R]CCCCCCCC(O)=O	05537	2.302	-0.118
[R]CCOCCOCCOCC#C	05538	0.232	-0.065
[R]c2ccc(NC(=O)C1CC1)cc2	05539	1.513	-0.074
[R]COc1ccc(C(O)=O)cc1	05540	1.515	0.097
[R]C(=O)NCC(O)c1ccccc1	05541	0.777	0.366
[R]Cn1cnnn1	05542	-0.249	0.279
[R]N2CCOC1CCCC12	05543	0.552	-0.644
[R]C(CC(O)=O)c1ccccc1F	05544	2.007	0.041
[R]C=c1c(=O)[nH]c2ccc(F)cc12	05545	1.303	0.287
[R]C(S)=N	05546	0.404	0.271
[R]c2cc(c1cccs1)on2	05547	1.801	0.17
[R]CC(=O)Nc1cc(Cl)ccc1C	05548	1.973	-0.052
[R]c1ncc(C(O)CO)cc1Cl	05549	0.675	0.236
[R]c2ccc(c1ccc(Br)cc1)o2	05550	3.166	0.159
[R]Cc1sccc1C	05551	1.848	-0.082
[R]CCCCC(=O)OCC	05552	1.487	-0.096
[R]Nc1ncnc2ccsc12	05553	1.106	-0.297
[R]C(=O)c1cn(C)c2ncncc12	05554	-0.129	0.443
[R]N(CC)C(=O)C1CC1	05555	0.364	-0.348
[R]NCc1ccc(N)cc1	05556	0.664	-0.675
[R]Cn1c(=O)c(=O)c2ccccc12	05557	0.44	0.165
[R]c2ccc(c1ccccc1)o2	05558	2.374	0.111
[R]C(C)(O)c1ccccc1	05559	1.683	-0.001
[R]OCC(C)=O	05560	0.076	-0.177
[R]CCOCCOCC#C	05561	0.397	-0.055
[R]NC1CC2COCC(C1)N2C	05562	-0.555	-0.699
[R]N(C)Cc1cccc(OC)c1	05563	1.556	-0.647
[R]CC(C)(C)CN(C)C	05564	1.736	-0.18
[R]C(=O)NCCCN1CCCCC1	05565	0.126	0.363
[R]N2CCC(N1CCCC1=O)CC2	05566	-0.546	-0.667
[R]CCc1c[nH]c2ccc(O)cc12	05567	1.794	-0.115
[R]CC(=O)C=Cc1ccc(O)cc1	05568	1.695	-0.134
[R]c1c(Cl)nc2sccn12	05569	1.327	0.185
[R]C(CC1CCCCC1)C(N)=O	05570	1.43	-0.099
[R]CN(CC)C(=O)C1CC1	05571	0.512	-0.003
[R]Cc1sc(C)nc1C	05572	1.056	-0.057
[R]C(C)c1ccncc1	05573	1.392	-0.031
[R]c2sc1CCCc1c2C#N	05574	2.247	0.166
[R]OCCOCCOCC#C	05575	-0.069	-0.292
[R]NC(Cc1cnc[nH]1)C(O)=O	05576	-1.414	-0.509
[R]C1CS(=O)(=O)C=C1	05577	-0.166	0.151
[R]c2cc1sccc1n2C	05578	1.233	0.056
[R]Oc1ccc(F)cc1OC	05579	1.556	-0.071
[R]CC(=O)NCC(C)C	05580	0.52	-0.133
[R]c1cc(=O)oc2ccccc12	05581	1.416	0.371
[R]NCC1CCN(C)CC1	05582	0.07	-0.644
[R]c2ccc1nn(C)cc1c2	05583	1.488	-0.117
[R]CC(=O)Nc1c(F)cccc1F	05584	1.266	-0.09
[R]C(=O)c2ccc1nc[nH]c1c2	05585	0.386	0.451
[R]C1(C)CCOCC1	05586	0.962	-0.098
[R]C(=O)Nn1cnnc1	05587	-0.91	0.693
[R]C(=O)CCS	05588	0.751	0.522
[R]OCC(O)C(C)(C)C	05589	1.334	-0.248
[R]Oc1ccccc1C(N)=O	05590	0.502	-0.038
[R]n1cc(C(F)(F)F)cn1	05591	0.913	0.293
[R]C(=O)c1ccc(SC)cc1OC	05592	1.352	0.347
[R]NC(=O)Nc1ccccn1	05593	0.132	-0.334
[R]c1ccc(OC(F)(F)F)c(F)c1	05594	3.609	0.132
[R]CCCCc1ccc(O)cc1	05595	3.278	-0.109
[R]CCCN1CCN(CC)CC1	05596	0.972	-0.112
[R]NC(=O)Nc1cccs1	05597	0.516	-0.242
[R]ON=C(N)N	05598	-0.74	-0.498
[R]Nc1ccc(F)c(F)c1F	05599	1.91	-0.185
[R]N(c1ccccc1)S(C)(=O)=O	05600	1.407	-0.025
[R]c2cc1cc[nH]c(=O)c1cc2Cl	05601	1.528	0.09
[R]CN(C)c1ccccc1	05602	2.334	-0.039
[R]CC(=O)Nc1ccc(Cl)c(Cl)c1	05603	2.023	-0.023
[R]OC(=O)NC1C(C)OC1=O	05604	-0.282	-0.047
[R]C2C1CC(C=C1)C2C(N)=O	05605	0.137	-0.137
[R]CC(C)(C)OC	05606	0.779	-0.188
[R]Sc1ccncc1	05607	0.7	0.018
[R]C=CC(=O)Nc1ccccc1	05608	1.587	0.269
[R]c2noc(C1CC(F)(F)C1)n2	05609	1.162	0.276
[R]C2CCc1ccc(O)cc1O2	05610	1.981	0.068
[R]SCc1ccc(Br)cc1	05611	2.899	0.01
[R]c1cnn(CCC)c1	05612	0.898	-0.191
[R]N1C(C(O)=O)Cc2ccccc12	05613	1.456	-0.36
[R]CCn1cncn1	05614	0.262	0.045
[R]c1nnnn1CCOC	05615	0.005	0.515
[R]C(=O)C1(C)CO1	05616	0.481	0.515
[R]NC2C1CC(C=C1)C2C(N)=O	05617	-0.562	-0.552
[R]c2ccc1[nH]c(C)cc1c2	05618	1.286	-0.142
[R]C(N)CCCC	05619	1.085	-0.085
[R]C=NNc1ccc(C(O)=O)cc1	05620	1.476	0.163
[R]c2cnc(c1ccccc1)nc2	05621	1.903	0.119
[R]C(=O)CSc1nc(C)cc(C)n1	05622	1.274	0.545
[R]CSc1nnc2ccccn12	05623	1.688	0.133
[R]c2ccc1ccn(C)c1c2	05624	1.532	-0.072
[R]C=Cc1cccc2ccccc12	05625	3.512	0
[R]NCCc1cccc(C)c1	05626	2.166	-0.634
[R]C(CCCN)C(O)=O	05627	-0.216	-0.003
[R]c2ccc(c1nc[nH]n1)cc2	05628	1.554	0.005
[R]OCC(O)CN(C)C	05629	-0.406	-0.228
[R]C1=NCCN1C	05630	-0.14	0.236
[R]C1CC2CC1C=C2	05631	1.672	-0.153
[R]n2c(=O)c1CCCCc1c2=O	05632	0.692	0.056
[R]CNS(=O)(=O)c1ccc(F)cc1	05633	1.309	0.111
[R]CC(=O)Nc1ccc(Cl)cn1	05634	0.892	-0.065
[R]c1ccc(OCCCCC)cc1	05635	3.328	-0.084
[R]CC(=O)NCCN1CCOCC1	05636	-1.058	-0.112
[R]Nc1cc(N(=O)=O)ccc1OC	05637	1.192	-0.568
[R]NC(CCCNC(N)=N)C=O	05638	-1.565	-0.577
[R]c1ccc(SC)cc1OC	05639	1.815	-0.148
[R]C(=O)n1nc(C)cc1C	05640	-0.235	0.467
[R]c1cc(C)c(Cl)cc1OC	05641	2.71	-0.082
[R]NCCCCCN	05642	-0.221	-0.634
[R]CSc1nc(N)cc(N)n1	05643	0.538	0.018
[R]C=Cc1ccc(Cl)cc1Cl	05644	3.546	0.064
[R]CCCOc1ccc(Cl)cc1Cl	05645	3.501	-0.027
[R]c2cccc(n1cccn1)c2	05646	1.593	0.03
[R]NC(C)c1cnccn1	05647	-0.489	-0.603
[R]n1ncnn1	05648	0.032	0.415
[R]C(=O)c1cccnc1OCC	05649	0.991	0.393
[R]N(C)C(=O)C1CCCCC1	05650	1.211	-0.345
[R]C(=O)CN(CC)CC	05651	1.09	0.466
[R]OCC(=O)Nc1cc(C)on1	05652	-0.669	-0.104
[R]C(C)(Cl)Cl	05653	1.764	0.247
[R]Nc1ccnn1C	05654	0.008	-0.34
[R]C(C)(C)CN	05655	0.57	-0.129
[R]c1cn(CC)c2ccccc12	05656	1.875	-0.251
[R]C(CCCNC(N)=N)C=O	05657	-0.901	0.087
[R]c2nc1cc(F)ccc1[nH]2	05658	1.5	0.372
[R]c2nnc(c1cccnc1)o2	05659	0.815	0.461
[R]C(=O)N1CCC(N)CC1	05660	-1.174	0.366
[R]S(=O)(=O)N1CCCCC1C	05661	0.836	0.532
[R]Nc1nnc(C(F)(F)F)s1	05662	1.719	-0.095
[R]C1CCCN(CCC)C1	05663	1.556	-0.093
[R]OC(C(F)(F)F)C(F)(F)F	05664	2.008	0.111
[R]COc1ccc(Cl)cc1C	05665	2.802	0.072
[R]Sc2nc1nc(C)cc(C)n1n2	05666	0.987	-0.055
[R]c1cccc2onc(N)c12	05667	1.164	0.201
[R]C2CCc1ccccc1O2	05668	2.266	0.046
[R]n1cc(N(=O)=O)cn1	05669	-0.016	0.443
[R]c1nnc(S)n1C	05670	0.866	0.372
[R]Nc1ccc(C(F)(F)F)c(Cl)c1	05671	2.892	-0.177
[R]CCNC(=O)OC	05672	0.114	0.008
[R]n2ccc1ccccc1c2=O	05673	1.2	-0.114
[R]Sc1cc(C)cc(C)c1	05674	2.946	-0.087
[R]c2cccc(c1ccncc1)c2	05675	2.35	0.034
[R]c1nnc(C)c(O)n1	05676	0.352	0.347
[R]COc2ccc1sc(C)nc1c2	05677	2.194	0.059
[R]NNC(=O)c1ccc(C)cc1	05678	1.562	-0.455
[R]NNC(=O)c1ccc(Cl)cc1	05679	1.613	-0.414
[R]CC(N)CO	05680	-0.711	-0.009
[R]C1CS1	05681	0.371	0.072
[R]NCCN1CCNCC1	05682	-0.911	-0.626
[R]CCON(=O)=O	05683	0.864	0.151
[R]C(=O)N(CC)C1CCS(=O)(=O)C1	05684	-0.761	0.478
[R]C1CCC(CO)CC1	05685	1.428	-0.134
[R]C(=O)Nc1ccccc1C(N)=O	05686	-0.112	0.367
[R]Nc1ccn(CC)n1	05687	0.641	-0.444
[R]C(=O)NC(CCCC)C(O)=O	05688	0.714	0.396
[R]CNC(=O)C1CC1	05689	-0.077	0.097
[R]Cc1ccnc2ccc(Cl)cc12	05690	2.981	-0.003
[R]C2CN(c1ccccc1)C(=O)O2	05691	1.683	0.238
[R]NC(=O)N1CCCCC1	05692	0.032	-0.379
[R]NCCCCCCN	05693	0.176	-0.637
[R]c1ccncc1S(N)(=O)=O	05694	-0.481	0.299
[R]Cc1ccon1	05695	0.349	-0.05
[R]c1ccc(F)cc1N	05696	1.334	-0.047
[R]Nc2ccc1CCC(=O)Nc1c2	05697	0.535	-0.313
[R]N(C(C)=O)c1ccccc1	05698	1.017	-0.039
[R]C(CC)(CC)C(O)=O	05699	1.944	0.032
[R]OCCCc1cccnc1	05700	1.1	-0.235
[R]N(CC)C1CCS(=O)(=O)C1	05701	-0.349	-0.487
[R]CNc1ccc(Cl)cc1	05702	2.162	0.121
[R]NCC1CCOC1	05703	-0.425	-0.58
[R]c1nn(C)cc1Cl	05704	1.004	0.073
[R]C(=O)NCc1ccc(F)cc1F	05705	1.429	0.39
[R]C2C3CN(C1COC1)CC23	05706	-0.09	-0.014
[R]Nc1ccc(C)cc1C(O)=O	05707	1.657	-0.304
[R]Nc1ccc(C)cc1Br	05708	2.75	-0.316
[R]Cc1ccnc(N)c1	05709	0.977	-0.072
[R]Oc1c(C)cc(C)cc1C	05710	3.07	-0.235
[R]OCC(O)CNC(C)(C)C	05711	0.066	-0.224
[R]NS(=O)(=O)C=Cc1ccc(Cl)s1	05712	1.86	-0.137
[R]N1CCC(C)(O)CC1	05713	-0.336	-0.694
[R]C(=O)NNc1ccccc1	05714	1.149	0.473
[R]c2cc1ccc(C)cc1[nH]2	05715	1.982	0.003
[R]C(=O)Nc1ncc(Cl)cc1Cl	05716	1.478	0.486
[R]S(=O)(=O)N1CC(C)CC(C)C1	05717	1.228	0.541
[R]NC(=O)c1ccc(I)cc1	05718	2.259	-0.245
[R]C(=O)COc1ccc(Br)cc1	05719	2.834	0.606
[R]Cc1ccc(N)nc1	05720	0.977	-0.126
[R]C1CCCN2CCCCC12	05721	1.538	-0.232
[R]c1cc(OC)no1	05722	0.692	0.285
[R]N(C)C(=O)c1c(F)cccc1Cl	05723	1.906	-0.302
[R]N2CC1CNCC(C1)C2	05724	-0.319	-0.892
[R]CC1CC(F)(F)C1	05725	1.525	-0.035
[R]CN(CCC)CCC	05726	1.802	-0.126
[R]C=CC(N)=O	05727	-0.341	0.228
[R]c2ccc1n(C)c(=O)ccc1c2	05728	1.485	0.011
[R]N1CCCC1c2cncc(F)c2	05729	1.032	-0.558
[R]C(=O)c1nccn1C	05730	-0.487	0.407
[R]C1CCN1	05731	-0.237	0.002
[R]C(Cl)Cl	05732	1.143	0.241
[R]C(=O)Nc1ccc(F)cc1Cl	05733	1.712	0.5
[R]C#Cc1cccc(Cl)c1	05734	2.798	0.151
[R]Oc1cccc(C(C)=O)c1	05735	0.977	-0.028
[R]C(CCCC)C(N)=O	05736	0.81	-0.109
[R]Nc1ncnc2[nH]ccc12	05737	0.3	-0.378
[R]CC(=O)NCCO	05738	-1.137	-0.133
[R]C(N)C(=O)N1CCSC1	05739	-0.757	0.133
[R]NC(=O)Cc1ccc(Cl)c(Cl)c1	05740	1.97	-0.243
[R]C(=O)C1CC1F	05741	0.915	0.486
[R]NC(=O)Cc1ccc(Br)cc1	05742	1.726	-0.262
[R]NCC(C)N	05743	-0.707	-0.631
[R]c1ccccc1S(O)(=O)=O	05744	1.362	0.043
[R]Cc1cc(N(=O)=O)ccc1OC	05745	2.075	-0.004
[R]C(=O)NC(C)c1cnccn1	05746	-0.786	0.363
[R]c1cc(=O)c(O)co1	05747	-0.278	0.418
[R]Oc1ncc(C(F)(F)F)cc1Cl	05748	2.456	0
[R]C(=O)NC1CCNC1	05749	-1.064	0.386
[R]Oc1cccc(C(N)=O)c1	05750	0.502	-0.022
[R]c1cc(OC)nc(OC)n1	05751	1.117	0.31
[R]OCCOCCN	05752	-0.968	-0.302
[R]c1ccnn1CC	05753	0.658	0.125
[R]N1CCc2cc(F)ccc12	05754	1.859	-0.367
[R]c2cc1[nH]nc(NCC)c1cn2	05755	0.773	0.152
[R]SCC(=O)NC1CC1	05756	-0.35	-0.003
[R]S(=O)(=O)NC(C)=O	05757	-1.242	0.578
[R]C(=O)C1(C)CC1	05758	1.89	0.447
[R]C(=O)NC(C)c1ccc(Br)cc1	05759	2.355	0.399
[R]Oc1ccc(Cl)cc1F	05760	2.326	0.037
[R]OC(=O)NCCCCCC	05761	1.714	-0.136
[R]CC1CCCCCC1	05762	2.965	-0.136
[R]CCc1cccc(C(F)(F)F)c1	05763	3.653	-0.038
[R]S(=O)(=O)Nc1cccnn1	05764	0.099	0.532
[R]NC(=O)c1cccc(N(C)C)c1	05765	1.266	-0.323
[R]c2ccc(c1nccs1)cc2	05766	2.287	0.056
[R]S(=O)(=O)c1ccc(O)nn1	05767	0.416	0.66
[R]c1nnnn1Cc2ccco2	05768	0.182	0.524
[R]Oc1ccccc1CC(O)=O	05769	1.3	-0.077
[R]C(=O)C1(NC(=O)C(F)(F)F)CC1	05770	0.954	0.556
[R]CCc1cc(O)c(=O)[nH]n1	05771	0.236	-0.036
[R]NC(=O)C1CCCCC1C(O)=O	05772	0.294	-0.327
[R]C2CCC(c1ccccc1)C2	05773	3.323	-0.11
[R]C(C)C23CC1CC(CC(C1)C2)C3	05774	3.315	-0.144
[R]c1csc(S(N)(=O)=O)c1	05775	0.601	0.073
[R]c1c(C(O)=O)[nH]c(=O)[nH]c1=O	05776	-1.368	0.252
[R]NC(CC(C)C)C(=O)NCC#N	05777	0.206	-0.509
[R]NC(=S)NCCc1ccccc1	05778	1.826	-0.213
[R]c1cncc(C#CC)c1	05779	1.435	0.081
[R]C(=O)NC(=O)NCc1ccco1	05780	-0.889	0.499
[R]c1cnc(C)n1C(C)C	05781	0.732	-0.15
[R]C(=O)N2CC1CNCC(C1)C2	05782	-0.731	0.241
[R]C2CCN(c1ccccn1)CC2	05783	2.214	-0.098
[R]c1ccnc(NC(N)=O)c1	05784	-0.058	0.122
[R]NC1CCCN(S(C)(=O)=O)C1	05785	-0.285	-0.588
[R]c2ccc1CCC(=O)N(C)c1c2	05786	1.268	0.043
[R]NC(=O)C=Cc1cccs1	05787	1.005	-0.332
[R]C(=O)NC(C)C1CCCCC1	05788	1.685	0.356
[R]N=S1(=O)CCCC1	05789	0.554	-0.688
[R]C(=O)Oc1ccc(C)cc1	05790	2.172	0.538
[R]c2cc(=O)c1ccccc1c2=O	05791	1.388	0.466
[R]Nc1ccc(Cl)cc1C	05792	2.477	-0.327
[R]c1ccc(F)cc1Br	05793	2.909	0.083
[R]C(=O)NCc1cccc(C)c1	05794	1.617	0.361
[R]NCC(C)=C	05795	0.564	-0.634
[R]c1ccc(C)cc1C(N)C(C)C	05796	2.846	0.007
[R]c1nnnn1C(C)(C)CC	05797	1.473	0.47
[R]Cc1cc(=O)c(O)co1	05798	-0.346	0.108
[R]c2cn1c(C)cc(C)nc1n2	05799	0.395	0.111
[R]C(=O)N1CCCC1C(=O)OC	05800	-0.286	0.367
[R]COC(C)(C)C	05801	0.87	-0.085
[R]C(=O)COc1ccccc1F	05802	2.182	0.591
[R]CC1CNC1	05803	0.032	-0.09
[R]c1ccccc1OCCO	05804	1.282	-0.18
[R]Nc1cccc(Br)n1	05805	2.067	-0.218
[R]c1ncnn1C	05806	0.43	0.35
[R]c2nc1c(F)cccc1s2	05807	2.543	0.361
[R]C(=O)OCc1cccnc1	05808	0.488	0.53
[R]c2c(C(=O)N1CCC1)cnn2C	05809	-0.484	0.029
[R]C(N)C(=O)N1CC(F)CC1C#N	05810	-1.045	0.182
[R]C=Cc1cccc(C(F)(F)F)c1	05811	3.393	0.07
[R]NC(=S)NCc1ccccc1	05812	1.575	-0.213
[R]SCC(=O)c1ccc(C)cc1	05813	1.862	-0.008
[R]CC2CCc1ccc(O)cc1O2	05814	2.233	-0.084
[R]N1CCN(C)C(C)C1	05815	0.246	-0.672
[R]NC(=O)C(N)C(C)O	05816	-1.649	-0.269
[R]CC(=O)N1CCCC(C)C1	05817	0.677	-0.139
[R]c2ccc(n1cncn1)cc2	05818	1.425	0.086
[R]C(=O)Nc1ccncc1F	05819	-0.118	0.53
[R]c1cc(C)sc1C	05820	1.391	-0.071
[R]OCCNC(C)=O	05821	-0.977	-0.172
[R]NC(=O)c1cccn1C	05822	-0.446	-0.286
[R]Sc2nnc(c1ccccc1)o2	05823	2.56	0.106
[R]CCN1CCC(N(C)C)CC1	05824	0.408	-0.077
[R]C1(C)N=C(N)OCC1(F)F	05825	0.839	-0.038
[R]C1(NC(=O)C(F)(F)F)CC1	05826	0.48	0.062
[R]CCNS(=O)(=O)CCC	05827	0.55	0.04
[R]NCc1nccs1	05828	0.073	-0.558
[R]CCc1cc(OC)ccc1OC	05829	2.265	-0.153
[R]Nc1ccccc1S(N)(=O)=O	05830	0.344	-0.182
[R]c1ccc(Br)c(Cl)c1	05831	3.287	0.133
[R]c1nc(C(C)C)no1	05832	1.58	0.391
[R]C=Cc1ccc(C)o1	05833	0.994	0.016
[R]Oc2cccc1CCC(=O)c12	05834	1.172	-0.011
[R]c1ccc(CC(O)=O)cc1OC	05835	1.356	-0.126
[R]c1c(C)cc(C)cc1Cl	05836	3.43	0.034
[R]C(=O)NS(=O)(=O)N(C)C	05837	-0.642	0.557
[R]c1cc(C)c(OC)cc1C	05838	2.659	-0.095
[R]CSC1=NCCS1	05839	1.439	0.092
[R]NC(C)c1ncc(F)cn1	05840	0.241	-0.582
[R]c2ccc(c1ncccn1)cc2	05841	1.903	0.019
[R]N1C(C(C)F)COC1=O	05842	0.426	-0.137
[R]c1c[nH]c2c(O)nc(N)nc12	05843	-0.137	-0.237
[R]Sc2nnc(c1ccncc1)o2	05844	1.248	0.154
[R]c1ccc(N(=O)=O)cc1C	05845	2.398	0.265
[R]C(=O)OCc1cncs1	05846	0.378	0.543
[R]NC(CC1CCCCC1)C(N)=O	05847	0.765	-0.625
[R]NCCN(C(C)C)C(C)C	05848	1.161	-0.65
[R]CN1CCS(=O)(=O)CC1	05849	-0.666	0.038
[R]C(CO)C(=O)OC	05850	-0.484	0.03
[R]C(=O)C(F)(F)C(F)(F)F	05851	2.484	0.771
[R]NN=C1CCCC1	05852	1.379	-0.544
[R]Cn1c(C)ncc1N(=O)=O	05853	0.201	0.176
[R]c2ccc(c1nc[nH]n1)c(F)c2	05854	1.693	0.086
[R]c1c(F)ccc(O)c1F	05855	1.972	0.121
[R]c1cccc2CCC(=O)c12	05856	1.481	-0.025
[R]NC(C)C(C)(C)O	05857	0.132	-0.588
[R]NN=Cc1cccc(N(=O)=O)c1	05858	1.923	-0.345
[R]C(=O)NCc1ccc(C)o1	05859	-0.615	0.383
[R]c1nc(O)cc(CCC)n1	05860	1.828	0.234
[R]CN2C(=O)NC1(CCCC1)C2=O	05861	0.093	0.075
[R]C(=O)NCCCN	05862	-1.365	0.367
[R]C(CNC)CC1CCCCC1	05863	2.281	-0.09
[R]C#Cc1ccc(OC)cc1	05864	2.027	0.079
[R]NC(=O)c1cc(C)cc(C)c1	05865	1.936	-0.305
[R]C(=S)Nc1ccc(Br)cn1	05866	1.968	0.651
[R]C1CCN(CCNC)CC1	05867	0.291	-0.122
[R]C2Cc1ccccc1CC2O	05868	2.078	-0.128
[R]CC(C)NC(=O)C1CC1	05869	0.588	-0.096
[R]c2cc1C(=O)NC(C)c1[nH]2	05870	-0.389	-0.023
[R]CC1CC2CCC1C2	05871	2.329	-0.142
[R]NC2CCC(c1ccccc1)C2	05872	2.407	-0.631
[R]NCc1nnc(C)o1	05873	-0.565	-0.474
[R]c1cc(C(C)C)on1	05874	1.608	0.136
[R]c1ccc(C(=O)NC(C)C)cc1	05875	1.813	0.089
[R]c1nccc(OC)n1	05876	0.665	0.233
[R]C(=O)NCC#C	05877	-0.353	0.394
[R]c1c(C)c(C)cc(C)c1C	05878	3.846	-0.065
[R]CCCNC(=O)OC(C)(C)C	05879	1.344	-0.039
[R]S(=O)(=O)CC(C)C	05880	0.599	0.584
[R]c1c(F)cccc1n2nccn2	05881	1.518	-0.041
[R]C(=O)Oc1ccc(OC)cc1	05882	1.452	0.534
[R]n1c(C)nnc1C(C)C	05883	1.189	0.312
[R]Cn1ccnc1C	05884	-0.16	0.119
[R]C#Cc1cccc(C)c1	05885	2.747	0.097
[R]C(CC(C)C)CC(C)C	05886	3.733	-0.147
[R]CSCC(O)=O	05887	0.02	0.062
[R]NC1CCN(C(C)=O)CC1	05888	-1.05	-0.571
[R]c2nc1ccccc1nc2O	05889	1.967	0.253
[R]N1CCCC(F)(F)C1	05890	0.992	-0.544
[R]Sc2nc1cc(C)ccc1[nH]2	05891	2.26	-0.006
[R]N(CC)C(C)C	05892	1.13	-0.679
[R]C(=O)c1cc(Cl)c(O)cc1O	05893	1.464	0.458
[R]c1cc(CC)nn1C	05894	1.114	0.119
[R]NC(CNC)CC1CCCCC1	05895	1.581	-0.777
[R]C(=O)NC(C)c1ccc(Cl)cc1	05896	2.081	0.397
[R]NC(=O)c1ccc[nH]1	05897	-0.692	-0.281
[R]C=CC(C)=CC(O)=O	05898	1.21	0.233
[R]C1CC2CCC1N2	05899	0.454	-0.08
[R]c1ccc(C(=N)N(C)C)cc1	05900	1.476	0.035
[R]OC(=O)c1ccncc1	05901	0.34	-0.016
[R]c1ccc(N)c(OC)c1	05902	0.942	-0.134
[R]NC1OC(CO)C(O)C(O)C1O	05903	-1.825	-0.509
[R]C(=O)c2cc1sccc1n2C	05904	0.77	0.434
[R]N1CCC(CCN)CC1	05905	-0.014	-0.666
[R]c1c(C)cc(Cl)cc1Cl	05906	3.481	0.116
[R]C(=O)CCCCCC(=O)NO	05907	1.141	0.475
[R]C#CC1(O)CN2CCC1CC2	05908	0.089	0.125
[R]CNCCC(O)=O	05909	-0.458	-0.05
[R]C1(C(O)=O)CCC1	05910	1.044	0.049
[R]NC(=O)c1ccc(N)cc1	05911	0.218	-0.354
[R]CC=C(C)CCC(O)=O	05912	1.402	-0.088
[R]c1cccc(NC(=O)CCN)c1	05913	0.105	-0.055
[R]c1ccc(C(=O)OCCC)cc1	05914	2.519	0.108
[R]c1nnnn1CC2CCCO2	05915	0.402	0.48
[R]C(=O)OCCO	05916	-0.42	0.48
[R]CCCNC(C)C	05917	1.222	-0.122
[R]C(C)(C)CC(C)(C)C	05918	3.477	-0.194
[R]CCNCC	05919	0.413	-0.084
[R]NC(C)C(=O)NCCC(C)C	05920	0.669	-0.579
[R]c1cccc2sc(C(N)=N)cc12	05921	1.855	0.026
[R]CNC(=O)C1CCC(=O)N1	05922	-1.502	0.166
[R]c2cn(c1ccccc1)nn2	05923	1.541	0.097
[R]CCBr	05924	1.219	0.016
[R]C(C)(C)COC	05925	1.196	-0.085
[R]CC1CC1c2ccccc2	05926	2.927	-0.117
[R]C=Cc1ccc(C(=O)NC)cc1	05927	1.59	0.065
[R]OC(=O)CCC(=O)OC	05928	-0.438	-0.031
[R]N(C)c2nc1ccccc1o2	05929	1.696	-0.302
[R]n1ccnc1c2ccccc2	05930	1.605	0.133
[R]N2C1CCCCC1CC2C(O)=O	05931	1.271	-0.595
[R]C(=O)NC(C)C(=O)OC	05932	-0.516	0.399
[R]c1ccc(OC)c(C(O)=O)c1	05933	1.423	-0.027
[R]S(=O)(=O)NC1=NCCCCC1	05934	0.111	0.475
[R]C1=NNC(=O)CC1	05935	0.289	0.32
[R]n2cc1cccc(C(N)=O)c1n2	05936	0.265	0.342
[R]c1ccc(N(CC)CC)cc1C	05937	3.394	-0.202
[R]OCCCN1CCCCCC1	05938	1.136	-0.254
[R]CNCCCC	05939	1.026	-0.096
[R]C(O)(CC(O)=O)C(O)=O	05940	-0.922	0.234
[R]c1cccc2NC(=O)Cc12	05941	0.625	0.078
[R]N1CCCC1c2ccccc2	05942	2.205	-0.679
[R]CCc1nnn[nH]1	05943	0.253	0.026
[R]c1cc(Cl)sc1Cl	05944	2.827	0.078
[R]C(C)C(C)O	05945	0.825	-0.141
[R]C(=O)c1nc(Cl)c(N)nc1N	05946	0.009	0.323
[R]CNC(=O)c1cccc(Cl)c1	05947	1.668	0.133
[R]NC(=O)C(C)O	05948	-0.929	-0.251
[R]c1cc(O)c(C(C)=O)cc1CC	05949	1.865	0.128
[R]c2cc1ccccc1nc2O	05950	2.481	0.034
[R]Oc1ccc(NS(C)(=O)=O)cc1	05951	0.912	-0.041
[R]c1sc(C)c2C3C(Cc12)C3(C)C	05952	2.97	-0.052
[R]c1ccc(C(=O)NCCC)cc1	05953	1.869	0.089
[R]OCCN(C(C)C)C(C)C	05954	1.477	-0.262
[R]N1CCS(=O)CC1	05955	-1.005	-0.53
[R]C(=O)OCC(F)(F)F	05956	0.998	0.622
[R]C(O)COC	05957	-0.336	0.057
[R]OCc1ccccc1Br	05958	2.555	-0.216
[R]Oc1ccc(SC)cc1	05959	1.759	-0.071
[R]c1cccn(=O)c1	05960	-0.407	0.26
[R]Oc1ccccc1SC	05961	1.759	-0.076
[R]NCc1c(F)cccc1Cl	05962	2.104	-0.617
[R]NC(=O)c2cc1CCCCc1s2	05963	1.631	-0.294
[R]Cc1cccc(N)n1	05964	0.913	-0.169
[R]c1ccc(OC)nc1OC	05965	1.557	-0.147
[R]C(C#N)c1cccnc1	05966	0.729	0.155
[R]CC1CCCOC1	05967	0.998	-0.08
[R]CNc1ncccn1	05968	0.191	0.087
[R]N1CCN(C(=O)OC)CC1	05969	-0.238	-0.588
[R]C(C)NC(=O)OC(C)(C)C	05970	1.109	0.113
[R]CSc1nc(C)cc(C)c1C#N	05971	2.221	0.068
[R]Oc1ccc(Cl)c(C(F)(F)F)c1	05972	3.069	0.079
[R]Oc1ccc(C)nc1N(=O)=O	05973	1.18	0.201
[R]Nc1cc(C)c(Cl)cc1OC	05974	2.224	-0.375
[R]c2ncc(c1ccccc1)s2	05975	2.687	0.265
[R]NC(=O)C1CCN(C)CC1	05976	-0.535	-0.304
[R]C(C)NC(=O)c1ccco1	05977	0.046	0.098
[R]Cc1ccc(O)c(I)c1	05978	3.347	-0.046
[R]NCc1ccc(OC(C)C)cc1	05979	1.95	-0.642
[R]OC1CCS(=O)(=O)C1C(C)C	05980	0.549	-0.123
[R]C(=O)C(N)CC(N)=O	05981	-1.311	0.5
[R]n2nnc(c1ccccc1)n2	05982	1.914	0.391
[R]C(=O)NC(C)C(C)(C)C	05983	1.506	0.353
[R]C(N)CC(N)=O	05984	-1.661	-0.022
[R]C13CC2CC(CC1C2)C3	05985	2.192	-0.144
[R]N1CC1	05986	-0.146	-0.618
[R]Nc1ccc(N(=O)=O)cn1	05987	0.832	-0.008
[R]C(=O)N(C)CCc1ccccc1	05988	1.648	0.369
[R]C(=O)Nc1nnc(C(F)(F)F)s1	05989	1.282	0.64
[R]C(=O)c1[nH]nc2ccccc12	05990	1.007	0.562
[R]c1nc(Cl)c(N)nc1N	05991	0.472	0.102
[R]C1CCS(=O)(=O)C1C(C)C	05992	0.986	0.045
[R]c1nccn1CC	05993	0.319	0.152
[R]OCCN1CCC(C)CC1	05994	1.019	-0.239
[R]c1ccnn1c2ccccc2	05995	1.822	0.144
[R]c1ccnc(C(C)O)n1	05996	0.496	0.31
[R]C=Cc1ccccc1N(=O)=O	05997	2.463	0.312
[R]Nc1cccc(N(C)C)c1	05998	1.756	-0.443
[R]c1cccc(C)c1O	05999	2.16	-0.049
[R]c2cccc(N1CCCC1C)n2	06000	2.766	0.116
[R]CCCOc1ccc(OC)cc1	06001	2.212	-0.058
[R]c1ccc(C)nc1N(=O)=O	06002	1.488	0.182
[R]Oc1ccc(C=CC(O)=O)cc1	06003	1.9	0.005
[R]NC(=S)Nc1ccc(Br)cn1	06004	1.658	-0.153
[R]OC(=O)c1ccc(N(=O)=O)cc1	06005	1.605	0.059
[R]c2ccc1c(=O)[nH]c(=O)c1c2	06006	0.28	0.201
[R]C1COCCC1C#N	06007	0.269	0.048
[R]CCOc1ccc(Cl)cc1Cl	06008	3.105	0.054
[R]Sc1ccc(F)cc1F	06009	2.291	0.141
[R]N(C)Cc1ccccn1	06010	0.647	-0.693
[R]c2ccc1CCNCc1c2	06011	1.485	-0.022
[R]C(=O)CCC(=O)Nc1nccs1	06012	0.325	0.496
[R]C(=O)C#CC	06013	1.537	0.424
[R]Nc1cc(F)cc(C(F)(F)F)c1	06014	2.514	-0.194
[R]C1CCC(=O)N1CC	06015	0.039	0.067
[R]N1CCN(CCN(C)C)CC1	06016	-0.188	-0.664
[R]c2cc1ccc(O)cc1oc2=O	06017	1.132	0.027
[R]n1c(CC)nc2ccccc12	06018	1.95	0.204
[R]c1cccc(C(=O)OC)n1	06019	1.194	0.23
[R]NC(=O)NCCc1ccccc1	06020	1.092	-0.36
[R]C2CCc1ccc(O)cc1C2	06021	2.779	-0.069
[R]NC(=O)c1ccccc1N	06022	0.218	-0.294
[R]C=Cc1ccc(OC)c(O)c1	06023	1.973	-0.027
[R]C1CCN(C(=O)OC(C)(C)C)C1	06024	1.111	0.007
[R]CNCC(O)=O	06025	-0.64	-0.035
[R]NC(=O)C1CCC(=O)N1CC	06026	-1.061	-0.201
[R]N(CC(O)=O)C(=O)C(C)CS	06027	-0.348	-0.098
[R]c1cccnc1SC	06028	1.455	0.008
[R]Oc2ccc(c1nn[nH]n1)cc2	06029	1.415	-0.028
[R]c2cc1OCOc1cc2N(=O)=O	06030	1.615	0.211
[R]S(=O)(=O)N1CC(C)OC(C)C1	06031	0.184	0.567
[R]C(O)C(C)O	06032	-0.202	-0.035
[R]CC1CCCN(C(C)C)C1	06033	1.897	-0.12
[R]C(NC(C)=O)c1ccccc1	06034	1.084	-0.084
[R]C(=O)C1CCC(=O)N1CC	06035	0.389	0.587
[R]c1nc(N)cc(O)n1	06036	0.549	0.216
[R]NC(=O)C(CCC)CCC	06037	1.864	-0.302
[R]NCCCCc1ccc(O)cc1	06038	2.207	-0.623
[R]c2cc(=O)c1ccc(F)cc1o2	06039	1.377	0.464
[R]c2c(O)c1ccccc1c2=O	06040	1.558	0.102
[R]C(=O)c1ccc(C(=O)OC)cc1	06041	1.245	0.527
[R]Nc1cccc2ccc(O)cc12	06042	2.209	-0.335
[R]COc1cccc(C)c1C	06043	2.751	0.027
[R]c1c(Cl)cc(C(F)(F)F)cc1Cl	06044	3.896	0.225
[R]N1CCN(C(=O)C(C)C)CC1	06045	0.327	-0.603
[R]c1cccc(C(C)(C)C#N)c1	06046	3.173	0.019
[R]c2sc1CCCCCc1c2C#N	06047	3.039	0.162
[R]C(O)c1ccc(Cl)cc1	06048	2.123	0.041
[R]C(=O)CCc1cccnc1	06049	1.468	0.504
[R]c2nc(O)c1c(C)c(C)sc1n2	06050	2.211	0.242
[R]COc1cccc2cccnc12	06051	1.906	0.015
[R]C(=O)NC(N)=O	06052	-1.146	0.504
[R]c1ccc(C#N)c2ccccc12	06053	3.016	0.165
[R]C(=O)Nc1cnc(C)cn1	06054	-0.7	0.467
[R]NCc1cccc(C)n1	06055	0.456	-0.628
[R]OCC1CCCN1	06056	0.001	-0.242
[R]c1cn(CC)nc1C	06057	0.6	-0.248
[R]c1ccc(OC)c(OC)n1	06058	1.258	0.098
[R]S(=O)(=O)N1CCCC(C)C1	06059	0.825	0.543
[R]Cc1ccnn1C	06060	0.248	-0.046
[R]c1cccc2ccoc12	06061	1.463	-0.054
[R]c1ccc(CC)s1	06062	2.247	-0.006
[R]c1cccc2[nH]c(C)cc12	06063	1.286	-0.107
[R]C(=O)NCc1nnc(C)o1	06064	-0.862	0.445
[R]c1cc(C(C)(C)C)n[nH]1	06065	2.095	0.089
[R]c2ccc1nc(C)ccc1c2	06066	2.237	0.021
[R]CC(=O)NCC(=O)OCC	06067	-0.778	-0.095
[R]N3C(=O)C2C1CCC(C1)C2C3=O	06068	0.221	0.06
[R]C1CCN(CC(N)=O)CC1	06069	-0.65	-0.147
[R]c1n[nH]c2ccc(OC)cc12	06070	1.218	0.116
[R]c2ccc(N1CCCCC1)nn2	06071	2.298	0.198
[R]NC1CCCC(O)C1	06072	0.142	-0.609
[R]C(C)N1CCCC1	06073	0.919	-0.128
[R]C(C)=NOC	06074	1.228	0.201
[R]CCOc1ccccc1Cl	06075	2.587	0.027
[R]CC1CN(C)CCO1	06076	0.16	-0.142
[R]c1nnc(CCC)s1	06077	1.932	0.348
[R]Nc1nc(CC(O)=O)cs1	06078	0.452	-0.188
[R]N1CCCC1C(=O)NCC	06079	-0.182	-0.691
[R]Oc1cncc(Cl)c1	06080	0.875	0.053
[R]NC(=O)CC1CCCCC1	06081	1.129	-0.294
[R]C(=O)N(C)C1CCN(C)C1	06082	-0.456	0.383
[R]S(=O)(=O)CCC(F)(F)F	06083	-0.128	0.687
[R]C=C(C)C(O)=O	06084	0.677	0.268
[R]C(=O)N(CC)c1ccccc1	06085	1.644	0.399
[R]c1ncnc2nc[nH]c12	06086	-0.242	0.375
[R]c1nc(CC)cs1	06087	1.402	0.16
[R]C(=C)c1ccccc1	06088	2.312	-0.016
[R]CNC(=O)C1CCC(=O)N1CC	06089	-0.913	0.159
[R]c1cc(C(F)F)ccn1	06090	1.229	0.217
[R]NC1(C)CC1	06091	0.145	-0.62
[R]CN1CCC(C(N)=O)CC1	06092	-0.633	-0.061
[R]CN1CCCN(C)CC1	06093	0.033	-0.088
[R]c1c(F)cc(OC)cc1F	06094	2.004	0.057
[R]NC(=O)c1cc(Cl)ccc1Cl	06095	2.038	-0.247
[R]C(=O)NC1COC1	06096	-0.899	0.418
[R]CC(=O)c1cccc(N(=O)=O)c1	06097	1.401	0.005
[R]S(=O)(=O)NCCOC	06098	-0.826	0.568
[R]OCC(C)O	06099	-0.043	-0.234
[R]NCc1ccnc2ccccc12	06100	1.536	-0.554
[R]c1c(C)cc(OC)cc1C	06101	2.659	-0.08
[R]c1cccc2C(=O)NCc12	06102	0.788	0.09
[R]CC1(C)CCCC1	06103	2.605	-0.145
[R]NC(CO)C(=O)OC	06104	-1.004	-0.516
[R]c1cc(Br)ccc1Cl	06105	3.287	0.106
[R]OCc1ccc(F)c(F)c1	06106	2.043	-0.174
[R]CC1COC(C)(C)O1	06107	1.018	-0.098
[R]P(C)(O)=O	06108	-0.452	0.303
[R]c2cnc(C1CC1)o2	06109	0.594	0.125
[R]c1ccc(Cl)cc1Br	06110	3.287	0.103
[R]NCc1sc(C)nc1C	06111	0.344	-0.585
[R]CNC(=O)CCC	06112	0.261	0.094
[R]N1CCC(CC)CC1	06113	1.48	-0.682
[R]C(=O)c1cscn1	06114	0.342	0.328
[R]CC1CCN(C(C)=O)CC1	06115	0.373	-0.066
[R]S(F)(=O)=O	06116	-0.193	0.788
[R]C(=O)N1CCC(C(=O)OC)CC1	06117	-0.297	0.393
[R]S(=O)(=O)NCCC	06118	0.15	0.575
[R]NC(=O)C(C#N)=C(O)C1CC1	06119	-0.836	-0.324
[R]N(C)CCCCCCC(=O)NO	06120	0.817	-0.655
[R]Cc1ccc(O)c2ncccc12	06121	2.179	-0.041
[R]c2ccc(C(=O)NC1CC1)s2	06122	1.324	0.135
[R]OCC2COc1ccccc1O2	06123	1.243	-0.185
[R]N(C)CCC#N	06124	0.092	-0.514
[R]Nc1cc(C(F)F)ccn1	06125	1.042	-0.226
[R]C(=O)C(C#N)=C(O)C1CC1	06126	0.614	0.32
[R]c2ccc1ccc(N)nc1c2	06127	1.982	-0.017
[R]C=NNc2nc1ccccc1[nH]2	06128	1.558	0.097
[R]C(=O)Nc1ccc(F)c(F)c1F	06129	1.473	0.543
[R]c1ccncc1C#N	06130	0.701	0.258
[R]CC(CCC)C(O)=O	06131	1.675	-0.069
[R]c1cc(C(O)=O)ccc1C	06132	2.143	0.09
[R]c1ccc(OC)nn1	06133	1.059	0.219
[R]Nc1nnc(S)s1	06134	1.098	-0.204
[R]C(C)CCCc1cccnc1	06135	2.581	-0.104
[R]CN1CCSCC1	06136	0.28	-0.03
[R]NC1CC2CCC(C1)N2C	06137	0.113	-0.693
[R]Nc1cc(C)ccc1O	06138	1.674	-0.378
[R]Oc1ccc(C#N)c(Cl)c1	06139	2.223	0.09
[R]c1n[nH]c2ncccc12	06140	0.917	0.206
[R]NC(=O)C=Cc1ccc(C)cc1	06141	2.001	-0.321
[R]c1cnnn1C	06142	-0.136	0.192
[R]C(=O)C=CN(C)C	06143	1.038	0.189
[R]C(=O)CS(=O)(=O)c1ccccc1	06144	1.44	0.644
[R]c2ccc1nc(N)nc(O)c1c2	06145	1.557	0
[R]C(C#N)=C(O)C1CC1	06146	0.14	-0.046
[R]Cc1n[nH]c2ccccc12	06147	1.403	-0.052
[R]C(c1ccccc1)C(F)(F)F	06148	3.043	0.127
[R]c2nc1ccccc1c(=O)n2C	06149	1.33	0.464
[R]N1CCCC(C(N)=O)C1	06150	-0.637	-0.584
[R]NC1CCN(S(C)(=O)=O)CC1	06151	-0.685	-0.558
[R]OCc1cccs1	06152	0.986	-0.226
[R]c1ccc(S(C)(=O)=O)nc1C	06153	0.68	0.217
[R]Nc2ccc1OC(F)(F)Oc1c2	06154	2.532	-0.232
[R]C(=O)c1ccc(C#N)o1	06155	0.263	0.526
[R]C(=O)NNC(=O)c1cccs1	06156	0.13	0.477
[R]CNS(=O)(=O)C(F)(F)F	06157	1.233	0.209
[R]OC(=O)c1c(Cl)cccc1Cl	06158	2.688	-0.055
[R]Cc1csc(C(C)C)n1	06159	1.957	-0.077
[R]c1ccc(C)c(Br)c1	06160	3.236	0.024
[R]Nc1ccc(C(N)=N)cc1F	06161	0.636	-0.27
[R]C(=O)c1cccc2cccnc12	06162	1.604	0.364
[R]OCc2ccc1OCOc1c2	06163	1.448	-0.224
[R]C(C)(CO)CO	06164	-0.085	-0.142
[R]C1=NC(C(=O)NO)CO1	06165	-0.379	0.315
[R]C(=O)COc1ccc(CC)cc1	06166	2.906	0.567
[R]CCCN(CCCC)CCCC	06167	3.243	-0.126
[R]OCC1CCOC1	06168	-0.109	-0.213
[R]C(=O)N(C)c1ccc(Cl)cc1	06169	1.819	0.439
[R]NC(=O)c1ccc(C#N)o1	06170	-0.25	-0.152
[R]c2nc1ccc(N(=O)=O)cc1s2	06171	2.357	0.511
[R]C(=O)c1cc[nH]n1	06172	-0.224	0.369
[R]c1c[nH]c2c(N)ncnc12	06173	-0.356	-0.242
[R]N(C)CC1CC1	06174	0.742	-0.653
[R]Sc1nc(N)cc(O)n1	06175	0.889	-0.061
[R]c2ccc1c[nH]nc1c2	06176	1.241	-0.03
[R]NC(=O)CCC(=O)OC	06177	-1.088	-0.245
[R]N(CC)C1CCCCC1	06178	1.959	-0.686
[R]C(O)(c1cccs1)c2cccs2	06179	2.06	0.015
[R]Cc2ccc(n1cnnn1)cc2	06180	1.562	0.022
[R]S(=O)(=O)Nc1ccc(F)cc1F	06181	1.443	0.679
[R]NC(=O)C(CC)c1ccccc1	06182	1.893	-0.299
[R]OC(C(O)=O)c1ccccc1	06183	1.5	-0.15
[R]C(CC1CCC1)C(O)=O	06184	1.502	-0.025
[R]N1CCOc2ccccc12	06185	1.307	-0.429
[R]c1ccc(C(=O)C(F)(F)F)cc1	06186	2.397	0.187
[R]NC(=O)C(C)Oc1ccccc1	06187	1.13	-0.247
[R]N1CCC(C#N)CC1	06188	0.421	-0.566
[R]Oc1ccccc1O	06189	1.384	-0.072
[R]c1ccc(CCN)cc1	06190	1.346	-0.035
[R]OC(=O)OCC	06191	0.706	-0.006
[R]Nc2sc1CCCc1c2C#N	06192	2.06	-0.134
[R]C=NNC(=O)c1cccs1	06193	0.755	0.121
[R]CNC(=O)OC	06194	-0.138	0.136
[R]C(=S)NC(=O)c1ccc(C)cc1	06195	2.239	0.655
[R]C#Cc1ccc(Cl)cc1	06196	2.798	0.154
[R]c1ccc(S(N)(=O)=O)cc1Br	06197	1.622	0.239
[R]CC(N)CC(C)C	06198	1.27	-0.237
[R]c1ccc(C(=O)CC)cc1	06199	1.914	0.102
[R]C(=O)C(N)C1CCCCC1	06200	1.729	0.459
[R]n1c(=O)n(C)c2ccccc12	06201	0.649	0.029
[R]c1c[nH]c2ncc(Cl)cc12	06202	1.25	-0.093
[R]n1cnc2c(NC)nc(Cl)nc12	06203	0.807	0.086
[R]n1ncc(Cl)c(Cl)c1=O	06204	1.019	0.097
[R]NC(=O)c1cc(C)oc1C	06205	-0.743	-0.329
[R]C(=O)C=Cc1ccc(C)o1	06206	0.531	0.341
[R]OCC(=O)C(C)(C)C	06207	1.932	-0.19
[R]C(=S)NC(C)=O	06208	-0.141	0.663
[R]c1ccc(CCCCCC)cc1	06209	4.426	-0.047
[R]c1ccc(OCC)nc1	06210	1.454	-0.011
[R]C(=O)C(=O)N(C)C	06211	0.094	0.644
[R]c2cccc(C1CC1)c2	06212	2.667	-0.035
[R]N2Cc1ccc(C#N)cc1C2	06213	1.574	-0.514
[R]CNS(=O)(=O)c1cccs1	06214	0.94	0.087
[R]CON(=O)=O	06215	0.613	0.272
[R]COc1ccc(C)cc1C	06216	2.751	0.026
[R]OCc1c(F)cccc1Cl	06217	2.421	-0.245
[R]C(=O)N1CCNC(=O)C1	06218	-1.635	0.454
[R]C(C(O)=O)C(C)(C)C	06219	1.646	-0.039
[R]CC1CS1	06220	0.623	0.011
[R]c1cccc(OC(=O)NC)c1	06221	1.452	-0.008
[R]c1cnccc1C2CC2	06222	1.356	0.045
[R]C(=O)Nc1nc[nH]n1	06223	-0.748	0.443
[R]C1CCCCC1C(=O)NCC#N	06224	0.763	-0.191
[R]OC(=O)C(C)=CC	06225	1.12	-0.106
[R]c1ccc(F)c(F)c1C(F)(F)F	06226	3.139	0.236
[R]c1ccc(Cl)cc1C(O)=O	06227	2.194	0.011
[R]OCCOCCF	06228	-0.018	-0.264
[R]C(P(O)(O)=O)S(O)(=O)=O	06229	-0.155	0.216
[R]NC(C1CCCCC1)C(=O)NC	06230	0.688	-0.606
[R]CCCCn1ccnc1	06231	0.601	-0.041
[R]CCCCCS	06232	1.785	-0.103
[R]NC(=O)OCc1cncs1	06233	0.069	-0.205
[R]C(=O)COc1ccc(Cl)cc1C	06234	3.027	0.6
[R]NC(C)CCCc1cccnc1	06235	1.592	-0.626
[R]N(C)Cc1cccnc1	06236	0.496	-0.584
[R]C(CC(C)C)NC(=O)CN	06237	-0.058	0.068
[R]c2ccc(c1cccs1)s2	06238	3.003	0.035
[R]C(C1CCCCC1)C(=O)NC	06239	1.28	-0.129
[R]C1CCN(C(=O)CCC)CC1	06240	1.001	-0.06
[R]SCC(=O)N1CCC(C)CC1	06241	0.553	-0.022
[R]N1CCN(S(=O)(=O)CCC)CC1	06242	0.313	-0.56
[R]C(=O)NCCCCO	06243	-0.567	0.375
[R]C(C)OP(O)(O)=O	06244	0.927	0.117
[R]NC(=O)C(N)CC	06245	-0.808	-0.299
[R]c1cc(O)cc(F)c1	06246	1.833	0.117
[R]C(=O)C(OC)c1ccccc1	06247	2.233	0.477
[R]C1CCCN(C(=O)C=C)C1	06248	0.926	-0.008
[R]Sc1ccc(NC(C)=O)cc1	06249	0.861	-0.099
[R]c1cc(NC)ncn1	06250	0.693	0.222
[R]C(=O)Nc1ccc(C)cc1Br	06251	2.314	0.458
[R]C(=O)NNC(=O)c1ccccc1	06252	0.659	0.472
[R]NC(=O)OCc1ccccn1	06253	0.329	-0.212
[R]CCCCCC(F)(F)F	06254	3.003	-0.084
[R]C(S)=NCCCC	06255	1.858	0.189
[R]C(=O)CC(=O)OCC	06256	0.772	0.522
[R]SCC(=O)c1cccs1	06257	0.866	-0.008
[R]CN(C)C(C)=O	06258	-0.517	0.002
[R]c2nc1c(=O)[nH]c(N)nc1[nH]2	06259	-0.562	0.242
[R]c1c(C(O)=O)[nH]c2ccccc12	06260	1.213	0.04
[R]Cc1cccc(OC)c1O	06261	1.837	-0.082
[R]S(C)(=N)=O	06262	-0.018	0.641
[R]CCN(C)CCc1ccccn1	06263	1.228	-0.112
[R]C(=O)c2cc1ccccn1n2	06264	0.847	0.415
[R]c1ccc(C(=O)NC)c(F)c1	06265	1.197	0.149
[R]C(=O)N1CCCC1C(=O)NCC	06266	-0.594	0.32
[R]C(N)C(=O)N1CCCCC1	06267	-0.503	0.073
[R]CCN1CCN(C(C)=O)CC1	06268	-0.464	-0.06
[R]S(=O)c1ccccc1	06269	0.875	0.192
[R]c1cc(Br)cc(Br)c1	06270	3.561	0.141
[R]C(C)c1ccc(F)cn1	06271	1.699	-0.011
[R]OC(CF)CF	06272	0.378	-0.226
[R]C(Cl)=Cc1ccccc1	06273	2.287	0.155
[R]CSc1ccc(Br)cc1	06274	2.952	0.108
[R]NC(=O)CSc1ccc(Cl)cc1	06275	1.454	-0.202
[R]c1cccnc1O	06276	1.08	0.03
[R]c1ccc(OC)cc1CC	06277	2.588	-0.101
[R]S(F)(F)(F)(F)F	06278	1.5	0.625
